id,pub_author,pub_year,pub_type_raw,strand_raw,out_out_type_tool,smd_tool,se_tool,out_es_type,out_tit,out_comp,out_samp,out_measure,out_test_type_raw,out_out_type_red,smd_red,se_red,out_out_type_wri,smd_wri,se_wri,out_out_type_math,smd_math,se_math,out_out_type_sci,smd_sci,se_sci,out_out_type_fsm,smd_fsm,se_fsm,sample_analysed_info,school_total_info,class_total_info,int_setting_raw,part_age_raw,fsm_50,fsm_perc_info,loc_country_raw,int_desig_raw,int_approach_raw,int_training_raw,digit_tech_raw,parent_partic_raw,int_when_raw,int_who_raw,int_dur_info,int_freq_info,int_leng_info,out_strand,bi_targ_group,bi_int_approach,bi_int_components,bi_components_counselling,bi_components_monitoring,bi_components_self,bi_components_roleplay,bi_components_parentalinv,bi_academic,bi_components_digital
40134380,Arbuthnot (1986),1986,['Journal article'],['Behaviour interventions'],"['Toolkit primary outcome', 'Other outcome']",0.6763,0.3156,['Post-test adjusted for baseline attainment'],GPA (Grades),With business as usual,['Sample: All'],Literacy  reading other,['Test type: School-developed test'],NA,NA,NA,NA,NA,NA,NA,NA,NA,NA,NA,NA,NA,NA,NA,48,4,NA,['Secondary/High school'],"['13', '14', '15', '16', '17']",NA,NA,['USA'],['Prospective QED'],['Large group/class teaching (+6)'],['Yes (Please specify)'],['No'],['No'],['During regular school hours '],['Research staff'],18,1,45,['Toolkit: Behaviour interventions'],['Selected or pull out (individual or small group)'],['Anger management/ behavioural treatment'],"['Counselling, discussion or therapy', 'Role play and/or rehearsal']","['Counselling, discussion or therapy']",NA,NA,['Role play and/or rehearsal'],NA,NA,NA
40134437,Bar-Lev (1976),1976,['Dissertation or thesis'],['Behaviour interventions'],"['Toolkit primary outcome', 'Reading primary outcome', 'Mathematics primary outcome']",0.2712,0.3075,['Post-test unadjusted (select one from this group)'],Metropolitan Achievement Test - Behaviour,With business as usual,['Sample: All'],Combined subjects,['Test type: Standardised test '],"['Toolkit primary outcome', 'Reading primary outcome', 'Mathematics primary outcome']",0.2712,0.3075,NA,NA,NA,"['Toolkit primary outcome', 'Reading primary outcome', 'Mathematics primary outcome']",0.2712,0.3075,NA,NA,NA,NA,NA,NA,48,1,NA,['Primary/elementary school'],"['8', '9', '10', '11', '12', '13', '14']",NA,NA,['USA'],['Individual RCT'],['Other (Explain in notes)'],['Yes (Please specify)'],['No'],['Yes'],['Other (please specify)'],['Parents/carers'],6,5,30,"['Toolkit: Behaviour interventions', 'Toolkit: Parental engagement']",['Universal/ whole class'],['Anger management/ behavioural treatment'],"['Monitoring and/ or feedback', 'Parental/ family involvement']",NA,['Monitoring and/ or feedback'],NA,NA,['Parental/ family involvement'],NA,NA
40134223,Barkley (2000),2000,['Journal article'],['Behaviour interventions'],"['Toolkit primary outcome', 'Writing and spelling primary outcome.']",0.2361,0.2315,['Post-test adjusted for baseline attainment'],WJ achievement test in literacy - Behaviour Intervention,With business as usual,['Sample: All'],Literacy  spelling,['Test type: Standardised test '],NA,NA,NA,NA,NA,NA,NA,NA,NA,['Science primary outcome'],0.2454,0.2316,NA,NA,NA,79,2,NA,['Primary/elementary school'],"['5', '6']",NA,NA,['USA'],['Individual RCT'],['Large group/class teaching (+6)'],['Yes (Please specify)'],['Yes'],['Yes'],['During regular school hours '],['External teachers'],40,5,360,['Toolkit: Behaviour interventions'],['Selected or pull out (individual or small group)'],['Anger management/ behavioural treatment'],"['Counselling, discussion or therapy', 'Monitoring and/ or feedback', 'Academic focus (coaching, mentoring or tutoring)', 'Digital technology', 'Parental/ family involvement']","['Counselling, discussion or therapy']",['Monitoring and/ or feedback'],NA,NA,['Parental/ family involvement'],"['Academic focus (coaching, mentoring or tutoring)']",['Digital technology']
40134447,Bestland (1967),1967,['Dissertation or thesis'],['Behaviour interventions'],"['Toolkit primary outcome', 'Other outcome']",0.1811,0.232,['Post-test unadjusted (select one from this group)'],ACADEMIC GRADE POINT AVERAGE - Point O3,With business as usual,['Sample: Low achievers'],Cognitive  other,['Test type: National test'],NA,NA,NA,NA,NA,NA,NA,NA,NA,NA,NA,NA,NA,NA,NA,75,4,NA,"['Middle school', 'Secondary/High school']","['12', '13', '14', '15', '16', '17', '18']",NA,NA,['USA'],['Individual RCT'],['Large group/class teaching (+6)'],['No'],['No'],['No'],['During regular school hours '],['Other school staff'],8,2,60,['Toolkit: Behaviour interventions'],['Selected or pull out (individual or small group)'],['Social skills / social problem solving'],"['Counselling, discussion or therapy']","['Counselling, discussion or therapy']",NA,NA,NA,NA,NA,NA
40134170,Blackburn (2007),2007,['Dissertation or thesis'],['Behaviour interventions'],"['Toolkit primary outcome', 'Reading primary outcome']",0.5123,0.1598,['Post-test unadjusted (select one from this group)'],DRP  Reading - Beh.Int.,With business as usual,['Sample: Low achievers'],Literacy  reading other,['Test type: Standardised test '],"['Toolkit primary outcome', 'Reading primary outcome']",0.5123,0.1598,NA,NA,NA,NA,NA,NA,NA,NA,NA,NA,NA,NA,NA,1,NA,['Middle school'],"['11', '12', '13', '14', '15']",NA,NA,['USA'],['Individual RCT'],['Large group/class teaching (+6)'],['Unclear/ Not specified'],['No'],['No'],['During regular school hours '],['External teachers'],8,1,42,['Toolkit: Behaviour interventions'],['Selected or pull out (individual or small group)'],['Social skills / social problem solving'],"['Counselling, discussion or therapy', 'Self-management techniques', 'Role play and/or rehearsal']","['Counselling, discussion or therapy']",NA,['Self-management techniques'],['Role play and/or rehearsal'],NA,NA,NA
43090114,Block (1978) 1_2,1978,['Journal article'],['Behaviour interventions'],"['Toolkit primary outcome', 'Reading primary outcome', 'Mathematics primary outcome']",0.0716,0.4332,['Post-test unadjusted (select one from this group)'],GPA-posttest (means/SDs) HRT vs Control,With business as usual,['Sample: All'],Combined subjects,['Test type: School-developed test'],"['Toolkit primary outcome', 'Reading primary outcome', 'Mathematics primary outcome']",0.0716,0.4332,NA,NA,NA,"['Toolkit primary outcome', 'Reading primary outcome', 'Mathematics primary outcome']",0.0716,0.4332,NA,NA,NA,NA,NA,NA,16,1,NA,['Secondary/High school'],"['16', '17', '18']",NA,NA,['USA'],['Individual RCT'],['Large group/class teaching (+6)'],['Yes (Please specify)'],['No'],['No'],['During regular school hours '],['External teachers'],5,1,NA,['Toolkit: Behaviour interventions'],['Selected or pull out (individual or small group)'],['Anger management/ behavioural treatment'],"['Counselling, discussion or therapy']","['Counselling, discussion or therapy']",NA,NA,NA,NA,NA,NA
40134452,Block 1 (1978) 1_1,1978,['Journal article'],['Behaviour interventions'],"['Toolkit primary outcome', 'Reading primary outcome', 'Mathematics primary outcome']",2.2349,0.5586,['Post-test unadjusted (select one from this group)'],GPA-REE vs Control groups (posttest),With business as usual,['Sample: All'],Combined subjects,['Test type: School-developed test'],"['Toolkit primary outcome', 'Reading primary outcome', 'Mathematics primary outcome']",2.2349,0.5586,NA,NA,NA,"['Toolkit primary outcome', 'Reading primary outcome', 'Mathematics primary outcome']",2.2349,0.5586,NA,NA,NA,NA,NA,NA,24,1,NA,['Secondary/High school'],"['16', '17', '15']",NA,NA,['USA'],['Individual RCT'],['Large group/class teaching (+6)'],['Yes (Please specify)'],['No'],['No'],['During regular school hours '],['External teachers'],12,5,45,['Toolkit: Behaviour interventions'],['Selected or pull out (individual or small group)'],['Anger management/ behavioural treatment'],"['Self-management techniques', 'Role play and/or rehearsal']",NA,NA,['Self-management techniques'],['Role play and/or rehearsal'],NA,NA,NA
40134478,Burcham (2002),2002,['Dissertation or thesis'],['Behaviour interventions'],"['Toolkit primary outcome', 'Reading primary outcome', 'Mathematics primary outcome']",0.4,0.24,['Post-test adjusted for baseline attainment'],GPA-phase 1 (f-test),With business as usual,['Sample: All'],Combined subjects,['Test type: School-developed test'],"['Toolkit primary outcome', 'Reading primary outcome', 'Mathematics primary outcome']",0.4,0.24,NA,NA,NA,"['Toolkit primary outcome', 'Reading primary outcome', 'Mathematics primary outcome']",0.4,0.24,NA,NA,NA,NA,NA,NA,71,2,NA,['Middle school'],"['12', '13', '14']",NA,NA,['USA'],['Individual RCT'],['Large group/class teaching (+6)'],['No'],['No'],['No'],['During regular school hours '],"['External teachers', 'Research staff']",30,1,50,['Toolkit: Behaviour interventions'],['Selected or pull out (individual or small group)'],['Social skills / social problem solving'],"['Counselling, discussion or therapy', 'Monitoring and/ or feedback', 'Self-management techniques', 'Role play and/or rehearsal']","['Counselling, discussion or therapy']",['Monitoring and/ or feedback'],['Self-management techniques'],['Role play and/or rehearsal'],NA,NA,NA
40134481,Camp (1977),1977,['Journal article'],['Behaviour interventions'],"['Toolkit primary outcome', 'Other outcome']",0.0,0.4282,NA,School Behavior Checklist (SBCL),With business as usual,NA,Cognitive  other,['Test type: Standardised test '],NA,NA,NA,NA,NA,NA,NA,NA,NA,NA,NA,NA,NA,NA,NA,23,15,NA,['Primary/elementary school'],"['7', '8']",NA,NA,['USA'],['Individual RCT'],['One to one'],['Yes (Please specify)'],['No'],['No'],['During regular school hours '],['Class teachers'],6,5,30,"['Toolkit: Behaviour interventions', 'Toolkit: One to one tuition']",['Selected or pull out (individual or small group)'],['Anger management/ behavioural treatment'],"['Self-management techniques', 'Role play and/or rehearsal']",NA,NA,['Self-management techniques'],['Role play and/or rehearsal'],NA,NA,NA
40134230,Coie (1984),1984,['Journal article'],"['Behaviour interventions', 'Social and emotional learning']","['Toolkit primary outcome', 'Reading primary outcome']",0.452,0.4543,['Post-test adjusted for baseline attainment'],California Achievement Test (Reading Comprehension),With business as usual,['Sample: Low achievers'],Literacy  reading comprehension,['Test type: Standardised test '],"['Toolkit primary outcome', 'Reading primary outcome']",0.452,0.4543,NA,NA,NA,NA,NA,NA,NA,NA,NA,NA,NA,NA,20,7,16,['Primary/elementary school'],"['8', '9', '10']",NA,NA,['USA'],['Multisite RCT'],"['Small group/intensive support (3-5)', 'One to one']",['Yes (Please specify)'],['No'],['No'],"['During regular school hours ', 'Before/after school']",['Research staff'],12,1,45,['Toolkit: Social and emotional learning'],['Selected or pull out (individual or small group)'],['Social skills / social problem solving'],"['Counselling, discussion or therapy', 'Monitoring and/ or feedback', 'Role play and/or rehearsal']","['Counselling, discussion or therapy']",['Monitoring and/ or feedback'],NA,['Role play and/or rehearsal'],NA,NA,NA
40134173,Coleman (2009),2009,['Dissertation or thesis'],['Behaviour interventions'],"['Toolkit primary outcome', 'Reading primary outcome']",-0.0987,0.272,['Pre-post gain'],CST reading- Beh. Int.,With business as usual,['Sample: All'],Literacy  reading other,['Test type: Standardised test '],"['Toolkit primary outcome', 'Reading primary outcome']",-0.0987,0.272,NA,NA,NA,['Mathematics primary outcome'],0.1335,0.2721,NA,NA,NA,NA,NA,NA,81,3,NA,['Middle school'],"['13', '14']",NA,NA,['USA'],['Prospective QED'],"['Student alone (self-administered)', 'Small group/intensive support (3-5)', 'One to one']",['Unclear/ Not specified'],['Yes'],['No'],"['During regular school hours ', 'Evenings and/or weekends']","['Class teachers', 'Other school staff', 'Digital technology']",38,3,NA,['Toolkit: Behaviour interventions'],['Selected or pull out (individual or small group)'],['Anger management/ behavioural treatment'],"['Counselling, discussion or therapy', 'Monitoring and/ or feedback', 'Self-management techniques', 'Academic focus (coaching, mentoring or tutoring)', 'Digital technology']","['Counselling, discussion or therapy']",['Monitoring and/ or feedback'],['Self-management techniques'],NA,NA,"['Academic focus (coaching, mentoring or tutoring)']",['Digital technology']
40134496,Conduct (1999),1999,['Journal article'],['Behaviour interventions'],"['Toolkit primary outcome', 'Other outcome']",-0.037,0.023,['Post-test unadjusted (select one from this group)'],TOCA-R Cognitive Concentration,With business as usual,['Sample: All'],Cognitive  other,['Test type: Researcher developed test'],NA,NA,NA,NA,NA,NA,NA,NA,NA,NA,NA,NA,NA,NA,NA,6715,48,378,['Primary/elementary school'],"['6', '7']",NA,NA,['USA'],['Cluster RCT'],['Large group/class teaching (+6)'],['Yes (Please specify)'],['No'],['Yes'],['During regular school hours '],['Class teachers'],36,2.5,25,['Toolkit: Behaviour interventions'],['Universal/ whole class'],"['Social skills / social problem solving', 'Anger management/ behavioural treatment']","['Parental/ family involvement', 'Counselling, discussion or therapy', 'Monitoring and/ or feedback', 'Self-management techniques', 'Role play and/or rehearsal']","['Counselling, discussion or therapy']",['Monitoring and/ or feedback'],['Self-management techniques'],['Role play and/or rehearsal'],['Parental/ family involvement'],NA,NA
40134147,Conduct (2002),2002,['Journal article'],"['Behaviour interventions', 'Social and emotional learning']","['Toolkit primary outcome', 'Reading primary outcome']",0.0697,0.067,['Post-test adjusted for baseline attainment'],Spache Reading - Be. Int.h,With business as usual,['Sample: Low achievers'],Literacy  reading comprehension,['Test type: Standardised test '],"['Toolkit primary outcome', 'Reading primary outcome']",0.0697,0.067,NA,NA,NA,['Mathematics primary outcome'],0.0248,0.067,NA,NA,NA,NA,NA,NA,891,54,401,['Primary/elementary school'],"['6', '7', '8', '9']",FALSE,35.0,['USA'],['Cluster RCT'],"['Small group/intensive support (3-5)', 'Large group/class teaching (+6)']",['Yes (Please specify)'],['No'],['Yes'],"['During regular school hours ', 'Evenings and/or weekends']","['Class teachers', 'External teachers', 'Teaching assistants']",114,3,50,['Toolkit: Social and emotional learning'],['Selected or pull out (individual or small group)'],['Social skills / social problem solving'],"['Counselling, discussion or therapy', 'Monitoring and/ or feedback', 'Self-management techniques', 'Role play and/or rehearsal', 'Parental/ family involvement']","['Counselling, discussion or therapy']",['Monitoring and/ or feedback'],['Self-management techniques'],['Role play and/or rehearsal'],['Parental/ family involvement'],NA,NA
40134500,D'Elio (1982) 1_1,1982,['Dissertation or thesis'],['Behaviour interventions'],"['Toolkit primary outcome', 'Reading primary outcome']",-0.0915,0.1303,['Post-test adjusted for baseline attainment'],Metropolitan Achievement Test  on Reading Comprehension- Behaviour Intervention,With business as usual,['Sample: All'],Literacy  reading comprehension,['Test type: Standardised test '],"['Toolkit primary outcome', 'Reading primary outcome']",-0.0915,0.1303,NA,NA,NA,NA,NA,NA,NA,NA,NA,NA,NA,NA,472,NA,NA,['Middle school'],"['13', '14', '15']",NA,NA,['USA'],['Individual RCT'],['Large group/class teaching (+6)'],['Yes (Please specify)'],['No'],['No'],['During regular school hours '],['External teachers'],40,2,45,['Toolkit: Behaviour interventions'],['Selected or pull out (individual or small group)'],['Anger management/ behavioural treatment'],"['Counselling, discussion or therapy', 'Monitoring and/ or feedback', 'Role play and/or rehearsal']","['Counselling, discussion or therapy']",['Monitoring and/ or feedback'],NA,['Role play and/or rehearsal'],NA,NA,NA
43090137,D'Elio (1982) 1_2,1982,['Dissertation or thesis'],['Behaviour interventions'],"['Toolkit primary outcome', 'Reading primary outcome']",0.0499,0.1299,['Post-test adjusted for baseline attainment'],Metropolitan Achievement Test for Reading Comprehension - Behaviour Intervention,With business as usual,['Sample: All'],Literacy  reading comprehension,['Test type: Standardised test '],"['Toolkit primary outcome', 'Reading primary outcome']",0.0499,0.1299,NA,NA,NA,NA,NA,NA,NA,NA,NA,NA,NA,NA,472,NA,NA,['Secondary/High school'],"['13', '14', '15']",NA,NA,['USA'],['Individual RCT'],['Small group/intensive support (3-5)'],['Yes (Please specify)'],['No'],['Yes'],['Unclear/ not specified'],['External teachers'],40,2,45,['Toolkit: Behaviour interventions'],['Family group'],['Social skills / social problem solving'],"['Role play and/or rehearsal', 'Counselling, discussion or therapy', 'Self-management techniques', 'Parental/ family involvement']","['Counselling, discussion or therapy']",NA,['Self-management techniques'],['Role play and/or rehearsal'],['Parental/ family involvement'],NA,NA
43090136,D'Elio (1982) 1_3,1982,['Dissertation or thesis'],['Behaviour interventions'],"['Toolkit primary outcome', 'Reading primary outcome']",-0.2562,0.1305,['Post-test adjusted for baseline attainment'],Metropolitan Achievement Test for Reading Comprehension - Behaviour Intervention,With business as usual,['Sample: All'],Literacy  reading comprehension,['Test type: Standardised test '],"['Toolkit primary outcome', 'Reading primary outcome']",-0.2562,0.1305,NA,NA,NA,NA,NA,NA,NA,NA,NA,NA,NA,NA,472,NA,NA,['Secondary/High school'],"['13', '14', '15']",NA,NA,['USA'],['Individual RCT'],['Small group/intensive support (3-5)'],['Yes (Please specify)'],['No'],['No'],['During regular school hours '],['Class teachers'],40,2,45,['Toolkit: Behaviour interventions'],['Selected or pull out (individual or small group)'],['Social skills / social problem solving'],"['Counselling, discussion or therapy', 'Self-management techniques', 'Role play and/or rehearsal']","['Counselling, discussion or therapy']",NA,['Self-management techniques'],['Role play and/or rehearsal'],NA,NA,NA
40134513,Dolan (1993) 1_1,1993,['Journal article'],"['Behaviour interventions', 'Mastery learning']","['Toolkit primary outcome', 'Reading primary outcome']",0.1724,0.1525,['Post-test unadjusted (select one from this group)'],CAT reading - ML vs Int. Boys,With business as usual,['Sample: All'],Literacy  reading comprehension,['Test type: Standardised test '],"['Toolkit primary outcome', 'Reading primary outcome']",0.1724,0.1525,NA,NA,NA,NA,NA,NA,NA,NA,NA,NA,NA,NA,176,19,16,['Primary/elementary school'],"['6', '7']",NA,NA,['USA'],['Cluster RCT'],['Large group/class teaching (+6)'],['Yes (Please specify)'],['No'],['No'],['During regular school hours '],['Class teachers'],38,NA,NA,['Toolkit: Behaviour interventions'],['Universal/ whole class'],"['Anger management/ behavioural treatment', 'Other (please specify)']","['Monitoring and/ or feedback', 'Academic focus (coaching, mentoring or tutoring)']",NA,['Monitoring and/ or feedback'],NA,NA,NA,"['Academic focus (coaching, mentoring or tutoring)']",NA
43090142,Dolan (1993) 1_2,1993,['Journal article'],"['Behaviour interventions', 'Mastery learning']","['Toolkit primary outcome', 'Reading primary outcome']",0.0951,0.1482,['Post-test unadjusted (select one from this group)'],CAT  Reading -ML vs Int.Girls,With business as usual,['Sample: All'],Literacy  reading comprehension,['Test type: Standardised test '],"['Toolkit primary outcome', 'Reading primary outcome']",0.0951,0.1482,NA,NA,NA,NA,NA,NA,NA,NA,NA,NA,NA,NA,186,2,16,['Primary/elementary school'],"['6', '7']",NA,NA,['USA'],['Cluster RCT'],['Large group/class teaching (+6)'],['Yes (Please specify)'],['No'],['No'],['During regular school hours '],['Class teachers'],38,NA,NA,['Toolkit: Behaviour interventions'],['Universal/ whole class'],['Other (please specify)'],"['Monitoring and/ or feedback', 'Academic focus (coaching, mentoring or tutoring)']",NA,['Monitoring and/ or feedback'],NA,NA,NA,"['Academic focus (coaching, mentoring or tutoring)']",NA
43090141,Dolan (1993) 1_3,1993,['Journal article'],"['Behaviour interventions', 'Mastery learning']","['Toolkit primary outcome', 'Reading primary outcome']",0.5292,0.1425,['Post-test unadjusted (select one from this group)'],CAT  reading - ML vs Ext. Boys,With business as usual,['Sample: All'],Literacy  reading comprehension,['Test type: Standardised test '],"['Toolkit primary outcome', 'Reading primary outcome']",0.5292,0.1425,NA,NA,NA,NA,NA,NA,NA,NA,NA,NA,NA,NA,204,19,21,['Primary/elementary school'],"['6', '7']",NA,NA,['USA'],['Cluster RCT'],['Large group/class teaching (+6)'],['Yes (Please specify)'],['No'],['No'],['During regular school hours '],['Class teachers'],38,NA,NA,['Toolkit: Behaviour interventions'],['Universal/ whole class'],['Other (please specify)'],"['Academic focus (coaching, mentoring or tutoring)', 'Monitoring and/ or feedback']",NA,['Monitoring and/ or feedback'],NA,NA,NA,"['Academic focus (coaching, mentoring or tutoring)']",NA
43090140,Dolan (1993) 1_4,1993,['Journal article'],"['Behaviour interventions', 'Mastery learning']","['Toolkit primary outcome', 'Reading primary outcome']",0.5482,0.1393,['Post-test unadjusted (select one from this group)'],CAT  Reading -ML vs Ext. G,With business as usual,['Sample: All'],Literacy  reading comprehension,['Test type: Standardised test '],"['Toolkit primary outcome', 'Reading primary outcome']",0.5482,0.1393,NA,NA,NA,NA,NA,NA,NA,NA,NA,NA,NA,NA,214,19,21,['Primary/elementary school'],"['6', '7']",NA,NA,['USA'],['Cluster RCT'],['Large group/class teaching (+6)'],['Yes (Please specify)'],['No'],['No'],['During regular school hours '],['Class teachers'],38,NA,NA,['Toolkit: Behaviour interventions'],['Universal/ whole class'],['Other (please specify)'],"['Monitoring and/ or feedback', 'Academic focus (coaching, mentoring or tutoring)']",NA,['Monitoring and/ or feedback'],NA,NA,NA,"['Academic focus (coaching, mentoring or tutoring)']",NA
40134515,Downing (1977),1977,['Journal article'],['Behaviour interventions'],"['Toolkit primary outcome', 'Reading primary outcome']",0.4841,0.3747,['Post-test unadjusted (select one from this group)'],Peabody Individual Achievement Test (PIAT) Reading Comprehension,With business as usual,['Sample: Low achievers'],Literacy  reading comprehension,['Test type: Standardised test '],"['Toolkit primary outcome', 'Reading primary outcome']",0.4841,0.3747,NA,NA,NA,['Mathematics primary outcome'],0.7518,0.3822,NA,NA,NA,NA,NA,NA,33,2,NA,['Middle school'],"['11', '12']",NA,NA,['USA'],['Multisite RCT'],['Large group/class teaching (+6)'],['Unclear/ Not specified'],['No'],['No'],['During regular school hours '],['External teachers'],10,1,60,['Toolkit: Behaviour interventions'],['Selected or pull out (individual or small group)'],['Anger management/ behavioural treatment'],"['Counselling, discussion or therapy', 'Monitoring and/ or feedback']","['Counselling, discussion or therapy']",['Monitoring and/ or feedback'],NA,NA,NA,NA,NA
40134521,Durlak (1977),1977,['Journal article'],['Behaviour interventions'],"['Toolkit primary outcome', 'Other outcome']",0.9675,0.2276,['Post-test unadjusted (select one from this group)'],AML,With business as usual,['Sample: Low achievers'],Curriculum  other,['Test type: Researcher developed test'],NA,NA,NA,NA,NA,NA,NA,NA,NA,NA,NA,NA,NA,NA,NA,91,3,NA,['Primary/elementary school'],"['7', '8']",NA,NA,['Germany'],['Regression Discontinuity - not randomised'],"['Small group/intensive support (3-5)', 'Large group/class teaching (+6)']",['Yes (Please specify)'],['No'],['No'],['During regular school hours '],"['Class teachers', 'Teaching assistants']",8,1,60,['Toolkit: Behaviour interventions'],['Selected or pull out (individual or small group)'],['Other (please specify)'],"['Counselling, discussion or therapy', 'Self-management techniques']","['Counselling, discussion or therapy']",NA,['Self-management techniques'],NA,NA,NA,NA
40134538,Eron (2002) 1_1,2002,['Journal article'],['Behaviour interventions'],"['Toolkit primary outcome', 'Other outcome']",0.1754,0.0849,['Post-test unadjusted (select one from this group)'],Rank on ITBS/CAT  Level A – behave.interv.,With business as usual,['Sample: Low achievers'],Combined subjects,['Test type: Standardised test '],NA,NA,NA,NA,NA,NA,NA,NA,NA,NA,NA,NA,NA,NA,NA,1518,16,NA,['Primary/elementary school'],"['7', '8', '9', '10', '11']",NA,NA,['USA'],['Cluster RCT'],['Large group/class teaching (+6)'],['Yes (Please specify)'],['No'],['No'],['During regular school hours '],['Class teachers'],76,1.18,NA,['Toolkit: Behaviour interventions'],['Selected or pull out (individual or small group)'],['Anger management/ behavioural treatment'],"['Monitoring and/ or feedback', 'Self-management techniques', 'Academic focus (coaching, mentoring or tutoring)']",NA,['Monitoring and/ or feedback'],['Self-management techniques'],NA,NA,"['Academic focus (coaching, mentoring or tutoring)']",NA
43090146,Eron (2002) 1_2,2002,['Journal article'],['Behaviour interventions'],"['Toolkit primary outcome', 'Other outcome']",0.1924,0.0871,['Pre-post gain'],Rank on ITBS/CAT  Level B – behav.interv.,With business as usual,['Sample: Low achievers'],Combined subjects,['Test type: Standardised test '],NA,NA,NA,NA,NA,NA,NA,NA,NA,NA,NA,NA,NA,NA,NA,847,16,NA,['Primary/elementary school'],"['6', '7', '8', '9', '10', '11', '12']",NA,NA,['USA'],['Cluster RCT'],['Small group/intensive support (3-5)'],['Yes (Please specify)'],['No'],['No'],['During regular school hours '],['Class teachers'],76,0.89,NA,['Toolkit: Behaviour interventions'],['Selected or pull out (individual or small group)'],['Anger management/ behavioural treatment'],"['Self-management techniques', 'Academic focus (coaching, mentoring or tutoring)']",NA,NA,['Self-management techniques'],NA,NA,"['Academic focus (coaching, mentoring or tutoring)']",NA
43090145,Eron (2002) 1_3,2002,['Journal article'],['Behaviour interventions'],"['Toolkit primary outcome', 'Other outcome']",0.3996,0.0896,['Pre-post gain'],Rank on ITBS/CAT  Level C – behav.interv.,With business as usual,['Sample: Low achievers'],Combined subjects,['Test type: Standardised test '],NA,NA,NA,NA,NA,NA,NA,NA,NA,NA,NA,NA,NA,NA,NA,807,16,NA,['Primary/elementary school'],"['6', '7', '8', '9', '10', '11', '12']",NA,NA,['USA'],['Cluster RCT'],"['Small group/intensive support (3-5)', 'Large group/class teaching (+6)']",['Yes (Please specify)'],['No'],['Yes'],['During regular school hours '],['Class teachers'],80,0.5,NA,['Toolkit: Behaviour interventions'],['Selected or pull out (individual or small group)'],['Anger management/ behavioural treatment'],"['Self-management techniques', 'Parental/ family involvement', 'Academic focus (coaching, mentoring or tutoring)']",NA,NA,['Self-management techniques'],NA,['Parental/ family involvement'],"['Academic focus (coaching, mentoring or tutoring)']",NA
40134415,Flay (2001),2001,['Journal article'],['Behaviour interventions'],"['Toolkit primary outcome', 'Reading primary outcome']",0.6347,0.011,['Post-test unadjusted (select one from this group)'],Overall ES - Reading (CTBS & SAT),With business as usual,['Sample: All'],Literacy  reading comprehension,['Test type: Standardised test '],"['Toolkit primary outcome', 'Reading primary outcome']",0.6347,0.011,NA,NA,NA,['Mathematics primary outcome'],0.8462,0.0112,NA,NA,NA,NA,NA,NA,12736,60,NA,['Primary/elementary school'],['9'],NA,NA,['USA'],['Prospective QED'],['Large group/class teaching (+6)'],['Yes (Please specify)'],['No'],['Yes'],['During regular school hours '],['Class teachers'],35,4,20,['Toolkit: Behaviour interventions'],['Universal/ whole class'],['Anger management/ behavioural treatment'],"['Self-management techniques', 'Academic focus (coaching, mentoring or tutoring)']",NA,NA,['Self-management techniques'],NA,NA,"['Academic focus (coaching, mentoring or tutoring)']",NA
40134384,Freiden (2005),2005,['Dissertation or thesis'],['Behaviour interventions'],"['Toolkit primary outcome', 'Other outcome']",0.1774,0.2415,['Post-test unadjusted (select one from this group)'],Freiden (2005) - GPA score,With business as usual,['Sample: All'],Combined subjects,['Test type: School-developed test'],NA,NA,NA,NA,NA,NA,NA,NA,NA,NA,NA,NA,NA,NA,NA,72,1,NA,['Secondary/High school'],"['14', '15', '16', '17', '18']",NA,NA,['USA'],['Individual RCT'],['Large group/class teaching (+6)'],['No'],['No'],['No'],['Unclear/ not specified'],['Other school staff'],4,2,NA,['Toolkit: Behaviour interventions'],['Selected or pull out (individual or small group)'],['Anger management/ behavioural treatment'],"['Monitoring and/ or feedback', 'Self-management techniques']",NA,['Monitoring and/ or feedback'],['Self-management techniques'],NA,NA,NA,NA
40134560,Friedman (1977),1977,['Journal article'],['Behaviour interventions'],"['Toolkit primary outcome', 'Other outcome']",1.3105,0.4174,NA,GPA social/science,With business as usual,['Sample: Low achievers'],Social Studies,['Test type: School-developed test'],NA,NA,NA,NA,NA,NA,NA,NA,NA,NA,NA,NA,NA,NA,NA,60,1,NA,['Middle school'],"['12', '13', '14']",NA,NA,['USA'],['Prospective QED'],['Large group/class teaching (+6)'],['Yes (Please specify)'],['No'],['Yes'],"['During regular school hours ', 'Before/after school']",['Class teachers'],40,2,50,['Toolkit: Behaviour interventions'],['Universal/ whole class'],['Anger management/ behavioural treatment'],"['Monitoring and/ or feedback', 'Self-management techniques', 'Parental/ family involvement', 'Academic focus (coaching, mentoring or tutoring)']",NA,['Monitoring and/ or feedback'],['Self-management techniques'],NA,['Parental/ family involvement'],"['Academic focus (coaching, mentoring or tutoring)']",NA
40134559,Friedman (1992),1992,['Dissertation or thesis'],['Behaviour interventions'],"['Toolkit primary outcome', 'Mathematics primary outcome']",-0.0393,0.378,['Post-test adjusted for baseline attainment'],WRAT Arithmetic Test - Behaviour Intervention,With business as usual,['Sample: Average'],Mathematics,['Test type: Standardised test '],NA,NA,NA,NA,NA,NA,"['Toolkit primary outcome', 'Mathematics primary outcome']",-0.0393,0.378,NA,NA,NA,NA,NA,NA,28,NA,NA,"['Middle school', 'Secondary/High school']","['12', '13', '14', '15', '16', '17']",NA,NA,['USA'],['Individual RCT'],['Large group/class teaching (+6)'],['Yes (Please specify)'],['No'],['No'],['During regular school hours '],['Class teachers'],7,5,40,['Toolkit: Behaviour interventions'],['Selected or pull out (individual or small group)'],['Anger management/ behavioural treatment'],"['Monitoring and/ or feedback', 'Self-management techniques', 'Academic focus (coaching, mentoring or tutoring)']",NA,['Monitoring and/ or feedback'],['Self-management techniques'],NA,NA,"['Academic focus (coaching, mentoring or tutoring)']",NA
40134561,Friesen (1984) 1_1,1984,['Journal article'],['Behaviour interventions'],"['Toolkit primary outcome', 'Reading primary outcome']",0.424,0.3861,['Post-test adjusted for baseline attainment'],New Developmental Reading Test (F-test) - Behaviour Intervention,With business as usual,['Sample: Low achievers'],Literacy  reading comprehension,['Test type: Standardised test '],"['Toolkit primary outcome', 'Reading primary outcome']",0.424,0.3861,NA,NA,NA,NA,NA,NA,NA,NA,NA,NA,NA,NA,16,4,NA,['Primary/elementary school'],"['5', '6', '7', '8', '9', '10', '11']",NA,NA,['USA'],['Prospective QED'],['Other (Explain in notes)'],['Yes (Please specify)'],['No'],['Yes'],"['Other (please specify)', 'Unclear/ not specified']",['Teaching assistants'],20,1,60,['Toolkit: Behaviour interventions'],['Selected or pull out (individual or small group)'],['Anger management/ behavioural treatment'],"['Counselling, discussion or therapy', 'Monitoring and/ or feedback', 'Parental/ family involvement']","['Counselling, discussion or therapy']",['Monitoring and/ or feedback'],NA,NA,['Parental/ family involvement'],NA,NA
43090148,Friesen (1984) 1_2,1984,['Journal article'],['Behaviour interventions'],"['Toolkit primary outcome', 'Reading primary outcome']",0.2137,0.4294,['Post-test adjusted for baseline attainment'],New Developmental Reading Test (f-test) - Behaviour Intervention,With business as usual,['Sample: Low achievers'],Literacy  reading comprehension,['Test type: Standardised test '],"['Toolkit primary outcome', 'Reading primary outcome']",0.2137,0.4294,NA,NA,NA,NA,NA,NA,NA,NA,NA,NA,NA,NA,22,4,NA,['Primary/elementary school'],"['8', '9', '10', '11']",NA,NA,['Canada'],['Prospective QED'],['One to one'],['Yes (Please specify)'],['No'],['No'],['Unclear/ not specified'],['Research staff'],20,1,60,['Toolkit: Behaviour interventions'],['Selected or pull out (individual or small group)'],['Other (please specify)'],"['Counselling, discussion or therapy']","['Counselling, discussion or therapy']",NA,NA,NA,NA,NA,NA
43090147,Friesen (1984) 1_3,1984,['Journal article'],['Behaviour interventions'],"['Toolkit primary outcome', 'Reading primary outcome']",-0.7937,0.5172,['Post-test adjusted for baseline attainment'],New Developmental Reading Test (f-test) - Behaviour Intervention,With business as usual,['Sample: Low achievers'],Literacy  reading comprehension,['Test type: Standardised test '],"['Toolkit primary outcome', 'Reading primary outcome']",-0.7937,0.5172,NA,NA,NA,NA,NA,NA,NA,NA,NA,NA,NA,NA,30,4,NA,['Primary/elementary school'],"['8', '9', '10', '11']",NA,NA,['Canada'],['Prospective QED'],['One to one'],['Yes (Please specify)'],['No'],['No'],['Unclear/ not specified'],['Research staff'],16,1,60,['Toolkit: Behaviour interventions'],['Selected or pull out (individual or small group)'],['Anger management/ behavioural treatment'],"['Counselling, discussion or therapy']","['Counselling, discussion or therapy']",NA,NA,NA,NA,NA,NA
40134246,Garaigordobil (1995),1995,['Journal article'],['Behaviour interventions'],"['Toolkit primary outcome', 'Reading primary outcome']",0.0456,0.1639,['Post-test unadjusted (select one from this group)'],Verbal Comprehension,With business as usual,['Sample: All'],Literacy  reading comprehension,['Test type: Standardised test '],"['Toolkit primary outcome', 'Reading primary outcome']",0.0456,0.1639,NA,NA,NA,NA,NA,NA,NA,NA,NA,NA,NA,NA,178,NA,8,['Primary/elementary school'],"['6', '7']",NA,NA,['Spain'],['Individual RCT'],['Large group/class teaching (+6)'],['Yes (Please specify)'],['No'],['No'],['During regular school hours '],['Class teachers'],40,1,70,['Toolkit: Behaviour interventions'],['Universal/ whole class'],['Social skills / social problem solving'],['Role play and/or rehearsal'],NA,NA,NA,['Role play and/or rehearsal'],NA,NA,NA
40134582,Glavin (1971),1971,['Journal article'],['Behaviour interventions'],"['Toolkit primary outcome', 'Reading primary outcome']",0.6593,0.28,['Pre-post gain'],CAT Comprehension,With business as usual,['Sample: Low achievers'],Literacy  reading comprehension,['Test type: Standardised test '],"['Toolkit primary outcome', 'Reading primary outcome']",0.6593,0.28,NA,NA,NA,['Mathematics primary outcome'],1.5068,0.4298,NA,NA,NA,NA,NA,NA,27,3,NA,"['Primary/elementary school', 'Middle school']","['7', '8', '9', '10', '11', '12']",NA,NA,['USA'],['Individual RCT'],['Large group/class teaching (+6)'],['Yes (Please specify)'],['No'],['No'],['During regular school hours '],"['Class teachers', 'Teaching assistants']",20,1,50,['Toolkit: Behaviour interventions'],['Selected or pull out (individual or small group)'],['Other (please specify)'],"['Monitoring and/ or feedback', 'Academic focus (coaching, mentoring or tutoring)']",NA,['Monitoring and/ or feedback'],NA,NA,NA,"['Academic focus (coaching, mentoring or tutoring)']",NA
40134584,Glenwick (1979) 1_1,1979,['Journal article'],['Behaviour interventions'],"['Toolkit primary outcome', 'Reading primary outcome']",0.3233,0.5043,['Post-test unadjusted (select one from this group)'],WRAT  Reading - Beh.Int. (PT),With business as usual,['Sample: Low achievers'],Literacy  reading comprehension,['Test type: Standardised test '],"['Toolkit primary outcome', 'Reading primary outcome']",0.3233,0.5043,NA,NA,NA,['Mathematics primary outcome'],-0.7282,0.5215,NA,NA,NA,NA,NA,NA,16,2,NA,"['Primary/elementary school', 'Middle school']","['10', '11', '12']",NA,NA,['USA'],['Prospective QED'],['Student alone (self-administered)'],['Yes (Please specify)'],['No'],['No'],['During regular school hours '],['Class teachers'],4,2,50,['Toolkit: Behaviour interventions'],['Selected or pull out (individual or small group)'],['Anger management/ behavioural treatment'],"['Self-management techniques', 'Parental/ family involvement', 'Academic focus (coaching, mentoring or tutoring)']",NA,NA,['Self-management techniques'],NA,['Parental/ family involvement'],"['Academic focus (coaching, mentoring or tutoring)']",NA
43090150,Glenwick (1979) 1_2,1979,['Journal article'],['Behaviour interventions'],"['Toolkit primary outcome', 'Reading primary outcome']",-0.2109,0.5018,['Post-test unadjusted (select one from this group)'],WRAT Reading - Beh.In. (T) ,With business as usual,['Sample: Low achievers'],Literacy  reading comprehension,['Test type: Standardised test '],"['Toolkit primary outcome', 'Reading primary outcome']",-0.2109,0.5018,NA,NA,NA,['Mathematics primary outcome'],-1.5095,0.5869,NA,NA,NA,NA,NA,NA,16,2,NA,['Primary/elementary school'],"['11', '10', '12']",NA,NA,['USA'],['Prospective QED'],['Large group/class teaching (+6)'],['Yes (Please specify)'],['No'],['No'],['During regular school hours '],['Class teachers'],4,2,50,['Toolkit: Behaviour interventions'],['Selected or pull out (individual or small group)'],['Social skills / social problem solving'],"['Self-management techniques', 'Academic focus (coaching, mentoring or tutoring)']",NA,NA,['Self-management techniques'],NA,NA,"['Academic focus (coaching, mentoring or tutoring)']",NA
43090151,Glenwick (1979) 1_3,1979,['Journal article'],['Behaviour interventions'],"['Toolkit primary outcome', 'Reading primary outcome']",-0.2,0.5017,['Post-test unadjusted (select one from this group)'],WRAT  Reading -Beh.In (P),With business as usual,['Sample: Low achievers'],Literacy  reading comprehension,['Test type: Standardised test '],"['Toolkit primary outcome', 'Reading primary outcome']",-0.2,0.5017,NA,NA,NA,NA,NA,NA,NA,NA,NA,NA,NA,NA,16,2,NA,['Primary/elementary school'],"['11', '12']",NA,NA,['USA'],['Prospective QED'],['One to one'],['Yes (Please specify)'],['No'],['Yes'],['Before/after school'],['Parents/carers'],4,2,50,['Toolkit: Behaviour interventions'],['Selected or pull out (individual or small group)'],['Social skills / social problem solving'],"['Parental/ family involvement', 'Self-management techniques']",NA,NA,['Self-management techniques'],NA,['Parental/ family involvement'],NA,NA
43090152,Glenwick (1979) 1_4,1979,['Journal article'],['Behaviour interventions'],"['Toolkit primary outcome', 'Reading primary outcome']",-0.4868,0.5097,['Post-test unadjusted (select one from this group)'],WRAT  Reading-Beh.Int (CH),With business as usual,['Sample: Low achievers'],Literacy  reading comprehension,['Test type: Standardised test '],"['Toolkit primary outcome', 'Reading primary outcome']",-0.4868,0.5097,NA,NA,NA,NA,NA,NA,NA,NA,NA,NA,NA,NA,16,2,NA,['Primary/elementary school'],"['11', '12']",NA,NA,['USA'],['Prospective QED'],['Large group/class teaching (+6)'],['No'],['No'],['No'],['During regular school hours '],['Research staff'],4,2,50,['Toolkit: Behaviour interventions'],['Selected or pull out (individual or small group)'],['Social skills / social problem solving'],['Self-management techniques'],NA,NA,['Self-management techniques'],NA,NA,NA,NA
40134184,Gordon (2009),2009,['Journal article'],['Behaviour interventions'],"['Toolkit primary outcome', 'Reading primary outcome']",0.4462,0.2598,['Post-test unadjusted (select one from this group)'],Connecticut Mastery Test of Reading Ability - Behaviour Intervention,With business as usual,['Sample: Low achievers'],Literacy  reading other,['Test type: Standardised test '],"['Toolkit primary outcome', 'Reading primary outcome']",0.4462,0.2598,NA,NA,NA,['Mathematics primary outcome'],1.1197,0.277,NA,NA,NA,NA,NA,NA,61,1,NA,['Middle school'],"['13', '14']",NA,NA,['USA'],['Prospective QED'],['One to one'],['Unclear/ Not specified'],['No'],['Yes'],"['During regular school hours ', 'Before/after school', 'Evenings and/or weekends']",['Lay persons/volunteers'],38,1,NA,['Toolkit: Behaviour interventions'],['Selected or pull out (individual or small group)'],['Social skills / social problem solving'],"['Monitoring and/ or feedback', 'Parental/ family involvement', 'Academic focus (coaching, mentoring or tutoring)']",NA,['Monitoring and/ or feedback'],NA,NA,['Parental/ family involvement'],"['Academic focus (coaching, mentoring or tutoring)']",NA
40134589,Gottfredson (1986),1986,['Technical report'],['Behaviour interventions'],"['Toolkit primary outcome', 'Reading primary outcome']",0.0396,0.0766,['Post-test unadjusted (select one from this group)'],CTBS  Reading (posttest1983) - Behav. Int.,With business as usual,['Sample: Low achievers'],Literacy  reading comprehension,['Test type: Standardised test '],"['Toolkit primary outcome', 'Reading primary outcome']",0.0396,0.0766,NA,NA,NA,['Mathematics primary outcome'],0.0464,0.0767,NA,NA,NA,NA,NA,NA,NA,9,NA,"['Secondary/High school', 'Middle school']","['12', '13', '15']",NA,NA,['USA'],['Individual RCT'],['One to one'],['Yes (Please specify)'],['No'],['Yes'],['During regular school hours '],"['Research staff', 'Class teachers', 'Lay persons/volunteers']",114,2,60,['Toolkit: Behaviour interventions'],['Selected or pull out (individual or small group)'],['Anger management/ behavioural treatment'],"['Counselling, discussion or therapy', 'Monitoring and/ or feedback', 'Academic focus (coaching, mentoring or tutoring)']","['Counselling, discussion or therapy']",['Monitoring and/ or feedback'],NA,NA,NA,"['Academic focus (coaching, mentoring or tutoring)']",NA
40134591,Gottfredson (1986),1986,['Journal article'],['Behaviour interventions'],"['Toolkit primary outcome', 'Other outcome']",0.0286,0.0746,['Post-test unadjusted (select one from this group)'],School grades  in combined subjects - Behaviour Intervention,With business as usual,['Sample: Low achievers'],Combined subjects,['Test type: School-developed test'],NA,NA,NA,NA,NA,NA,NA,NA,NA,NA,NA,NA,NA,NA,NA,722,8,NA,"['Middle school', 'Secondary/High school']","['11', '12', '13', '14', '15', '16', '17', '18']",NA,NA,['USA'],['Individual RCT'],['Other (Explain in notes)'],['Yes (Please specify)'],['No'],['Yes'],['During regular school hours '],['Unclear/not specified'],120,NA,NA,['Toolkit: Behaviour interventions'],['Universal/ whole class'],['Other (please specify)'],"['Counselling, discussion or therapy', 'Monitoring and/ or feedback', 'Academic focus (coaching, mentoring or tutoring)']","['Counselling, discussion or therapy']",['Monitoring and/ or feedback'],NA,NA,NA,"['Academic focus (coaching, mentoring or tutoring)']",NA
40134185,Gottfredson (2002),2002,['Journal article'],['Behaviour interventions'],"['Toolkit primary outcome', 'Other outcome']",0.0,0.1435,['Post-test adjusted for baseline attainment'],Grade Point Average (First Semester),With business as usual,['Sample: All'],Combined subjects,['Test type: School-developed test'],NA,NA,NA,NA,NA,NA,NA,NA,NA,NA,NA,NA,NA,NA,NA,414,1,NA,['Middle school'],"['12', '13', '14']",NA,NA,['USA'],['Prospective QED'],['Large group/class teaching (+6)'],['Yes (Please specify)'],['No'],['No'],['During regular school hours '],"['Research staff', 'Lay persons/volunteers']",12,2,50,['Toolkit: Behaviour interventions'],['Universal/ whole class'],['Social skills / social problem solving'],"['Monitoring and/ or feedback', 'Self-management techniques']",NA,['Monitoring and/ or feedback'],['Self-management techniques'],NA,NA,NA,NA
40134252,Grossman (1998),1998,['Journal article'],['Behaviour interventions'],"['Toolkit primary outcome', 'Reading primary outcome']",0.08,0.045,['Post-test unadjusted (select one from this group)'],Grade Point Average,With business as usual,['Sample: All'],Combined subjects,['Test type: School-developed test'],"['Toolkit primary outcome', 'Reading primary outcome']",0.08,0.045,NA,NA,NA,NA,NA,NA,NA,NA,NA,NA,NA,NA,959,NA,NA,['Home'],"['10', '11', '12', '13', '14', '15']",NA,NA,['USA'],['Individual RCT'],['Other (Explain in notes)'],['Yes (Please specify)'],['No'],['Yes'],"['Before/after school', 'Evenings and/or weekends', 'Summer/ holiday period']",['Unclear/not specified'],40,1,200,['Toolkit: Behaviour interventions'],['Selected or pull out (individual or small group)'],['Social skills / social problem solving'],"['Academic focus (coaching, mentoring or tutoring)']",NA,NA,NA,NA,NA,"['Academic focus (coaching, mentoring or tutoring)']",NA
47269811,Group (2002) BI,2002,['Journal article'],['Behaviour interventions'],"['Toolkit primary outcome', 'Other outcome']",0.2184,0.1613,['Pre-post gain'],Rank (ITBS/CAT) English & maths - BI,With business as usual,['Sample: Low achievers'],Combined subjects,['Test type: Standardised test '],NA,NA,NA,NA,NA,NA,NA,NA,NA,NA,NA,NA,NA,NA,NA,1677,8,NA,"['Primary/elementary school', 'Middle school']","['7', '8', '9', '10', '11', '12']",NA,NA,['USA'],['Cluster RCT'],['Large group/class teaching (+6)'],['Yes (Please specify)'],['No'],['No'],['During regular school hours '],['Class teachers'],320,NA,NA,['Toolkit: Behaviour interventions'],['Universal/ whole class'],['Social skills / social problem solving'],"['Academic focus (coaching, mentoring or tutoring)']",NA,NA,NA,NA,NA,"['Academic focus (coaching, mentoring or tutoring)']",NA
40134612,Hawkins (1988),1988,['Journal article'],['Behaviour interventions'],"['Toolkit primary outcome', 'Reading primary outcome']",0.2367,0.1704,['Post-test unadjusted (select one from this group)'],California Achievement Test of Reading Comprehension - Behaviour Intervention,With business as usual,['Sample: Low achievers'],Literacy  reading comprehension,['Test type: Standardised test '],"['Toolkit primary outcome', 'Reading primary outcome']",0.2367,0.1704,NA,NA,NA,NA,NA,NA,NA,NA,NA,NA,NA,NA,160,5,NA,['Middle school'],"['12', '13']",NA,NA,['USA'],['Individual RCT'],"['Small group/intensive support (3-5)', 'Large group/class teaching (+6)']",['Yes (Please specify)'],['No'],['No'],['During regular school hours '],['Class teachers'],40,NA,NA,['Toolkit: Behaviour interventions'],['Universal/ whole class'],['Other (please specify)'],"['Academic focus (coaching, mentoring or tutoring)']",NA,NA,NA,NA,NA,"['Academic focus (coaching, mentoring or tutoring)']",NA
40134614,Henderson (1982) BI,1982,['Dissertation or thesis'],['Behaviour interventions'],"['Toolkit primary outcome', 'Reading primary outcome']",0.2616,0.1875,['Post-test adjusted for baseline attainment'],Iowa Test of Basic Skills Test of Reading Comprehension -  Behaviour Intervention,With business as usual,['Sample: All'],Literacy  reading comprehension,['Test type: Standardised test '],"['Toolkit primary outcome', 'Reading primary outcome']",0.2616,0.1875,NA,NA,NA,NA,NA,NA,NA,NA,NA,NA,NA,NA,231,2,6,['Primary/elementary school'],"['10', '11', '12']",NA,NA,['USA'],['Cluster RCT'],['Large group/class teaching (+6)'],['No'],['No'],['Yes'],['During regular school hours '],['Research staff'],23,1,30,['Toolkit: Behaviour interventions'],['Universal/ whole class'],['Social skills / social problem solving'],"['Self-management techniques', 'Role play and/or rehearsal', 'Parental/ family involvement']",NA,NA,['Self-management techniques'],['Role play and/or rehearsal'],['Parental/ family involvement'],NA,NA
40134623,Hoover (1985),1985,['Dissertation or thesis'],['Behaviour interventions'],"['Toolkit primary outcome', 'Other outcome']",0.118,0.2572,['Post-test unadjusted (select one from this group)'],The Coloured Progressive Matrices (CPM),With business as usual,['Sample: Low achievers'],Cognitive  other,['Test type: Standardised test '],NA,NA,NA,NA,NA,NA,NA,NA,NA,NA,NA,NA,NA,NA,NA,70,1,6,['Primary/elementary school'],"['6', '7', '8', '9', '10', '11', '12']",NA,NA,['USA'],['Regression Discontinuity with randomisation'],"['Small group/intensive support (3-5)', 'One to one']",['Yes (Please specify)'],['No'],['No'],['During regular school hours '],['Class teachers'],8,5,10,['Toolkit: Behaviour interventions'],['Selected or pull out (individual or small group)'],['Other (please specify)'],"['Academic focus (coaching, mentoring or tutoring)']",NA,NA,NA,NA,NA,"['Academic focus (coaching, mentoring or tutoring)']",NA
40134416,Horner (2009),2009,['Journal article'],['Behaviour interventions'],"['Toolkit primary outcome', 'Reading primary outcome']",1.0881,0.2833,['Post-test unadjusted (select one from this group)'],State Reading Standard (T-test at T2),With business as usual,['Sample: All'],Literacy  reading comprehension,['Test type: National test'],"['Toolkit primary outcome', 'Reading primary outcome']",1.0881,0.2833,NA,NA,NA,NA,NA,NA,NA,NA,NA,NA,NA,NA,no information about student numbers,63,NA,['Primary/elementary school'],"['5', '6', '7', '8', '9', '10', '11', 'No information provided']",NA,NA,['USA'],['Cluster RCT'],['Other (Explain in notes)'],['Yes (Please specify)'],['No'],['No'],['During regular school hours '],['Unclear/not specified'],80,5,300,['Toolkit: Behaviour interventions'],['Universal/ whole class'],['Anger management/ behavioural treatment'],['Monitoring and/ or feedback'],NA,['Monitoring and/ or feedback'],NA,NA,NA,NA,NA
38296624,Humphrey (2018),2018,['Technical report'],['Behaviour interventions'],"['Toolkit primary outcome', 'Reading primary outcome']",0.03,0.0612,['Post-test adjusted for baseline attainment'],HGRT ,With business as usual,['Sample: All'],Literacy  reading comprehension,['Test type: Standardised test '],"['Toolkit primary outcome', 'Reading primary outcome']",0.03,0.0612,NA,NA,NA,NA,NA,NA,NA,NA,NA,NA,NA,NA,3084,77,NA,['Primary/elementary school'],"['8', '9']",NA,NA,"['UK (Select all that apply)', 'England']",['Cluster RCT'],['Large group/class teaching (+6)'],['Yes (Please specify)'],['No'],['No'],['During regular school hours '],['Class teachers'],80,5,30,['Toolkit: Behaviour interventions'],['Universal/ whole class'],['Anger management/ behavioural treatment'],['Monitoring and/ or feedback'],NA,['Monitoring and/ or feedback'],NA,NA,NA,NA,NA
40134642,Ialongo (1999) 1_1,1999,['Journal article'],['Behaviour interventions'],"['Toolkit primary outcome', 'Reading primary outcome']",0.0812,0.1003,['Post-test unadjusted (select one from this group)'],CTBS  Reading _ CC,With business as usual,['Sample: Low achievers'],Literacy  reading comprehension,['Test type: Standardised test '],"['Toolkit primary outcome', 'Reading primary outcome']",0.0812,0.1003,NA,NA,NA,['Mathematics primary outcome'],0.1133,0.1003,NA,NA,NA,NA,NA,NA,398,9,18,['Primary/elementary school'],"['6', '7', '8']",NA,NA,['USA'],['Multisite RCT'],['Large group/class teaching (+6)'],['Yes (Please specify)'],['No'],['Yes'],['During regular school hours '],['Class teachers'],40,1,NA,['Toolkit: Behaviour interventions'],['Universal/ whole class'],['Other (please specify)'],"['Monitoring and/ or feedback', 'Parental/ family involvement', 'Academic focus (coaching, mentoring or tutoring)']",NA,['Monitoring and/ or feedback'],NA,NA,['Parental/ family involvement'],"['Academic focus (coaching, mentoring or tutoring)']",NA
43090158,Ialongo (1999) 1_2,1999,['Journal article'],['Behaviour interventions'],"['Toolkit primary outcome', 'Reading primary outcome']",0.0245,0.1003,['Post-test unadjusted (select one from this group)'],CTBS  Reading_FSP,With business as usual,['Sample: Low achievers'],Literacy  reading comprehension,['Test type: Standardised test '],"['Toolkit primary outcome', 'Reading primary outcome']",0.0245,0.1003,NA,NA,NA,['Mathematics primary outcome'],-0.2051,0.1005,NA,NA,NA,NA,NA,NA,398,9,18 ,['Primary/elementary school'],"['6', '7']",NA,NA,['USA'],['Multisite RCT'],['One to one'],['Yes (Please specify)'],['No'],['Yes'],['Unclear/ not specified'],['Class teachers'],40,1,NA,['Toolkit: Behaviour interventions'],['Universal/ whole class'],['Anger management/ behavioural treatment'],"['Parental/ family involvement', 'Academic focus (coaching, mentoring or tutoring)']",NA,NA,NA,NA,['Parental/ family involvement'],"['Academic focus (coaching, mentoring or tutoring)']",NA
40134647,Johnson (1974),1974,['Dissertation or thesis'],['Behaviour interventions'],"['Toolkit primary outcome', 'Reading primary outcome']",-0.4592,0.3208,['Post-test adjusted for baseline attainment'],Reading,With business as usual,['Sample: Low achievers'],Literacy  reading other,['Test type: Researcher developed test'],"['Toolkit primary outcome', 'Reading primary outcome']",-0.4592,0.3208,NA,NA,NA,['Mathematics primary outcome'],-0.3972,0.3197,NA,NA,NA,NA,NA,NA,108,2,NA,['Primary/elementary school'],"['6', '7', '8', '9', '10', '11', '12']",NA,NA,['USA'],['Prospective QED'],"['Small group/intensive support (3-5)', 'One to one', 'Other (Explain in notes)']",['Unclear/ Not specified'],['No'],['Yes'],"['During regular school hours ', 'Before/after school', 'Evenings and/or weekends']","['Teaching assistants', 'External teachers']",40,NA,NA,['Toolkit: Behaviour interventions'],['Selected or pull out (individual or small group)'],['Other (please specify)'],"['Counselling, discussion or therapy', 'Parental/ family involvement', 'Academic focus (coaching, mentoring or tutoring)']","['Counselling, discussion or therapy']",NA,NA,NA,['Parental/ family involvement'],"['Academic focus (coaching, mentoring or tutoring)']",NA
40134653,Kaplewicz (1999),1999,['Dissertation or thesis'],['Behaviour interventions'],"['Toolkit primary outcome', 'Reading primary outcome']",0.46,0.39,['Post-test adjusted for baseline attainment'],CBM-Reading Assessment (Play therapy vs Control-F test),With business as usual,['Sample: All'],Literacy  reading comprehension,['Test type: Standardised test '],"['Toolkit primary outcome', 'Reading primary outcome']",0.46,0.39,NA,NA,NA,NA,NA,NA,NA,NA,NA,NA,NA,NA,27,2,NA,['Primary/elementary school'],"['8', '9', '10']",NA,NA,['USA'],['Individual RCT'],['Small group/intensive support (3-5)'],['Yes (Please specify)'],['No'],['No'],['During regular school hours '],['Research staff'],10,1,30,['Toolkit: Behaviour interventions'],['Selected or pull out (individual or small group)'],['Other (please specify)'],"['Counselling, discussion or therapy']","['Counselling, discussion or therapy']",NA,NA,NA,NA,NA,NA
40134660,Kendall (1982) 1_1,1982,['Journal article'],['Behaviour interventions'],"['Toolkit primary outcome', 'Reading primary outcome']",0.0735,0.4716,['Post-test unadjusted (select one from this group)'],WRAT  Reading - Cogn-Beh - ,With active control,['Sample: Low achievers'],Literacy  reading comprehension,['Test type: Standardised test '],"['Toolkit primary outcome', 'Reading primary outcome']",0.0735,0.4716,NA,NA,NA,NA,NA,NA,NA,NA,NA,NA,NA,NA,18,1,NA,['Primary/elementary school'],"['9', '10', '11', '8', '12']",NA,NA,['USA'],['Individual RCT'],['One to one'],['Yes (Please specify)'],['No'],['No'],['During regular school hours '],['Research staff'],6,2,50,['Toolkit: Behaviour interventions'],['Selected or pull out (individual or small group)'],['Anger management/ behavioural treatment'],"['Counselling, discussion or therapy', 'Self-management techniques']","['Counselling, discussion or therapy']",NA,['Self-management techniques'],NA,NA,NA,NA
43090169,Kendall (1982) 1_2,1982,['Journal article'],['Behaviour interventions'],"['Toolkit primary outcome', 'Reading primary outcome']",0.4399,0.4786,['Post-test unadjusted (select one from this group)'],WRAT  Reading -  Behavioral ,With active control,['Sample: Low achievers'],Literacy  reading comprehension,['Test type: Standardised test '],"['Toolkit primary outcome', 'Reading primary outcome']",0.4399,0.4786,NA,NA,NA,NA,NA,NA,NA,NA,NA,NA,NA,NA,18,1,NA,['Primary/elementary school'],"['8', '9', '10', '11', '12']",NA,NA,['USA'],['Individual RCT'],['One to one'],['Yes (Please specify)'],['No'],['No'],['During regular school hours '],['Research staff'],6,2,50,['Toolkit: Behaviour interventions'],['Selected or pull out (individual or small group)'],['Anger management/ behavioural treatment'],"['Counselling, discussion or therapy', 'Monitoring and/ or feedback', 'Self-management techniques', 'Role play and/or rehearsal', 'Parental/ family involvement']","['Counselling, discussion or therapy']",['Monitoring and/ or feedback'],['Self-management techniques'],['Role play and/or rehearsal'],['Parental/ family involvement'],NA,NA
40134685,Larson (1989),1989,['Journal article'],['Behaviour interventions'],"['Toolkit primary outcome', 'Other outcome']",0.9108,0.3177,['Post-test unadjusted (select one from this group)'],Grade Card Scores,With business as usual,['Sample: Low achievers'],Combined subjects,['Test type: National test'],NA,NA,NA,NA,NA,NA,NA,NA,NA,NA,NA,NA,NA,NA,NA,48,2,NA,"['Primary/elementary school', 'Middle school']","['11', '12', '13']",NA,NA,['USA'],['Multisite RCT'],"['Small group/intensive support (3-5)', 'One to one']",['Yes (Please specify)'],['No'],['No'],['During regular school hours '],['Research staff'],10,1,35,['Toolkit: Behaviour interventions'],['Selected or pull out (individual or small group)'],['Social skills / social problem solving'],['Self-management techniques'],NA,NA,['Self-management techniques'],NA,NA,NA,NA
40134709,Mannarino (1982),1982,['Journal article'],"['Behaviour interventions', 'Social and emotional learning']","['Toolkit primary outcome', 'Other outcome']",1.2025,0.273,['Pre-post gain'],CARS  Learning (15 items) - Beh. Int.,With business as usual,['Sample: Low achievers'],Cognitive  other,['Test type: Researcher developed test'],NA,NA,NA,NA,NA,NA,NA,NA,NA,NA,NA,NA,NA,NA,NA,64,1,NA,['Primary/elementary school'],"['6', '7', '8', '9']",NA,NA,['USA'],['Individual RCT'],['Small group/intensive support (3-5)'],['Yes (Please specify)'],['No'],['No'],['During regular school hours '],['Research staff'],14,1,60,['Toolkit: Social and emotional learning'],['Selected or pull out (individual or small group)'],['Social skills / social problem solving'],"['Counselling, discussion or therapy', 'Self-management techniques', 'Role play and/or rehearsal']","['Counselling, discussion or therapy']",NA,['Self-management techniques'],['Role play and/or rehearsal'],NA,NA,NA
40134715,Matthews (1972),1972,['Dissertation or thesis'],['Behaviour interventions'],"['Toolkit primary outcome', 'Reading primary outcome']",-0.1687,0.1349,['Post-test unadjusted (select one from this group)'],Metropolitan Reading Achievement,With business as usual,['Sample: All'],Literacy  reading comprehension,['Test type: Standardised test '],"['Toolkit primary outcome', 'Reading primary outcome']",-0.1687,0.1349,NA,NA,NA,NA,NA,NA,NA,NA,NA,NA,NA,NA,221,2,8,['Primary/elementary school'],"['9', '10', '11']",NA,NA,['USA'],['Prospective QED'],['Large group/class teaching (+6)'],['Yes (Please specify)'],['No'],['No'],['Unclear/ not specified'],"['Research staff', 'Class teachers']",5,1,90,['Toolkit: Behaviour interventions'],['Universal/ whole class'],['Social skills / social problem solving'],"['Counselling, discussion or therapy']","['Counselling, discussion or therapy']",NA,NA,NA,NA,NA,NA
40134189,McPartland (1991),1991,['Journal article'],['Behaviour interventions'],"['Toolkit primary outcome', 'Reading primary outcome']",-0.0057,0.0629,['Post-test unadjusted (select one from this group)'],CAT  reading - Beh.Int,With business as usual,['Sample: All'],Literacy  reading comprehension,['Test type: Standardised test '],"['Toolkit primary outcome', 'Reading primary outcome']",-0.0057,0.0629,NA,NA,NA,['Mathematics primary outcome'],-0.0864,0.064,NA,NA,NA,NA,NA,NA,6081,NA,NA,['Middle school'],"['11', '12']",NA,NA,['USA'],['Retrospective QED  '],['One to one'],['Yes (Please specify)'],['No'],['Yes'],"['Before/after school', 'Evenings and/or weekends']","['External teachers', 'Lay persons/volunteers']",80,1,NA,['Toolkit: Behaviour interventions'],['Selected or pull out (individual or small group)'],['Social skills / social problem solving'],"['Monitoring and/ or feedback', 'Academic focus (coaching, mentoring or tutoring)']",NA,['Monitoring and/ or feedback'],NA,NA,NA,"['Academic focus (coaching, mentoring or tutoring)']",NA
40134192,Murray (2009),2009,['Journal article'],['Behaviour interventions'],"['Toolkit primary outcome', 'Reading primary outcome']",-0.0471,0.0967,['Post-test adjusted for baseline attainment'],SAT 10 Reading (adjusted mean/unadjusted SD),With business as usual,['Sample: All'],Literacy  reading comprehension,['Test type: Standardised test '],"['Toolkit primary outcome', 'Reading primary outcome']",-0.0471,0.0967,NA,NA,NA,['Mathematics primary outcome'],0.0548,0.0967,['Science primary outcome'],0.2558,0.0971,NA,NA,NA,428,2,NA,['Middle school'],"['11', '12', '13', '14']",NA,NA,['USA'],['Prospective QED'],['Other (Explain in notes)'],['Yes (Please specify)'],['No'],['No'],['During regular school hours '],['Class teachers'],120,NA,NA,['Toolkit: Behaviour interventions'],['Selected or pull out (individual or small group)'],['Other (please specify)'],"['Academic focus (coaching, mentoring or tutoring)']",NA,NA,NA,NA,NA,"['Academic focus (coaching, mentoring or tutoring)']",NA
40134386,Newton (1994),1994,['Dissertation or thesis'],['Behaviour interventions'],"['Toolkit primary outcome', 'Other outcome']",0.5761,0.2974,['Post-test unadjusted (select one from this group)'],GPA (4th quarter - t test),,['Sample: All'],Combined subjects,['Test type: School-developed test'],NA,NA,NA,NA,NA,NA,NA,NA,NA,NA,NA,NA,NA,NA,NA,48,1,NA,['Middle school'],"['12', '13', '14']",NA,NA,['USA'],['Prospective QED'],['One to one'],['No'],['No'],['No'],['During regular school hours '],['Lay persons/volunteers'],12,1,60,['Toolkit: Behaviour interventions'],['Selected or pull out (individual or small group)'],['Anger management/ behavioural treatment'],"['Academic focus (coaching, mentoring or tutoring)']",NA,NA,NA,NA,NA,"['Academic focus (coaching, mentoring or tutoring)']",NA
40134750,Nickerson (2003),2003,['Dissertation or thesis'],['Behaviour interventions'],"['Toolkit primary outcome', 'Science primary outcome']",0.0769,0.2183,['Post-test adjusted for baseline attainment'],School grades in Science and English - Behaviour Intervention,With business as usual,['Sample: All'],Combined subjects,['Test type: School-developed test'],NA,NA,NA,NA,NA,NA,NA,NA,NA,"['Toolkit primary outcome', 'Science primary outcome']",0.0769,0.2183,NA,NA,NA,84,1,NA,['Secondary/High school'],"['14', '15', '16']",NA,NA,['USA'],['Individual RCT'],['Large group/class teaching (+6)'],['Unclear/ Not specified'],['No'],['No'],['During regular school hours '],['Class teachers'],4,2,30,['Toolkit: Behaviour interventions'],['Universal/ whole class'],['Anger management/ behavioural treatment'],"['Self-management techniques', 'Role play and/or rehearsal']",NA,NA,['Self-management techniques'],['Role play and/or rehearsal'],NA,NA,NA
40134754,Olexa (1984),1984,['Journal article'],['Behaviour interventions'],"['Toolkit primary outcome', 'Other outcome']",1.2876,0.3931,['Post-test unadjusted (select one from this group)'],Alternative Thinking-fluencey (prob. solv vs control),With business as usual,['Sample: All'],Cognitive  other,['Test type: Researcher developed test'],NA,NA,NA,NA,NA,NA,NA,NA,NA,NA,NA,NA,NA,NA,NA,64,3,4,['Primary/elementary school'],"['9', '10', '11']",NA,NA,['USA'],['Cluster RCT'],['Large group/class teaching (+6)'],['Unclear/ Not specified'],['No'],['No'],['During regular school hours '],['Other school staff'],8,1,50,['Toolkit: Behaviour interventions'],['Universal/ whole class'],['Social skills / social problem solving'],['Self-management techniques'],NA,NA,['Self-management techniques'],NA,NA,NA,NA
40134757,Orlov (1972),1972,['Dissertation or thesis'],['Behaviour interventions'],"['Toolkit primary outcome', 'Other outcome']",-0.1533,0.3167,['Post-test unadjusted (select one from this group)'],GPA,With active control,['Sample: Low achievers'],Combined subjects,['Test type: School-developed test'],NA,NA,NA,NA,NA,NA,NA,NA,NA,NA,NA,NA,NA,NA,NA,40,1,NA,['Primary/elementary school'],"['9', '10', '11', '12']",NA,NA,['USA'],['Individual RCT'],['Large group/class teaching (+6)'],['No'],['No'],['No'],['Unclear/ not specified'],['External teachers'],10,2,45,['Toolkit: Behaviour interventions'],['Selected or pull out (individual or small group)'],['Social skills / social problem solving'],"['Counselling, discussion or therapy']","['Counselling, discussion or therapy']",NA,NA,NA,NA,NA,NA
40134772,Pipal (1991),1991,['Dissertation or thesis'],['Behaviour interventions'],"['Toolkit primary outcome', 'Other outcome']",0.2432,0.1704,['Post-test unadjusted (select one from this group)'],GPA,With business as usual,['Sample: All'],Combined subjects,['Test type: School-developed test'],['Reading primary outcome'],-0.1297,0.1724,NA,NA,NA,['Mathematics primary outcome'],-0.2544,0.173,NA,NA,NA,NA,NA,NA,144,2,6,['Secondary/High school'],"['14', '15']",NA,NA,['USA'],['Prospective QED'],['Large group/class teaching (+6)'],['Unclear/ Not specified'],['No'],['No'],['During regular school hours '],['Class teachers'],8,5,50,['Toolkit: Behaviour interventions'],['Universal/ whole class'],['Social skills / social problem solving'],"['Self-management techniques', 'Academic focus (coaching, mentoring or tutoring)']",NA,NA,['Self-management techniques'],NA,NA,"['Academic focus (coaching, mentoring or tutoring)']",NA
40134193,Poynton (2006),2006,['Journal article'],['Behaviour interventions'],"['Toolkit primary outcome', 'Reading primary outcome']",0.0554,0.2802,['Post-test unadjusted (select one from this group)'],WASL  Reading - Beh.Int,With business as usual,['Sample: All'],Literacy  reading other,['Test type: Standardised test '],"['Toolkit primary outcome', 'Reading primary outcome']",0.0554,0.2802,NA,NA,NA,['Mathematics primary outcome'],0.0802,0.2802,NA,NA,NA,NA,NA,NA,115,1,4,['Middle school'],"['12', '13', '14']",NA,NA,['USA'],['Prospective QED'],['Large group/class teaching (+6)'],['Unclear/ Not specified'],['No'],['No'],['During regular school hours '],['Class teachers'],9,2,45,['Toolkit: Behaviour interventions'],['Universal/ whole class'],['Anger management/ behavioural treatment'],"['Self-management techniques', 'Role play and/or rehearsal']",NA,NA,['Self-management techniques'],['Role play and/or rehearsal'],NA,NA,NA
40134780,Quay (1972),1972,['Journal article'],['Behaviour interventions'],"['Toolkit primary outcome', 'Reading primary outcome']",0.3521,0.1906,['Pre-post gain'],California Achievement Test of Reading Comprehension _ Behaviour Intervention,With business as usual,['Sample: All'],Literacy  reading comprehension,['Test type: Standardised test '],"['Toolkit primary outcome', 'Reading primary outcome']",0.3521,0.1906,NA,NA,NA,['Mathematics primary outcome'],1.2764,0.2992,NA,NA,NA,NA,NA,NA,117,3,NA,['Primary/elementary school'],"['7', '8', '9', '10', '11', '12']",NA,NA,['USA'],['Individual RCT'],['Large group/class teaching (+6)'],['Yes (Please specify)'],['No'],['No'],['During regular school hours '],['Class teachers'],20,2,50,['Toolkit: Behaviour interventions'],['Selected or pull out (individual or small group)'],['Social skills / social problem solving'],['Monitoring and/ or feedback'],NA,['Monitoring and/ or feedback'],NA,NA,NA,NA,NA
40134795,Rickel (1979),1979,['Journal article'],['Behaviour interventions'],"['Toolkit primary outcome', 'Reading primary outcome', 'Mathematics primary outcome']",1.4379,0.2823,['Post-test unadjusted (select one from this group)'],Caldwell Preschool Inventory,With business as usual,['Sample: Low achievers'],Curriculum  other,['Test type: Standardised test '],"['Toolkit primary outcome', 'Reading primary outcome', 'Mathematics primary outcome']",1.4379,0.2823,NA,NA,NA,"['Toolkit primary outcome', 'Reading primary outcome', 'Mathematics primary outcome']",1.4379,0.2823,NA,NA,NA,NA,NA,NA,64,3,3,['Nursery school/pre-school'],"['3', '4', '5']",NA,NA,['USA'],['Multisite RCT'],['Small group/intensive support (3-5)'],['Yes (Please specify)'],['No'],['No'],['During regular school hours '],['Research staff'],32,4,20,['Toolkit: Behaviour interventions'],['Selected or pull out (individual or small group)'],['Anger management/ behavioural treatment'],"['Monitoring and/ or feedback', 'Academic focus (coaching, mentoring or tutoring)']",NA,['Monitoring and/ or feedback'],NA,NA,NA,"['Academic focus (coaching, mentoring or tutoring)']",NA
40134793,Rickel (1981),1981,['Journal article'],['Behaviour interventions'],"['Toolkit primary outcome', 'Reading primary outcome']",0.71,0.25,['Post-test adjusted for baseline attainment'],Caldwell (f-test),With business as usual,['Sample: All'],Literacy  reading comprehension,['Test type: Standardised test '],"['Toolkit primary outcome', 'Reading primary outcome']",0.71,0.25,NA,NA,NA,NA,NA,NA,NA,NA,NA,NA,NA,NA,42,3,NA,['Primary/elementary school'],"['6', '7']",NA,NA,['USA'],['Prospective QED'],"['Large group/class teaching (+6)', 'One to one']",['Yes (Please specify)'],['No'],['No'],['During regular school hours '],"['Class teachers', 'External teachers']",80, ,25,['Toolkit: Behaviour interventions'],['Selected or pull out (individual or small group)'],['Anger management/ behavioural treatment'],['Monitoring and/ or feedback'],NA,['Monitoring and/ or feedback'],NA,NA,NA,NA,NA
40134298,Ridley (1982),1982,['Journal article'],['Behaviour interventions'],"['Toolkit primary outcome', 'Other outcome']",0.9202,0.3545,['Post-test unadjusted (select one from this group)'],PIPS-Peer Solutions (verbal) Posttest means/SDs,With business as usual,['Sample: All'],Cognitive  other,['Test type: Researcher developed test'],NA,NA,NA,NA,NA,NA,NA,NA,NA,NA,NA,NA,NA,NA,NA,40,1,NA,['Nursery school/pre-school'],"['4', '5']",NA,NA,['USA'],['Individual RCT'],['Large group/class teaching (+6)'],['No'],['No'],['Yes'],['During regular school hours '],['Research staff'],10,4,20,['Toolkit: Behaviour interventions'],['Universal/ whole class'],['Social skills / social problem solving'],"['Self-management techniques', 'Role play and/or rehearsal']",NA,NA,['Self-management techniques'],['Role play and/or rehearsal'],NA,NA,NA
40134417,Rimm-Kaufman (2007),2007,['Journal article'],['Behaviour interventions'],"['Toolkit primary outcome', 'Reading primary outcome']",0.2291,0.1034,['Post-test adjusted for baseline attainment'],The Degrees of Reading Power Test,With business as usual,['Sample: Average'],Literacy  reading comprehension,['Test type: National test'],"['Toolkit primary outcome', 'Reading primary outcome']",0.2291,0.1034,NA,NA,NA,['Mathematics primary outcome'],0.4502,0.1034,NA,NA,NA,NA,NA,NA,384,6,NA,['Primary/elementary school'],"['7', '8', '9', '10']",NA,NA,['USA'],['Prospective QED'],['Large group/class teaching (+6)'],['Yes (Please specify)'],['No'],['No'],"['During regular school hours ', 'Summer/ holiday period']",['Class teachers'],120,5,NA,['Toolkit: Behaviour interventions'],['Universal/ whole class'],['Other (please specify)'],"['Academic focus (coaching, mentoring or tutoring)', 'Monitoring and/ or feedback']",NA,['Monitoring and/ or feedback'],NA,NA,NA,"['Academic focus (coaching, mentoring or tutoring)']",NA
40134806,Sandler (1975),1975,['Journal article'],['Behaviour interventions'],"['Toolkit primary outcome', 'Other outcome']",0.5644,0.4679,['Pre-post gain'],GPA,With business as usual,['Sample: All'],Combined subjects,['Test type: School-developed test'],NA,NA,NA,NA,NA,NA,NA,NA,NA,NA,NA,NA,NA,NA,NA,47,2,NA,['Primary/elementary school'],"['8', '5', '6', '7', '9']",NA,NA,['USA'],"['Prospective QED', 'Regression Discontinuity - not randomised']","['One to one', 'Large group/class teaching (+6)']",['Yes (Please specify)'],['No'],['Yes'],"['During regular school hours ', 'Before/after school']","['Research staff', 'Other school staff']",38,2,45,['Toolkit: Behaviour interventions'],['Selected or pull out (individual or small group)'],['Anger management/ behavioural treatment'],"['Counselling, discussion or therapy', 'Monitoring and/ or feedback', 'Role play and/or rehearsal', 'Parental/ family involvement', 'Academic focus (coaching, mentoring or tutoring)']","['Counselling, discussion or therapy']",['Monitoring and/ or feedback'],NA,['Role play and/or rehearsal'],['Parental/ family involvement'],"['Academic focus (coaching, mentoring or tutoring)']",NA
40134828,Shelton (1997),1997,['Dissertation or thesis'],"['Behaviour interventions', 'Summer schools']","['Toolkit primary outcome', 'Reading primary outcome', 'Mathematics primary outcome']",0.54,0.23,['Post-test adjusted for baseline attainment'],GPA (f-test),With business as usual,['Sample: Low achievers'],Combined subjects,['Test type: School-developed test'],"['Toolkit primary outcome', 'Reading primary outcome', 'Mathematics primary outcome']",0.54,0.23,NA,NA,NA,"['Toolkit primary outcome', 'Reading primary outcome', 'Mathematics primary outcome']",0.54,0.23,NA,NA,NA,NA,NA,NA,80,2,NA,['Middle school'],"['13', '14']",NA,NA,['USA'],['Prospective QED'],['Large group/class teaching (+6)'],['No'],['No'],['No'],['Summer/ holiday period'],"['Research staff', 'Other school staff', 'Lay persons/volunteers']",5,5,330,"['Toolkit: Behaviour interventions', 'Toolkit: Summer schools']",['Other (please specify)'],['Other (please specify)'],"['Counselling, discussion or therapy', 'Role play and/or rehearsal', 'Academic focus (coaching, mentoring or tutoring)']","['Counselling, discussion or therapy']",NA,NA,['Role play and/or rehearsal'],NA,"['Academic focus (coaching, mentoring or tutoring)']",NA
40134837,Shure (1993),1993,['Conference paper'],['Behaviour interventions'],"['Toolkit primary outcome', 'Other outcome']",0.6753,0.1957,['Post-test unadjusted (select one from this group)'],Consequential thinking skills (overall - T3 spring),With active control,['Sample: All'],Cognitive  reasoning,NA,NA,NA,NA,NA,NA,NA,NA,NA,NA,NA,NA,NA,NA,NA,NA,281,NA,NA,['Primary/elementary school'],"['10', '11', '12']",NA,NA,['USA'],['Prospective QED'],['Other (Explain in notes)'],['Unclear/ Not specified'],['No'],['No'],['During regular school hours '],['Unclear/not specified'],16,3,40,['Toolkit: Behaviour interventions'],['Universal/ whole class'],['Social skills / social problem solving'],['Role play and/or rehearsal'],NA,NA,NA,['Role play and/or rehearsal'],NA,NA,NA
40134839,Silvern (1979),1979,['Journal article'],['Behaviour interventions'],"['Toolkit primary outcome', 'Other outcome']",0.9366,0.4441,['Post-test unadjusted (select one from this group)'],"Perspective Taking Logic (Flavell, 1968)",With business as usual,['Sample: Low achievers'],Cognitive  reasoning,['Test type: Standardised test '],NA,NA,NA,NA,NA,NA,NA,NA,NA,NA,NA,NA,NA,NA,NA,34,NA,NA,['Primary/elementary school'],"['9', '10', '11']",NA,NA,['USA'],['Regression Discontinuity with randomisation'],['Small group/intensive support (3-5)'],['Unclear/ Not specified'],['No'],['No'],['Unclear/ not specified'],['Research staff'],3,2,45,['Toolkit: Behaviour interventions'],['Selected or pull out (individual or small group)'],['Social skills / social problem solving'],['Role play and/or rehearsal'],NA,NA,NA,['Role play and/or rehearsal'],NA,NA,NA
40134840,Slavin (1984) 1_1,1984,['Technical report'],"['Behaviour interventions', 'Individualised instruction']","['Toolkit primary outcome', 'Mathematics primary outcome']",0.1947,0.1186,['Post-test unadjusted (select one from this group)'],CTBS  Maths - Behav. Interv.,With business as usual,['Sample: All'],Mathematics,['Test type: Standardised test '],NA,NA,NA,NA,NA,NA,"['Toolkit primary outcome', 'Mathematics primary outcome']",0.1947,0.1186,NA,NA,NA,NA,NA,NA,504,4,12,['Primary/elementary school'],"['8', '9', '10', '11']",NA,NA,['USA'],['Cluster RCT'],"['Student alone (self-administered)', 'Small group/intensive support (3-5)', 'Paired learning', 'Large group/class teaching (+6)']",['Unclear/ Not specified'],['No'],['No'],['During regular school hours '],"['Class teachers', 'Peers', 'Unclear/not specified']",10,5,50,['Toolkit: Behaviour interventions'],['Universal/ whole class'],['Other (please specify)'],['Self-management techniques'],NA,NA,['Self-management techniques'],NA,NA,NA,NA
45336783,Slavin (1984) 1_2,1984,['Technical report'],"['Behaviour interventions', 'Individualised instruction']","['Toolkit primary outcome', 'Mathematics primary outcome']",0.25,0.12,['Post-test adjusted for baseline attainment'],CTBS Achievement (F test),With business as usual,['Sample: All'],Mathematics,['Test type: Standardised test '],NA,NA,NA,NA,NA,NA,"['Toolkit primary outcome', 'Mathematics primary outcome']",0.25,0.12,NA,NA,NA,NA,NA,NA,375,4,16,['Primary/elementary school'],"['9', '10', '11', '12']",NA,NA,['USA'],['Cluster RCT'],"['Student alone (self-administered)', 'Small group/intensive support (3-5)', 'One to one', 'Paired learning']",['No'],['No'],['No'],['During regular school hours '],"['Class teachers', 'Peers']",10,5,50,['Toolkit: Behaviour interventions'],['Universal/ whole class'],['Other (please specify)'],['Monitoring and/ or feedback'],NA,['Monitoring and/ or feedback'],NA,NA,NA,NA,NA
40134418,Snyder (2010),2010,['Journal article'],"['Behaviour interventions', 'Social and emotional learning']","['Toolkit primary outcome', 'Reading primary outcome']",0.6034,0.0207,['Post-test unadjusted (select one from this group)'],SAT 9-Reading Assessment,With business as usual,['Sample: All'],Literacy  reading comprehension,['Test type: Standardised test '],"['Toolkit primary outcome', 'Reading primary outcome']",0.6034,0.0207,NA,NA,NA,['Mathematics primary outcome'],0.4819,0.0205,NA,NA,NA,NA,NA,NA,"10,010",20,NA,['Primary/elementary school'],"['10', '11', '12']",FALSE,25.0,['USA'],['Cluster RCT'],['Large group/class teaching (+6)'],['Yes (Please specify)'],['No'],['No'],['During regular school hours '],['Class teachers'],40,1,20,['Toolkit: Behaviour interventions'],['Universal/ whole class'],['Social skills / social problem solving'],['Self-management techniques'],NA,NA,['Self-management techniques'],NA,NA,NA,NA
40134853,Stevahn (1996),1996,['Journal article'],['Behaviour interventions'],"['Toolkit primary outcome', 'Reading primary outcome']",0.7104,0.3192,['Post-test unadjusted (select one from this group)'],Academic Achievement,With business as usual,['Sample: All'],Literacy  reading comprehension,['Test type: Researcher developed test'],"['Toolkit primary outcome', 'Reading primary outcome']",0.7104,0.3192,NA,NA,NA,NA,NA,NA,NA,NA,NA,NA,NA,NA,42,1,2,['Secondary/High school'],"['14', '15']",NA,NA,['Canada'],['Individual RCT'],"['Large group/class teaching (+6)', 'Paired learning']",['Unclear/ Not specified'],['No'],['No'],['During regular school hours '],"['Class teachers', 'External teachers']",4,3,60,['Toolkit: Behaviour interventions'],['Universal/ whole class'],['Social skills / social problem solving'],['Role play and/or rehearsal'],NA,NA,NA,['Role play and/or rehearsal'],NA,NA,NA
40134852,Stevahn (1997),1997,['Journal article'],['Behaviour interventions'],"['Toolkit primary outcome', 'Reading primary outcome']",0.8534,0.3318,['Post-test unadjusted (select one from this group)'],Academic Achievement Test (t test),With business as usual,['Sample: All'],Literacy  reading comprehension,['Test type: Researcher developed test'],"['Toolkit primary outcome', 'Reading primary outcome']",0.8534,0.3318,NA,NA,NA,NA,NA,NA,NA,NA,NA,NA,NA,NA,40,1,2,['Secondary/High school'],"['14', '15']",NA,NA,['Canada'],['Individual RCT'],['Large group/class teaching (+6)'],['Unclear/ Not specified'],['No'],['No'],['During regular school hours '],['Class teachers'],4,NA,70,['Toolkit: Social and emotional learning'],['Universal/ whole class'],['Social skills / social problem solving'],"['Counselling, discussion or therapy', 'Monitoring and/ or feedback', 'Self-management techniques', 'Role play and/or rehearsal']","['Counselling, discussion or therapy']",['Monitoring and/ or feedback'],['Self-management techniques'],['Role play and/or rehearsal'],NA,NA,NA
40134308,Suter (1988),1988,['Journal article'],['Behaviour interventions'],"['Toolkit primary outcome', 'Reading primary outcome']",0.1059,0.3937,['Post-test unadjusted (select one from this group)'],PPVT - Behav. Interv.,With business as usual,['Sample: Low achievers'],Literacy  reading other,['Test type: Standardised test '],"['Toolkit primary outcome', 'Reading primary outcome']",0.1059,0.3937,NA,NA,NA,NA,NA,NA,NA,NA,NA,NA,NA,NA,28,1,NA,['Primary/elementary school'],"['6', '7']",NA,NA,['USA'],['Individual RCT'],['One to one'],['Yes (Please specify)'],['No'],['Yes'],['During regular school hours '],['Parents/carers'],20,1,45,['Toolkit: Behaviour interventions'],['Selected or pull out (individual or small group)'],['Social skills / social problem solving'],"['Monitoring and/ or feedback', 'Role play and/or rehearsal', 'Academic focus (coaching, mentoring or tutoring)']",NA,['Monitoring and/ or feedback'],NA,['Role play and/or rehearsal'],NA,"['Academic focus (coaching, mentoring or tutoring)']",NA
40134197,Tobias (1999),1999,['Journal article'],['Behaviour interventions'],"['Toolkit primary outcome', 'Other outcome']",0.3755,0.2855,['Post-test unadjusted (select one from this group)'],School Grades (Posttest means/SDs),With business as usual,['Sample: All'],Combined subjects,['Test type: School-developed test'],NA,NA,NA,NA,NA,NA,NA,NA,NA,NA,NA,NA,NA,NA,NA,150,3,NA,['Middle school'],"['11', '12']",NA,NA,['USA'],['Individual RCT'],"['Small group/intensive support (3-5)', 'One to one']",['Yes (Please specify)'],['No'],['No'],['Unclear/ not specified'],['Peers'],6,1,45,['Toolkit: Behaviour interventions'],['Selected or pull out (individual or small group)'],['Social skills / social problem solving'],"['Self-management techniques', 'Counselling, discussion or therapy']","['Counselling, discussion or therapy']",NA,['Self-management techniques'],NA,NA,NA,NA
40134874,Tomlin (1995) 1_1,1995,['Dissertation or thesis'],"['Behaviour interventions', 'Mentoring']","['Toolkit primary outcome', 'Reading primary outcome', 'Mathematics primary outcome']",0.2236,0.3215,['Post-test unadjusted (select one from this group)'],GPA,With business as usual,['Sample: All'],Combined subjects,['Test type: School-developed test'],"['Toolkit primary outcome', 'Reading primary outcome', 'Mathematics primary outcome']",0.2236,0.3215,NA,NA,NA,"['Toolkit primary outcome', 'Reading primary outcome', 'Mathematics primary outcome']",0.2236,0.3215,NA,NA,NA,NA,NA,NA,55,2,NA,['Middle school'],"['11', '12', '13', '14']",NA,NA,['USA'],['Multisite RCT'],['One to one'],['Yes (Please specify)'],['No'],['No'],['During regular school hours '],['Peers'],8,1,50,['Toolkit: Mentoring'],['Selected or pull out (individual or small group)'],['Social skills / social problem solving'],"['Monitoring and/ or feedback', 'Self-management techniques', 'Academic focus (coaching, mentoring or tutoring)']",NA,['Monitoring and/ or feedback'],['Self-management techniques'],NA,NA,"['Academic focus (coaching, mentoring or tutoring)']",NA
43090196,Tomlin (1995) 1_2,1995,['Dissertation or thesis'],"['Behaviour interventions', 'Mentoring']","['Toolkit primary outcome', 'Other outcome']",0.2204,0.3214,['Post-test adjusted for baseline attainment'],GPA (grp 2 vs 3 - t test),With business as usual,['Sample: All'],Combined subjects,['Test type: Researcher developed test'],NA,NA,NA,NA,NA,NA,NA,NA,NA,NA,NA,NA,NA,NA,NA,55,2,NA,['Middle school'],"['11', '12', '13', '14', '16', '17', '18']",NA,NA,['USA'],['Multisite RCT'],['One to one'],['Yes (Please specify)'],['No'],['No'],['During regular school hours '],['Lay persons/volunteers'],8,1,50 ,"['Toolkit: Behaviour interventions', 'Toolkit: Mentoring']",['Selected or pull out (individual or small group)'],['Anger management/ behavioural treatment'],"['Academic focus (coaching, mentoring or tutoring)', 'Self-management techniques']",NA,NA,['Self-management techniques'],NA,NA,"['Academic focus (coaching, mentoring or tutoring)']",NA
40134883,Twemlow (2001),2001,['Journal article'],['Behaviour interventions'],"['Toolkit primary outcome', 'Reading primary outcome']",0.4378,0.1956,['Post-test unadjusted (select one from this group)'],MAT  Reading - Beh. Interv.,With active control,['Sample: All'],Literacy  reading comprehension,['Test type: Standardised test '],"['Toolkit primary outcome', 'Reading primary outcome']",0.4378,0.1956,NA,NA,NA,NA,NA,NA,NA,NA,NA,NA,NA,NA,52,2,NA,['Primary/elementary school'],"['8', '9', '10', '11']",NA,NA,['USA'],['Prospective QED'],['Large group/class teaching (+6)'],['Yes (Please specify)'],['No'],['No'],['During regular school hours '],['Class teachers'],160,5,NA,['Toolkit: Behaviour interventions'],['Universal/ whole class'],['Anger management/ behavioural treatment'],"['Counselling, discussion or therapy', 'Monitoring and/ or feedback', 'Self-management techniques']","['Counselling, discussion or therapy']",['Monitoring and/ or feedback'],['Self-management techniques'],NA,NA,NA,NA
40134199,Webb (2005),2005,['Journal article'],['Behaviour interventions'],"['Toolkit primary outcome', 'Reading primary outcome']",0.1519,0.098,['Post-test adjusted for baseline attainment'],FCAT-Reading (F test),With business as usual,['Sample: All'],Literacy  reading comprehension,['Test type: National test'],"['Toolkit primary outcome', 'Reading primary outcome']",0.1519,0.098,NA,NA,NA,['Mathematics primary outcome'],0.31,0.098,NA,NA,NA,NA,NA,NA,418,20,NA,"['Primary/elementary school', 'Middle school']","['10', '11', '12']",NA,NA,['USA'],['Individual RCT'],['Large group/class teaching (+6)'],['Yes (Please specify)'],['No'],['No'],['During regular school hours '],['Other school staff'],8,1,45,['Toolkit: Behaviour interventions'],['Selected or pull out (individual or small group)'],['Social skills / social problem solving'],"['Counselling, discussion or therapy', 'Self-management techniques', 'Academic focus (coaching, mentoring or tutoring)']","['Counselling, discussion or therapy']",NA,['Self-management techniques'],NA,NA,"['Academic focus (coaching, mentoring or tutoring)']",NA
40134902,Weinstein (1991),1991,['Journal article'],['Behaviour interventions'],"['Toolkit primary outcome', 'Other outcome']",0.2233,0.1136,['Post-test adjusted for baseline attainment'],GPA - behav. interv.,With business as usual,['Sample: Low achievers'],Combined subjects,['Test type: School-developed test'],NA,NA,NA,NA,NA,NA,NA,NA,NA,NA,NA,NA,NA,NA,NA,158,1,4,['Secondary/High school'],"['14', '15']",NA,NA,['USA'],['Retrospective QED  '],['Large group/class teaching (+6)'],['Unclear/ Not specified'],['No'],['Yes'],['During regular school hours '],['Class teachers'],80,1,50,['Toolkit: Behaviour interventions'],['Selected or pull out (individual or small group)'],['Other (please specify)'],"['Monitoring and/ or feedback', 'Academic focus (coaching, mentoring or tutoring)']",NA,['Monitoring and/ or feedback'],NA,NA,NA,"['Academic focus (coaching, mentoring or tutoring)']",NA
40134910,White (1996) 1_1,1996,['Dissertation or thesis'],['Behaviour interventions'],"['Toolkit primary outcome', 'Other outcome']",0.4293,0.2058,['Post-test unadjusted (select one from this group)'],GPA (means/SDs - 94/95),With business as usual,['Sample: All'],Combined subjects,['Test type: School-developed test'],NA,NA,NA,NA,NA,NA,NA,NA,NA,NA,NA,NA,NA,NA,NA,97,1,NA,['Secondary/High school'],"['11', '12', '13', '14', '15', '16', '17', '18']",NA,NA,['USA'],['Prospective QED'],['Other (Explain in notes)'],['Unclear/ Not specified'],['No'],['No'],['Unclear/ not specified'],['Unclear/not specified'],76,NA,NA,['Toolkit: Behaviour interventions'],['Selected or pull out (individual or small group)'],['Other (please specify)'],"['Academic focus (coaching, mentoring or tutoring)']",NA,NA,NA,NA,NA,"['Academic focus (coaching, mentoring or tutoring)']",NA
40398948,Wigelsworth (2018),2018,['Technical report'],['Behaviour interventions'],"['Toolkit primary outcome', 'Reading primary outcome']",-0.013,0.036,['Post-test adjusted for baseline attainment AND clustering'],Behaviour Interventions - Reading Comprehension KS2,With active control,['Sample: All'],Literacy  reading comprehension,['Test type: National test'],"['Toolkit primary outcome', 'Reading primary outcome']",-0.013,0.036,NA,NA,NA,['Mathematics primary outcome'],0.03,0.36,NA,NA,NA,NA,NA,NA,3010,81,122,['Primary/elementary school'],"['9', '10']",FALSE,26.0,['England'],['Multisite RCT'],['Large group/class teaching (+6)'],['Yes (Please specify)'],['No'],['No'],['During regular school hours '],['Class teachers'],10,1,50,['Toolkit: Behaviour interventions'],['Universal/ whole class'],['Social skills / social problem solving'],['Self-management techniques'],NA,NA,['Self-management techniques'],NA,NA,NA,NA
