id,pub_author,out_type_1,out_label_1,out_tit_1,out_type_2,out_label_2,out_tit_2,out_type_3,out_label_3,out_tit_3,out_type_4,out_label_4,out_tit_4,out_type_5,out_label_5,out_tit_5,out_type_6,out_label_6,out_tit_6,out_type_7,out_label_7,out_tit_7,out_type_8,out_label_8,out_tit_8,out_type_9,out_label_9,out_tit_9
41661125,Abate (1972),"['Toolkit primary outcome', 'Reading primary outcome']",Primary outcome,Gates-MacGinites (Grade 1) ,['Other outcome'],Secondary outcome(s),Gates MacGinitie (Grade 1),['Mathematics primary outcome'],Secondary outcome(s),Mathematics Mastery Test,['Other outcome'],Secondary outcome(s),Mathematics Mastery Test,['Other outcome'],Secondary outcome(s),Mathematics Mastery Test,['Other outcome'],Secondary outcome(s),Mathematics Mastery Test,NA,NA,NA,NA,NA,NA,NA,NA,NA
41661049,Alexander (1968),"['Toolkit primary outcome', 'Other outcome']",Primary outcome,MAT - Individ. Instr.,['Other outcome'],Secondary outcome(s),Exams- Indiv. Instruct.,NA,NA,NA,NA,NA,NA,NA,NA,NA,NA,NA,NA,NA,NA,NA,NA,NA,NA,NA,NA,NA
41661126,Amendola (1973),['Other outcome'],Secondary outcome(s),Stanford Achievement Test (Grade 3)- Cognitive Measure,['Other outcome'],Secondary outcome(s),Stanford Achievement Test (Grade 5)- Cognitive Measure,['Other outcome'],Secondary outcome(s),Stanford Achievement Test (Grade 7)- Cognitive Measure,"['Toolkit primary outcome', 'Mathematics primary outcome']",Primary outcome,Stanford Achievement Test (Grades combined)- Cognitive Measure,NA,NA,NA,NA,NA,NA,NA,NA,NA,NA,NA,NA,NA,NA,NA
41661287,Anderson (1971),['Other outcome'],Secondary outcome(s),Content Achievement Test,['Other outcome'],Secondary outcome(s),Content Achievement Test,"['Toolkit primary outcome', 'Science primary outcome']",Primary outcome,Content Achievement Test,NA,NA,NA,NA,NA,NA,NA,NA,NA,NA,NA,NA,NA,NA,NA,NA,NA,NA
41661186,Arbuckle (2005),"['Toolkit primary outcome', 'Mathematics primary outcome']",Primary outcome,Algebra Post test score,NA,NA,NA,NA,NA,NA,NA,NA,NA,NA,NA,NA,NA,NA,NA,NA,NA,NA,NA,NA,NA,NA,NA,NA
49769663,Ardac (2002),"['Toolkit primary outcome', 'Science primary outcome']",Primary outcome,T-bpe&fpd - Individual Instruction,['Other outcome'],Secondary outcome(s),T-IVECA - Individualised Instruction,NA,NA,NA,NA,NA,NA,NA,NA,NA,NA,NA,NA,NA,NA,NA,NA,NA,NA,NA,NA,NA
49769662,Ardac (2004),"['Toolkit primary outcome', 'Science primary outcome']",Primary outcome,TCR-pC (Total score) - Individualised Instruction,NA,NA,NA,NA,NA,NA,NA,NA,NA,NA,NA,NA,NA,NA,NA,NA,NA,NA,NA,NA,NA,NA,NA,NA
45336716,Armenia (1967) 1_2,"['Toolkit primary outcome', 'Other outcome']",Primary outcome,Post test Score,NA,NA,NA,NA,NA,NA,NA,NA,NA,NA,NA,NA,NA,NA,NA,NA,NA,NA,NA,NA,NA,NA,NA,NA
41661258,Arroyo (2010),"['Toolkit primary outcome', 'Mathematics primary outcome']",Primary outcome,Maths posttest Wayyang v no Wayyang,NA,NA,NA,NA,NA,NA,NA,NA,NA,NA,NA,NA,NA,NA,NA,NA,NA,NA,NA,NA,NA,NA,NA,NA
41661100,Aven (1970),"['Toolkit primary outcome', 'Other outcome']",Primary outcome,Geography test,NA,NA,NA,NA,NA,NA,NA,NA,NA,NA,NA,NA,NA,NA,NA,NA,NA,NA,NA,NA,NA,NA,NA,NA
41661050,Baley (1969),"['Toolkit primary outcome', 'Mathematics primary outcome']",Primary outcome,SRA-maths: Individual. instr._,NA,NA,NA,NA,NA,NA,NA,NA,NA,NA,NA,NA,NA,NA,NA,NA,NA,NA,NA,NA,NA,NA,NA,NA
41661127,Bartel (1965),"['Toolkit primary outcome', 'Mathematics primary outcome']",Primary outcome,Iowa Test,['Other outcome'],Secondary outcome(s),Concepts Test,NA,NA,NA,NA,NA,NA,NA,NA,NA,NA,NA,NA,NA,NA,NA,NA,NA,NA,NA,NA,NA
41661190,Beal (2007),"['Toolkit primary outcome', 'Mathematics primary outcome']",Primary outcome,Geometry Test,['Other outcome'],Secondary outcome(s),Algebra Test,NA,NA,NA,NA,NA,NA,NA,NA,NA,NA,NA,NA,NA,NA,NA,NA,NA,NA,NA,NA,NA
41661189,Beal (2010) 1_1,"['Toolkit primary outcome', 'Mathematics primary outcome']",Primary outcome,ITS low maths skill v comparison low maths skill,['Other outcome'],Primary outcome,ITS high maths skill v comparison high maths skill,['Other outcome'],Primary outcome,Study 3 postest high and low combined ITS v comparison,NA,NA,NA,NA,NA,NA,NA,NA,NA,NA,NA,NA,NA,NA,NA,NA,NA,NA
45336717,Beal (2010) 1_2,"['Toolkit primary outcome', 'Mathematics primary outcome']",Primary outcome,Maths,NA,NA,NA,NA,NA,NA,NA,NA,NA,NA,NA,NA,NA,NA,NA,NA,NA,NA,NA,NA,NA,NA,NA,NA
41661051,Beul (1973),"['Toolkit primary outcome', 'Other outcome']",Primary outcome,Science Research Associates Achievement ,NA,NA,NA,NA,NA,NA,NA,NA,NA,NA,NA,NA,NA,NA,NA,NA,NA,NA,NA,NA,NA,NA,NA,NA
41661261,Biesinger (2008),['Other outcome'],Primary outcome,NHSPEM remedial 12th graders gains f ratio,['Other outcome'],Primary outcome,NSHSPEM 10th graders gains f ratio,"['Toolkit primary outcome', 'Mathematics primary outcome']",Primary outcome,NSHSEM 10th graders means and SDs,NA,NA,NA,NA,NA,NA,NA,NA,NA,NA,NA,NA,NA,NA,NA,NA,NA,NA
41661296,Blank (1963),"['Toolkit primary outcome', 'Science primary outcome']",Primary outcome,Science Test (T1 vs Control),['Other outcome'],Secondary outcome(s),Science Test (T1 and T2),NA,NA,NA,NA,NA,NA,NA,NA,NA,NA,NA,NA,NA,NA,NA,NA,NA,NA,NA,NA,NA
41661297,Boblick (1972),"['Toolkit primary outcome', 'Science primary outcome']",Primary outcome,Chemical Formulas,NA,NA,NA,NA,NA,NA,NA,NA,NA,NA,NA,NA,NA,NA,NA,NA,NA,NA,NA,NA,NA,NA,NA,NA
49769731,Bottge (2014),"['Toolkit primary outcome', 'Mathematics primary outcome']",Primary outcome,ITBS Fractions (Addition) -  Individualised instruction,['Other outcome'],Secondary outcome(s),ITBS Fractions (subtraction) - Individualised Instruction,['Other outcome'],Secondary outcome(s),ITBS Whole numbers (Addition) - Individualised Instruction,['Other outcome'],Secondary outcome(s),ITBS Whole Numbers (Subtraction) - Individulised Instruction,['Other outcome'],Secondary outcome(s),ITBS Whole numbers (Multiplication) - Individualised Instruction,['Other outcome'],Secondary outcome(s),ITBS Whole Numbers (Division) - Individualised Instruction,['Other outcome'],Secondary outcome(s),ITBS Problem Solving and Data Interpretation - Individualised Instruction,NA,NA,NA,NA,NA,NA
41661053,Bowen (1974),"['Toolkit primary outcome', 'Mathematics primary outcome']",Primary outcome,Comprehensive Test of Basic Skills,['Other outcome'],Secondary outcome(s),SCAT II Maths Test,NA,NA,NA,NA,NA,NA,NA,NA,NA,NA,NA,NA,NA,NA,NA,NA,NA,NA,NA,NA,NA
41661129,Bradford (1973),"['Toolkit primary outcome', 'Reading primary outcome']",Primary outcome,MAT - Reading,['Mathematics primary outcome'],Secondary outcome(s),MAT - Maths,NA,NA,NA,NA,NA,NA,NA,NA,NA,NA,NA,NA,NA,NA,NA,NA,NA,NA,NA,NA,NA
41661054,Braly (1972),"['Toolkit primary outcome', 'Science primary outcome']",Primary outcome,ANS Chemistry posttest adjusted (table 3),NA,NA,NA,NA,NA,NA,NA,NA,NA,NA,NA,NA,NA,NA,NA,NA,NA,NA,NA,NA,NA,NA,NA,NA
41661130,Broussard (1971),"['Toolkit primary outcome', 'Mathematics primary outcome']",Primary outcome,Maths Application,['Other outcome'],Secondary outcome(s),Maths Computation,['Other outcome'],Secondary outcome(s),Maths Concept,NA,NA,NA,NA,NA,NA,NA,NA,NA,NA,NA,NA,NA,NA,NA,NA,NA,NA
41661131,Brust (1972),"['Toolkit primary outcome', 'Reading primary outcome']",Primary outcome,SAT Paragraph Meaning f ratio,['Mathematics primary outcome'],Primary outcome,SAT Arithmetic computation f ratio (NEGATIVE EFFECT),['Other outcome'],Secondary outcome(s),SAT word meaning f ratio,['Other outcome'],Secondary outcome(s),SAT language f ratio (NEGATIVE EFFECT),['Writing and spelling primary outcome.'],Secondary outcome(s),SAT spelling f ratio  (NEGATIVE EFFECT),['Other outcome'],Secondary outcome(s),SAT arithmetic concepts f ratio (NEGATIVE EFFECT),['Other outcome'],Secondary outcome(s),SAT arithmetic applications f ratio (NEGATIVE EFFECT),NA,NA,NA,NA,NA,NA
41661055,Bull (1971),"['Toolkit primary outcome', 'Mathematics primary outcome']",Primary outcome,Geometry test scores,NA,NA,NA,NA,NA,NA,NA,NA,NA,NA,NA,NA,NA,NA,NA,NA,NA,NA,NA,NA,NA,NA,NA,NA
41661133,Burchyett (1972) 1_1,"['Toolkit primary outcome', 'Reading primary outcome']",Primary outcome,STEP Test- Reading Level (Grade 3),['Mathematics primary outcome'],Secondary outcome(s),STEP test -Mathematics (Grade 3),['Mathematics primary outcome'],Secondary outcome(s),STEP Test- Science (Grade 3),['Other outcome'],Secondary outcome(s),STEP test- Social studies (Grade 3),NA,NA,NA,NA,NA,NA,NA,NA,NA,NA,NA,NA,NA,NA,NA
49106812,Burchyett (1972) 1_2,"['Toolkit primary outcome', 'Reading primary outcome']",Primary outcome,STEP Reading test- Grade four,['Mathematics primary outcome'],Secondary outcome(s),STEP Mathematics test- Grade four,['Science primary outcome'],Secondary outcome(s),STEP Science test- Grade four,['Other outcome'],Secondary outcome(s),STEP Social studies test-Grade four,NA,NA,NA,NA,NA,NA,NA,NA,NA,NA,NA,NA,NA,NA,NA
49106813,Burchyett (1972) 1_3,"['Toolkit primary outcome', 'Reading primary outcome']",Primary outcome,STEP Reading test-Grade five,['Mathematics primary outcome'],Secondary outcome(s),STEP Mathematics test- Grade five,['Science primary outcome'],Secondary outcome(s),STEP Science test-Grade five,['Other outcome'],Secondary outcome(s),STEP Social studies test-Grade five,NA,NA,NA,NA,NA,NA,NA,NA,NA,NA,NA,NA,NA,NA,NA
41661191,Cabalo (2007),"['Toolkit primary outcome', 'Mathematics primary outcome']",Primary outcome,Northwest Evaluation Association (NWEA) test ,NA,NA,NA,NA,NA,NA,NA,NA,NA,NA,NA,NA,NA,NA,NA,NA,NA,NA,NA,NA,NA,NA,NA,NA
41661302,Call (1974),"['Toolkit primary outcome', 'Science primary outcome']",Primary outcome,Semester Exam Posttest adjusted,['Other outcome'],Secondary outcome(s),Final Exam ACS-NSTA Posttest adjusted,['Other outcome'],Secondary outcome(s),Final Exam Anderson-Fisk Posttest adjusted,NA,NA,NA,NA,NA,NA,NA,NA,NA,NA,NA,NA,NA,NA,NA,NA,NA,NA
41661057,Carlson (1975),"['Toolkit primary outcome', 'Science primary outcome']",Primary outcome,Semester One Examination scores,NA,NA,NA,NA,NA,NA,NA,NA,NA,NA,NA,NA,NA,NA,NA,NA,NA,NA,NA,NA,NA,NA,NA,NA
41661303,Carnes (1966),"['Toolkit primary outcome', 'Other outcome']",Primary outcome,Achievement Test,NA,NA,NA,NA,NA,NA,NA,NA,NA,NA,NA,NA,NA,NA,NA,NA,NA,NA,NA,NA,NA,NA,NA,NA
41661102,Cassel (1962) 1_1,"['Toolkit primary outcome', 'Mathematics primary outcome']",Primary outcome,Computer Arithmetic Test Score (Grade 9),NA,NA,NA,NA,NA,NA,NA,NA,NA,NA,NA,NA,NA,NA,NA,NA,NA,NA,NA,NA,NA,NA,NA,NA
41661103,Cassel (1962) 1_1,"['Toolkit primary outcome', 'Mathematics primary outcome']",Primary outcome,Computer Mathematics Test (Grade 9),NA,NA,NA,NA,NA,NA,NA,NA,NA,NA,NA,NA,NA,NA,NA,NA,NA,NA,NA,NA,NA,NA,NA,NA
46325671,Cassel (1962) 1_2,"['Toolkit primary outcome', 'Mathematics primary outcome']",Primary outcome,Computer Arithmetic Test Score (12th Grd-combined means boys & girls),NA,NA,NA,NA,NA,NA,NA,NA,NA,NA,NA,NA,NA,NA,NA,NA,NA,NA,NA,NA,NA,NA,NA,NA
46325672,Cassel (1962) 1_2,"['Toolkit primary outcome', 'Mathematics primary outcome']",Primary outcome,Computer Mathematics Achievement Test (Grade 12),NA,NA,NA,NA,NA,NA,NA,NA,NA,NA,NA,NA,NA,NA,NA,NA,NA,NA,NA,NA,NA,NA,NA,NA
41661305,Charles (1970),"['Toolkit primary outcome', 'Science primary outcome']",Primary outcome,Cloze Test I,NA,NA,NA,NA,NA,NA,NA,NA,NA,NA,NA,NA,NA,NA,NA,NA,NA,NA,NA,NA,NA,NA,NA,NA
41661195,Chien (2008),"['Toolkit primary outcome', 'Mathematics primary outcome']",Primary outcome,Post test Score (Mathematic),NA,NA,NA,NA,NA,NA,NA,NA,NA,NA,NA,NA,NA,NA,NA,NA,NA,NA,NA,NA,NA,NA,NA,NA
49769671,Chu (2014),"['Toolkit primary outcome', 'Mathematics primary outcome']",Primary outcome,Learning Achievement (Fractions) - Individualised Instruction,NA,NA,NA,NA,NA,NA,NA,NA,NA,NA,NA,NA,NA,NA,NA,NA,NA,NA,NA,NA,NA,NA,NA,NA
41661134,Clough (1971),"['Toolkit primary outcome', 'Mathematics primary outcome']",Primary outcome,SRA Maths total-– Individual. Instruct,['Other outcome'],Secondary outcome(s),SRA Maths concepts-– Individual. Instruct,['Other outcome'],Secondary outcome(s),SRA Computation -– Individual. Instruct,['Other outcome'],Secondary outcome(s),SRA Reasoning -– Individual. Instruct,NA,NA,NA,NA,NA,NA,NA,NA,NA,NA,NA,NA,NA,NA,NA
41661058,Cohen (1970),"['Toolkit primary outcome', 'Mathematics primary outcome']",Primary outcome,"SRA Modern Math Understanding Test, Form D (Post-test)",NA,NA,NA,NA,NA,NA,NA,NA,NA,NA,NA,NA,NA,NA,NA,NA,NA,NA,NA,NA,NA,NA,NA,NA
41661059,Corbin (1974),['Other outcome'],Primary outcome,IOWA test of Basic Skills- Arithmetic Concepts (Grade 7),['Other outcome'],Secondary outcome(s),IOWA test of Basic Skills-Arithmetic Concepts (Grade 8),['Other outcome'],Secondary outcome(s),IOWA test of Basic Skills-Arithmetic Problem Solving (Grade 7),"['Toolkit primary outcome', 'Mathematics primary outcome']",Primary outcome,IOWA - Arithmetic Concepts (Grade 7&8),['Other outcome'],Secondary outcome(s),IOWA - Problem solving (Grade 7&8),['Other outcome'],Secondary outcome(s),IOWA test of Basic Skills-Arithmetic Problem Solving (Grade 8),NA,NA,NA,NA,NA,NA,NA,NA,NA
41661060,Cowan (1967),"['Toolkit primary outcome', 'Reading primary outcome']",Primary outcome,STEP (R),['Science primary outcome'],Primary outcome,STEP (S),NA,NA,NA,NA,NA,NA,NA,NA,NA,NA,NA,NA,NA,NA,NA,NA,NA,NA,NA,NA,NA
49769718,Coyne (2013),"['Toolkit primary outcome', 'Reading primary outcome']",Primary outcome,CTOPP Sound matching - Individualised Instruction,['Other outcome'],Secondary outcome(s),CTOPP Blending Words  - Individualised  Instruction,['Other outcome'],Secondary outcome(s),WRMT-R/NUWord Attack - Individulised Instruction,['Other outcome'],Secondary outcome(s),Oral Reading Fluency - Individualised Instruction,['Other outcome'],Secondary outcome(s),TWS-4 - Individualied Instruction,NA,NA,NA,NA,NA,NA,NA,NA,NA,NA,NA,NA
49769711,Craig (2013),"['Toolkit primary outcome', 'Mathematics primary outcome']",Primary outcome,6th Grade TCAP - Individualised Instruction,NA,NA,NA,NA,NA,NA,NA,NA,NA,NA,NA,NA,NA,NA,NA,NA,NA,NA,NA,NA,NA,NA,NA,NA
41661061,Crangle (1971),"['Toolkit primary outcome', 'Mathematics primary outcome']",Primary outcome,Maths Achievement ,NA,NA,NA,NA,NA,NA,NA,NA,NA,NA,NA,NA,NA,NA,NA,NA,NA,NA,NA,NA,NA,NA,NA,NA
41661104,Crawford (1970),"['Toolkit primary outcome', 'Reading primary outcome']",Primary outcome,Wide Range Achievement Test,['Other outcome'],Secondary outcome(s),Wide Range Achievement Test (pre-post ES difference),NA,NA,NA,NA,NA,NA,NA,NA,NA,NA,NA,NA,NA,NA,NA,NA,NA,NA,NA,NA,NA
41661309,Crocker (1974),"['Toolkit primary outcome', 'Science primary outcome']",Primary outcome,Achievement Test,NA,NA,NA,NA,NA,NA,NA,NA,NA,NA,NA,NA,NA,NA,NA,NA,NA,NA,NA,NA,NA,NA,NA,NA
41661062,Crosby (1960),"['Toolkit primary outcome', 'Mathematics primary outcome']",Primary outcome,Mathematics Achievement Test,NA,NA,NA,NA,NA,NA,NA,NA,NA,NA,NA,NA,NA,NA,NA,NA,NA,NA,NA,NA,NA,NA,NA,NA
41661063,Crosby (1960),"['Toolkit primary outcome', 'Mathematics primary outcome']",Primary outcome,Algebra- Individ. Instr.-A+B,NA,NA,NA,NA,NA,NA,NA,NA,NA,NA,NA,NA,NA,NA,NA,NA,NA,NA,NA,NA,NA,NA,NA,NA
41661310,Darnowski (1968),"['Toolkit primary outcome', 'Science primary outcome']",Primary outcome,Nuclear Chemistry - Science - Branched vs Control,['Other outcome'],Secondary outcome(s),Nuclear Chemistry - Linear (short-step) vs Control,['Other outcome'],Secondary outcome(s),Nuclear Chemistry - Linear (long-step) vs Control,NA,NA,NA,NA,NA,NA,NA,NA,NA,NA,NA,NA,NA,NA,NA,NA,NA,NA
41661313,Denton (1972),"['Toolkit primary outcome', 'Science primary outcome']",Primary outcome,Physics Achievement Instrument,NA,NA,NA,NA,NA,NA,NA,NA,NA,NA,NA,NA,NA,NA,NA,NA,NA,NA,NA,NA,NA,NA,NA,NA
41661312,Denton (1975),"['Toolkit primary outcome', 'Science primary outcome']",Primary outcome,Objectives mastered,NA,NA,NA,NA,NA,NA,NA,NA,NA,NA,NA,NA,NA,NA,NA,NA,NA,NA,NA,NA,NA,NA,NA,NA
49769719,Denton (2013),"['Toolkit primary outcome', 'Reading primary outcome']",Primary outcome,WJ III Basic Reading,['Other outcome'],Primary outcome,WJ III Letter Word Identification,['Other outcome'],Primary outcome,WJ III Passage Comprehension,['Other outcome'],Primary outcome,WJ III Word Attack,['Other outcome'],Secondary outcome(s),TOWRE Word Reading Efficiency,['Other outcome'],Secondary outcome(s),TOWRE Phonemic Decoding Efficiency,NA,NA,NA,NA,NA,NA,NA,NA,NA
41661105,Dick (1970),"['Toolkit primary outcome', 'Other outcome']",Primary outcome,Post test Score,NA,NA,NA,NA,NA,NA,NA,NA,NA,NA,NA,NA,NA,NA,NA,NA,NA,NA,NA,NA,NA,NA,NA,NA
41661137,Earnshaw (1972),"['Toolkit primary outcome', 'Reading primary outcome']",Primary outcome,Gates-MacGinitie (Comprehension),['Other outcome'],Secondary outcome(s),Gates-MacGinitie (Vocabulary),['Mathematics primary outcome'],Secondary outcome(s),Metropolitan Achievement Test (Maths),NA,NA,NA,NA,NA,NA,NA,NA,NA,NA,NA,NA,NA,NA,NA,NA,NA,NA
41661065,Englert (1972),['Other outcome'],Primary outcome,Algebra Test  (Teacher A)- Individualised instruction,['Other outcome'],Primary outcome,Algebra Test (Teacher B) - Individualised instruction,['Other outcome'],Primary outcome,Algebra Test (Teacher C) - Individualised instruction,"['Toolkit primary outcome', 'Mathematics primary outcome']",Primary outcome,Algebra Test: Teachers A+B+C: Individualised instruction,NA,NA,NA,NA,NA,NA,NA,NA,NA,NA,NA,NA,NA,NA,NA
41661315,Eshleman (1967),"['Toolkit primary outcome', 'Science primary outcome']",Primary outcome,Solar and Cells combined Immediate learning and retention combined,NA,NA,NA,NA,NA,NA,NA,NA,NA,NA,NA,NA,NA,NA,NA,NA,NA,NA,NA,NA,NA,NA,NA,NA
47269795,Evans (1985) II,"['Toolkit primary outcome', 'Reading primary outcome']",Primary outcome,Stanford Cloze,['Other outcome'],Secondary outcome(s),All three Passages,NA,NA,NA,NA,NA,NA,NA,NA,NA,NA,NA,NA,NA,NA,NA,NA,NA,NA,NA,NA,NA
49769712,Fanusi (2015),"['Toolkit primary outcome', 'Mathematics primary outcome']",Primary outcome,CRCT math scores,NA,NA,NA,NA,NA,NA,NA,NA,NA,NA,NA,NA,NA,NA,NA,NA,NA,NA,NA,NA,NA,NA,NA,NA
41661141,Ferney (1969),"['Toolkit primary outcome', 'Reading primary outcome']",Primary outcome,CAT: Reading- Individual. Instr.,['Mathematics primary outcome'],Secondary outcome(s),CAT: maths -Indiv. instr.,NA,NA,NA,NA,NA,NA,NA,NA,NA,NA,NA,NA,NA,NA,NA,NA,NA,NA,NA,NA,NA
41661142,Fielder (1971) 1_1,"['Toolkit primary outcome', 'Mathematics primary outcome']",Primary outcome,Stanford Achievement Test (Computation),['Other outcome'],Secondary outcome(s),Stanford Achievement Test (Concepts),['Other outcome'],Secondary outcome(s),Stanford Achievement Test (Applications),NA,NA,NA,NA,NA,NA,NA,NA,NA,NA,NA,NA,NA,NA,NA,NA,NA,NA
45336731,Fielder (1971) 1_2,"['Toolkit primary outcome', 'Mathematics primary outcome']",Primary outcome,Stanford Achievement Test (Computation),['Other outcome'],Secondary outcome(s),Stanford Achievement Test (Concepts),['Other outcome'],Secondary outcome(s),Stanford Achievement Test (Applications),NA,NA,NA,NA,NA,NA,NA,NA,NA,NA,NA,NA,NA,NA,NA,NA,NA,NA
41661066,Fisher (1967) 1_1,"['Toolkit primary outcome', 'Mathematics primary outcome']",Primary outcome,Arithmetic reasoning,['Other outcome'],Primary outcome,Arithmetic Fundamentals,NA,NA,NA,NA,NA,NA,NA,NA,NA,NA,NA,NA,NA,NA,NA,NA,NA,NA,NA,NA,NA
45336732,Fisher (1967) 1_2,"['Toolkit primary outcome', 'Mathematics primary outcome']",Primary outcome,California Test of Basic Skills (Arithmetic Reasoning),['Other outcome'],Secondary outcome(s),California Test of Basic Skills (Fundamentals),NA,NA,NA,NA,NA,NA,NA,NA,NA,NA,NA,NA,NA,NA,NA,NA,NA,NA,NA,NA,NA
41661143,Fisher (1968) 1_1,"['Toolkit primary outcome', 'Mathematics primary outcome']",Primary outcome,Metropolitan Achievement Test (Grade Equivalent Score) ,['Mathematics primary outcome'],Secondary outcome(s),IOWA Basic Skills Test- Arithmetic Concepts (Grade Equivalent),['Other outcome'],Secondary outcome(s),IOWA Basic Skill Test- Arithmetic Problem Solving (Grade Equivalent),NA,NA,NA,NA,NA,NA,NA,NA,NA,NA,NA,NA,NA,NA,NA,NA,NA,NA
45336733,Fisher (1968) 1_2,"['Toolkit primary outcome', 'Mathematics primary outcome']",Primary outcome,Metropolitan Achievement Score (Grade Equivalent,['Other outcome'],Secondary outcome(s),IOWA Basic Skill Test- Arithmetic Concept (Grade Equivalent),['Other outcome'],Secondary outcome(s),IOWA Basic Skill Test- Arithmetic Problem Solving (Grade Equivalent),NA,NA,NA,NA,NA,NA,NA,NA,NA,NA,NA,NA,NA,NA,NA,NA,NA,NA
41661067,Fisher (1973),"['Toolkit primary outcome', 'Mathematics primary outcome']",Primary outcome,Maths Achievement scores,NA,NA,NA,NA,NA,NA,NA,NA,NA,NA,NA,NA,NA,NA,NA,NA,NA,NA,NA,NA,NA,NA,NA,NA
41661068,Fremont (1963),"['Toolkit primary outcome', 'Mathematics primary outcome']",Primary outcome,STEP- Individ.Instr. - 1 year group,['Other outcome'],Primary outcome,STEP - Ind.Instr-  2 year group,['Other outcome'],Secondary outcome(s),SCAT - Ind.Instr- 1 year group,['Other outcome'],Secondary outcome(s),SCAT - Ind.Instr- 2 year group,NA,NA,NA,NA,NA,NA,NA,NA,NA,NA,NA,NA,NA,NA,NA
41661069,Friend (1968),"['Toolkit primary outcome', 'Science primary outcome']",Primary outcome,Watson-Glaser Critical Thinking Appraisal ,['Other outcome'],,Test of Understanding Science,NA,NA,NA,NA,NA,NA,NA,NA,NA,NA,NA,NA,NA,NA,NA,NA,NA,NA,NA,NA,NA
41661317,Fritz (1963),"['Toolkit primary outcome', 'Science primary outcome']",Primary outcome,Cognitive Achievement - Individualised instruction,NA,NA,NA,NA,NA,NA,NA,NA,NA,NA,NA,NA,NA,NA,NA,NA,NA,NA,NA,NA,NA,NA,NA,NA
49769721,Fuchs (1992),"['Toolkit primary outcome', 'Reading primary outcome']",Primary outcome,CRAB- Words Correct,['Writing and spelling primary outcome.'],Primary outcome,CRAB- Total Words Written,['Other outcome'],Secondary outcome(s),CRAB- Correct questions,NA,NA,NA,NA,NA,NA,NA,NA,NA,NA,NA,NA,NA,NA,NA,NA,NA,NA
41661319,Fulton (1970),"['Toolkit primary outcome', 'Science primary outcome']",Primary outcome,Iowa BSCS science- Individ.Instr,['Other outcome'],Secondary outcome(s),Nelson - Ind.Instr,NA,NA,NA,NA,NA,NA,NA,NA,NA,NA,NA,NA,NA,NA,NA,NA,NA,NA,NA,NA,NA
41661146,Gaskill (1971) 1_1,"['Toolkit primary outcome', 'Other outcome']",Primary outcome,Comprehensive Test of Basic Skills,['Other outcome'],Secondary outcome(s),Comprehensive Test of Basic Skills ,['Other outcome'],Secondary outcome(s),Comprehensive Test of Basic Skills,NA,NA,NA,NA,NA,NA,NA,NA,NA,NA,NA,NA,NA,NA,NA,NA,NA,NA
45336736,Gaskill (1971) 1_2,"['Toolkit primary outcome', 'Other outcome']",Primary outcome,Comprehensive Test of Basic Skills,['Other outcome'],Secondary outcome(s),Comprehensive Test of Basic Skills,['Other outcome'],Secondary outcome(s),Comprehensive Test of Basic Skills,NA,NA,NA,NA,NA,NA,NA,NA,NA,NA,NA,NA,NA,NA,NA,NA,NA,NA
49769739,Gegner (2009),"['Toolkit primary outcome', 'Reading primary outcome']",Primary outcome,Comprehension Test Measure,NA,NA,NA,NA,NA,NA,NA,NA,NA,NA,NA,NA,NA,NA,NA,NA,NA,NA,NA,NA,NA,NA,NA,NA
49769677,Gijlers (2013),"['Toolkit primary outcome', 'Science primary outcome']",Primary outcome,Intuitive Knowledge Test,['Other outcome'],Primary outcome,Proposition Test,['Other outcome'],Secondary outcome(s),Structural Knowledge Test,NA,NA,NA,NA,NA,NA,NA,NA,NA,NA,NA,NA,NA,NA,NA,NA,NA,NA
41661107,Glaser (1966),"['Toolkit primary outcome', 'Mathematics primary outcome']",Primary outcome,Cooperative Mathematics Test (Grade 9),NA,NA,NA,NA,NA,NA,NA,NA,NA,NA,NA,NA,NA,NA,NA,NA,NA,NA,NA,NA,NA,NA,NA,NA
41661324,Glass (1970),"['Toolkit primary outcome', 'Science primary outcome']",Primary outcome,TOUS - Indiv.Instr.,['Other outcome'],Secondary outcome(s),FAS - Indiv.Instr.,NA,NA,NA,NA,NA,NA,NA,NA,NA,NA,NA,NA,NA,NA,NA,NA,NA,NA,NA,NA,NA
41661148,Godde (1972) 1_1,"['Toolkit primary outcome', 'Other outcome']",Primary outcome,Aural Comprehension,['Other outcome'],Secondary outcome(s),Math,['Other outcome'],Secondary outcome(s),Letters and Sounds,['Other outcome'],Secondary outcome(s),Environment,NA,NA,NA,NA,NA,NA,NA,NA,NA,NA,NA,NA,NA,NA,NA
45336737,Godde (1972) 1_2,"['Toolkit primary outcome', 'Reading primary outcome']",Primary outcome,Reading,['Mathematics primary outcome'],Secondary outcome(s),Arithmetics Concepts and Skills,['Other outcome'],Secondary outcome(s),Word Knowledge,NA,NA,NA,NA,NA,NA,NA,NA,NA,NA,NA,NA,NA,NA,NA,NA,NA,NA
47269804,Goldner (1973) II,"['Toolkit primary outcome', 'Reading primary outcome']",Primary outcome,Iowa Test of Basic Skills ( Language arts vs control),['Mathematics primary outcome'],Secondary outcome(s),Iowa Test of Basic Skills (Arithmetic vs Control),NA,NA,NA,NA,NA,NA,NA,NA,NA,NA,NA,NA,NA,NA,NA,NA,NA,NA,NA,NA,NA
41661203,Graff (2008),"['Toolkit primary outcome', 'Mathematics primary outcome']",Primary outcome,Maths posttest eFit v no eFit,NA,NA,NA,NA,NA,NA,NA,NA,NA,NA,NA,NA,NA,NA,NA,NA,NA,NA,NA,NA,NA,NA,NA,NA
49769714,Grenier (2013),"['Toolkit primary outcome', 'Mathematics primary outcome']",Primary outcome,Post test Mathematics Scores,NA,NA,NA,NA,NA,NA,NA,NA,NA,NA,NA,NA,NA,NA,NA,NA,NA,NA,NA,NA,NA,NA,NA,NA
41661071,Hanneman (1972),"['Toolkit primary outcome', 'Mathematics primary outcome']",Primary outcome,End-of-unit Tests (Post-test)- Individualised Instruction,['Other outcome'],Secondary outcome(s),End-of-unit tests (re-test) - Individualised Instruction,NA,NA,NA,NA,NA,NA,NA,NA,NA,NA,NA,NA,NA,NA,NA,NA,NA,NA,NA,NA,NA
41661151,Harper (1973) 1_1,"['Toolkit primary outcome', 'Mathematics primary outcome']",Primary outcome,Fifth Grade Maths Achievement ,['Other outcome'],Secondary outcome(s),Fifth Grade Maths Achievement ,['Other outcome'],Secondary outcome(s),Fifth Grade Maths Achievement ,['Other outcome'],Primary outcome,Fourth Grade Maths Achievement ,['Other outcome'],Secondary outcome(s),Fourth Grade Maths Achievement ,['Other outcome'],Secondary outcome(s),Fourth Grade Maths Achievement ,NA,NA,NA,NA,NA,NA,NA,NA,NA
45336745,Harper (1973) 1_2,"['Toolkit primary outcome', 'Mathematics primary outcome']",Primary outcome,Fifth Grade Maths Achievement ,['Other outcome'],Secondary outcome(s),Fifth Grade Maths Achievement ,['Other outcome'],Secondary outcome(s),Fifth Grade Maths Achievement ,['Other outcome'],Primary outcome,Fourth Grade Maths Achievement,['Other outcome'],Secondary outcome(s),Fourth Grade Maths Achievement ,['Other outcome'],Secondary outcome(s),Fourth Grade Maths Achievement ,NA,NA,NA,NA,NA,NA,NA,NA,NA
41661328,Heffernan (1973),"['Toolkit primary outcome', 'Science primary outcome']",Primary outcome,Test of Science Knowledge,['Other outcome'],Secondary outcome(s),Watson Glaser Critical Thinking,NA,NA,NA,NA,NA,NA,NA,NA,NA,NA,NA,NA,NA,NA,NA,NA,NA,NA,NA,NA,NA
41661152,Herceg (1972),"['Toolkit primary outcome', 'Mathematics primary outcome']",Primary outcome,"Criterion-Referenced Test  (Middle track, Business as usual control) - Individualised Instruction",['Other outcome'],Secondary outcome(s),"Criterion-Referenced  Test (Middle track, Active control) - Individualised Instruction",['Other outcome'],Secondary outcome(s),"Criterion-Referenced Test  (Top track, business as usual) - Individualised Instruction",['Other outcome'],Secondary outcome(s),"Criterion-Referenced Test  (Top track, active control) - Individualised Instruction",NA,NA,NA,NA,NA,NA,NA,NA,NA,NA,NA,NA,NA,NA,NA
41661153,Hirsch (1972),"['Toolkit primary outcome', 'Mathematics primary outcome']",Primary outcome,Initial Learning Scores adjusted,['Other outcome'],Secondary outcome(s),Vertical Transfer Scores,['Other outcome'],Secondary outcome(s),Lateral Transfer Scores,NA,NA,NA,NA,NA,NA,NA,NA,NA,NA,NA,NA,NA,NA,NA,NA,NA,NA
49769715,Hu (2012),"['Toolkit primary outcome', 'Mathematics primary outcome']",Primary outcome,Tennessee Comprehensive Assessment Program,NA,NA,NA,NA,NA,NA,NA,NA,NA,NA,NA,NA,NA,NA,NA,NA,NA,NA,NA,NA,NA,NA,NA,NA
49769716,Huang (2016),"['Toolkit primary outcome', 'Mathematics primary outcome']",Primary outcome,Tennessee Comprehensive Assessment Program(TCAP),NA,NA,NA,NA,NA,NA,NA,NA,NA,NA,NA,NA,NA,NA,NA,NA,NA,NA,NA,NA,NA,NA,NA,NA
41660978,Hug (1969),"['Toolkit primary outcome', 'Science primary outcome']",Primary outcome,Researcher-designed Cognitive Test - Individualised instruction,NA,NA,NA,NA,NA,NA,NA,NA,NA,NA,NA,NA,NA,NA,NA,NA,NA,NA,NA,NA,NA,NA,NA,NA
41661209,Hwang (2008),"['Toolkit primary outcome', 'Mathematics primary outcome']",Primary outcome,Post test (Mathematics Score),NA,NA,NA,NA,NA,NA,NA,NA,NA,NA,NA,NA,NA,NA,NA,NA,NA,NA,NA,NA,NA,NA,NA,NA
41661072,Inskeep (1969),"['Toolkit primary outcome', 'Science primary outcome']",Primary outcome,Unit Achievement Scores (High Ranked ),['Other outcome'],Primary outcome,Unit Achievement Test (Low Ranked),NA,NA,NA,NA,NA,NA,NA,NA,NA,NA,NA,NA,NA,NA,NA,NA,NA,NA,NA,NA,NA
41661335,Jacobs (1961) 1_1,"['Toolkit primary outcome', 'Science primary outcome']",Primary outcome,Achievement score unit 1,NA,NA,NA,NA,NA,NA,NA,NA,NA,NA,NA,NA,NA,NA,NA,NA,NA,NA,NA,NA,NA,NA,NA,NA
45336751,Jacobs (1961) 1_2,"['Toolkit primary outcome', 'Science primary outcome']",Primary outcome,Achievement score unit 2,NA,NA,NA,NA,NA,NA,NA,NA,NA,NA,NA,NA,NA,NA,NA,NA,NA,NA,NA,NA,NA,NA,NA,NA
41661073,James (1969),"['Toolkit primary outcome', 'Science primary outcome']",Primary outcome,Anderson fisk chemisrty adjusted f ratio,NA,NA,NA,NA,NA,NA,NA,NA,NA,NA,NA,NA,NA,NA,NA,NA,NA,NA,NA,NA,NA,NA,NA,NA
47269818,Jerman (1973) II 1_1,"['Toolkit primary outcome', 'Mathematics primary outcome']",Primary outcome,Word Problems (P501)- Treatment 1 vs Control,['Other outcome'],Secondary outcome(s),Word Problems (F502)- Treatment 1 vs Control,NA,NA,NA,NA,NA,NA,NA,NA,NA,NA,NA,NA,NA,NA,NA,NA,NA,NA,NA,NA,NA
47269819,Jerman (1973) II 1_2,"['Toolkit primary outcome', 'Mathematics primary outcome']",Primary outcome,Word Problems(P501)- Treatment 2 vs Control,['Other outcome'],Secondary outcome(s),Word Problem (F502)- Treatment 2 vs Control,NA,NA,NA,NA,NA,NA,NA,NA,NA,NA,NA,NA,NA,NA,NA,NA,NA,NA,NA,NA,NA
41661338,Johnson (1972),"['Toolkit primary outcome', 'Science primary outcome']",Primary outcome,Biology Achievement Test,NA,NA,NA,NA,NA,NA,NA,NA,NA,NA,NA,NA,NA,NA,NA,NA,NA,NA,NA,NA,NA,NA,NA,NA
41661154,Johnson (1972) 1_1,"['Toolkit primary outcome', 'Mathematics primary outcome']",Primary outcome,Standardised Maths Achievement Test,NA,NA,NA,NA,NA,NA,NA,NA,NA,NA,NA,NA,NA,NA,NA,NA,NA,NA,NA,NA,NA,NA,NA,NA
45336752,Johnson (1972) 1_2,"['Toolkit primary outcome', 'Mathematics primary outcome']",Primary outcome,Standardised Maths Achievement (ITBS),NA,NA,NA,NA,NA,NA,NA,NA,NA,NA,NA,NA,NA,NA,NA,NA,NA,NA,NA,NA,NA,NA,NA,NA
40642426,Jones (1948),"['Toolkit primary outcome', 'Other outcome']",Primary outcome,ALL_Average Differences,NA,NA,NA,NA,NA,NA,NA,NA,NA,NA,NA,NA,NA,NA,NA,NA,NA,NA,NA,NA,NA,NA,NA,NA
49769722,Jones (1988),"['Toolkit primary outcome', 'Reading primary outcome']",Primary outcome,Passage Reading test,['Other outcome'],Primary outcome,Reading Comprehension,['Mathematics primary outcome'],Secondary outcome(s),Arithmetic Computation test,NA,NA,NA,NA,NA,NA,NA,NA,NA,NA,NA,NA,NA,NA,NA,NA,NA,NA
41661074,Kahle (1976),"['Toolkit primary outcome', 'Science primary outcome']",Primary outcome,Biology - Ind.Instr.,NA,NA,NA,NA,NA,NA,NA,NA,NA,NA,NA,NA,NA,NA,NA,NA,NA,NA,NA,NA,NA,NA,NA,NA
49769734,Kanive (2014),"['Toolkit primary outcome', 'Mathematics primary outcome']",Primary outcome,Digits Correct per minute,['Other outcome'],Secondary outcome(s),Word Problem Generalization,NA,NA,NA,NA,NA,NA,NA,NA,NA,NA,NA,NA,NA,NA,NA,NA,NA,NA,NA,NA,NA
41661214,Koedinger (1997),"['Toolkit primary outcome', 'Mathematics primary outcome']",Primary outcome,Iowa Algebra - In.I.:PUMP+PAT,['Other outcome'],Secondary outcome(s),Maths SAT - In.I -PUMP+PAT,['Other outcome'],Secondary outcome(s),Maths - In.I-PUMP+PAT (probl),['Other outcome'],Secondary outcome(s),Maths - In.I - PUMP+PAT(repres),NA,NA,NA,NA,NA,NA,NA,NA,NA,NA,NA,NA,NA,NA,NA
41661343,Koenig (1972) 1_1,"['Toolkit primary outcome', 'Science primary outcome']",Primary outcome,Science test,NA,NA,NA,NA,NA,NA,NA,NA,NA,NA,NA,NA,NA,NA,NA,NA,NA,NA,NA,NA,NA,NA,NA,NA
46325681,Koenig (1972) 1_2,"['Toolkit primary outcome', 'Reading primary outcome']",Primary outcome,Reading,NA,NA,NA,NA,NA,NA,NA,NA,NA,NA,NA,NA,NA,NA,NA,NA,NA,NA,NA,NA,NA,NA,NA,NA
49769681,Korganci (2014),"['Toolkit primary outcome', 'Science primary outcome']",Primary outcome,Physics Achievement Test,NA,NA,NA,NA,NA,NA,NA,NA,NA,NA,NA,NA,NA,NA,NA,NA,NA,NA,NA,NA,NA,NA,NA,NA
41661344,Krockover (1970),"['Toolkit primary outcome', 'Science primary outcome']",Primary outcome,Total test score f ratio,NA,NA,NA,NA,NA,NA,NA,NA,NA,NA,NA,NA,NA,NA,NA,NA,NA,NA,NA,NA,NA,NA,NA,NA
41661076,Kulm (1977),"['Toolkit primary outcome', 'Mathematics primary outcome']",Primary outcome,Six week test ,['Other outcome'],Secondary outcome(s),Attitude Test (Math vs Dull),NA,NA,NA,NA,NA,NA,NA,NA,NA,NA,NA,NA,NA,NA,NA,NA,NA,NA,NA,NA,NA
41661218,Lanzilotti (2007),"['Toolkit primary outcome', 'Science primary outcome']",Primary outcome,Content Achievement ,NA,NA,NA,NA,NA,NA,NA,NA,NA,NA,NA,NA,NA,NA,NA,NA,NA,NA,NA,NA,NA,NA,NA,NA
41661077,LaPlaca (1974),"['Toolkit primary outcome', 'Mathematics primary outcome']",Primary outcome,Mathematics Achievement (Total Score) - Individualised Instruction,NA,NA,NA,NA,NA,NA,NA,NA,NA,NA,NA,NA,NA,NA,NA,NA,NA,NA,NA,NA,NA,NA,NA,NA
47269829,Leinhardt (1981) II,"['Toolkit primary outcome', 'Reading primary outcome']",Primary outcome,Post test:SAT,NA,NA,NA,NA,NA,NA,NA,NA,NA,NA,NA,NA,NA,NA,NA,NA,NA,NA,NA,NA,NA,NA,NA,NA
41661219,Lesta (2002),"['Toolkit primary outcome', 'Writing and spelling primary outcome.']",Primary outcome,End of Year Exam Question,['Other outcome'],Secondary outcome(s),Regular Homework ,NA,NA,NA,NA,NA,NA,NA,NA,NA,NA,NA,NA,NA,NA,NA,NA,NA,NA,NA,NA,NA
41660991,Lindsay (1974),"['Toolkit primary outcome', 'Science primary outcome']",Primary outcome,Chemistry Achievement,NA,NA,NA,NA,NA,NA,NA,NA,NA,NA,NA,NA,NA,NA,NA,NA,NA,NA,NA,NA,NA,NA,NA,NA
41661346,Linn (1974),"['Toolkit primary outcome', 'Science primary outcome']",Primary outcome,Science Process Test (Experimentation) - Individualised Instruction,['Other outcome'],Secondary outcome(s),Science Process Test (Variables) - Individualised Instruction,NA,NA,NA,NA,NA,NA,NA,NA,NA,NA,NA,NA,NA,NA,NA,NA,NA,NA,NA,NA,NA
47269831,Linn (1976) II,"['Toolkit primary outcome', 'Science primary outcome']",Primary outcome,Science Processing Test (Variables),['Other outcome'],Secondary outcome(s),Science Processing Test (Experimentation),NA,NA,NA,NA,NA,NA,NA,NA,NA,NA,NA,NA,NA,NA,NA,NA,NA,NA,NA,NA,NA
41661078,Ludeman (1973),"['Toolkit primary outcome', 'Mathematics primary outcome']",Primary outcome,Algebra postest,NA,NA,NA,NA,NA,NA,NA,NA,NA,NA,NA,NA,NA,NA,NA,NA,NA,NA,NA,NA,NA,NA,NA,NA
41661079,Malcom (1973),"['Toolkit primary outcome', 'Mathematics primary outcome']",Primary outcome,Cooperative Arithmetic Test (Grade 9),['Other outcome'],Secondary outcome(s),Cooperative Arithmetic Test (Grade 8),['Other outcome'],Secondary outcome(s),Cooperative Arithmetic Test (GRADE 7),NA,NA,NA,NA,NA,NA,NA,NA,NA,NA,NA,NA,NA,NA,NA,NA,NA,NA
47269836,Marquez (1976) II,"['Toolkit primary outcome', 'Reading primary outcome']",Primary outcome,Stanford Achievement Test – Reading Comprehension,['Mathematics primary outcome'],Secondary outcome(s),Stanford Achievement Test – Mathematics ,['Science primary outcome'],Secondary outcome(s),Stanford Achievement Test – Science,['Other outcome'],Secondary outcome(s),Stanford Achievement Test – Social Science,NA,NA,NA,NA,NA,NA,NA,NA,NA,NA,NA,NA,NA,NA,NA
41661349,Marshall (1970),"['Toolkit primary outcome', 'Science primary outcome']",Primary outcome,Final Examination Score,NA,NA,NA,NA,NA,NA,NA,NA,NA,NA,NA,NA,NA,NA,NA,NA,NA,NA,NA,NA,NA,NA,NA,NA
41661351,Martinez-Perez (1973),"['Toolkit primary outcome', 'Science primary outcome']",Primary outcome,Average Teacher Grading (ISCS vs Non-ISCS),NA,NA,NA,NA,NA,NA,NA,NA,NA,NA,NA,NA,NA,NA,NA,NA,NA,NA,NA,NA,NA,NA,NA,NA
41661221,McNamara (2006),['Other outcome'],Primary outcome,Self Explanation posttest adjusted for MSI,"['Toolkit primary outcome', 'Reading primary outcome']",Primary outcome,Comprehension postest adjusted for MSI,NA,NA,NA,NA,NA,NA,NA,NA,NA,NA,NA,NA,NA,NA,NA,NA,NA,NA,NA,NA,NA
41661272,Mendicino (2009),"['Toolkit primary outcome', 'Mathematics primary outcome']",Primary outcome,Homework Achievement ,NA,NA,NA,NA,NA,NA,NA,NA,NA,NA,NA,NA,NA,NA,NA,NA,NA,NA,NA,NA,NA,NA,NA,NA
49769717,Mertes (2013),"['Toolkit primary outcome', 'Mathematics primary outcome']",Primary outcome,District-Developed Concept Tests ,['Other outcome'],Secondary outcome(s),Spring 2013 MCA-III,NA,NA,NA,NA,NA,NA,NA,NA,NA,NA,NA,NA,NA,NA,NA,NA,NA,NA,NA,NA,NA
49769736,Mohd (2016),"['Toolkit primary outcome', 'Mathematics primary outcome']",Primary outcome,Mathematics Post-test,NA,NA,NA,NA,NA,NA,NA,NA,NA,NA,NA,NA,NA,NA,NA,NA,NA,NA,NA,NA,NA,NA,NA,NA
41661226,Morgan (2002),"['Toolkit primary outcome', 'Mathematics primary outcome']",Primary outcome,ETS EOC Score,NA,NA,NA,NA,NA,NA,NA,NA,NA,NA,NA,NA,NA,NA,NA,NA,NA,NA,NA,NA,NA,NA,NA,NA
41661082,Nanney (1973),"['Toolkit primary outcome', 'Mathematics primary outcome']",Primary outcome,"Stanford Achievement Test, Advanced form",NA,NA,NA,NA,NA,NA,NA,NA,NA,NA,NA,NA,NA,NA,NA,NA,NA,NA,NA,NA,NA,NA,NA,NA
41661083,Nix (1969),"['Toolkit primary outcome', 'Mathematics primary outcome']",Primary outcome,Mathematics Achievement Level,NA,NA,NA,NA,NA,NA,NA,NA,NA,NA,NA,NA,NA,NA,NA,NA,NA,NA,NA,NA,NA,NA,NA,NA
41661364,Nordland (1975),"['Toolkit primary outcome', 'Science primary outcome']",Primary outcome,Biology - Indiv. instruct.: AT group,NA,NA,NA,NA,NA,NA,NA,NA,NA,NA,NA,NA,NA,NA,NA,NA,NA,NA,NA,NA,NA,NA,NA,NA
41661163,O'Neill (1970),"['Toolkit primary outcome', 'Mathematics primary outcome']",Primary outcome,Maths skills - Indiv. instruct: systems approach group,NA,NA,NA,NA,NA,NA,NA,NA,NA,NA,NA,NA,NA,NA,NA,NA,NA,NA,NA,NA,NA,NA,NA,NA
41661366,O'Toole (1966),"['Toolkit primary outcome', 'Science primary outcome']",Primary outcome,Post test Mean Score (Group B vs C),['Other outcome'],Secondary outcome(s),Post Test Score (Group A vs B),NA,NA,NA,NA,NA,NA,NA,NA,NA,NA,NA,NA,NA,NA,NA,NA,NA,NA,NA,NA,NA
41661116,Opeola (1985),"['Toolkit primary outcome', 'Science primary outcome']",Primary outcome,Postest Photosythesis BPI vs LPI,['Other outcome'],Secondary outcome(s),Postest Photosythesis BPI vs LPI - HA,['Other outcome'],Secondary outcome(s),Postest Photosythesis BPI vs LPI - LA,NA,NA,NA,NA,NA,NA,NA,NA,NA,NA,NA,NA,NA,NA,NA,NA,NA,NA
41661117,Ord (1964),"['Toolkit primary outcome', 'Mathematics primary outcome']",Primary outcome,Average mark,NA,NA,NA,NA,NA,NA,NA,NA,NA,NA,NA,NA,NA,NA,NA,NA,NA,NA,NA,NA,NA,NA,NA,NA
49769694,Osman (2014),"['Toolkit primary outcome', 'Science primary outcome']",Primary outcome,Achievement Test,NA,NA,NA,NA,NA,NA,NA,NA,NA,NA,NA,NA,NA,NA,NA,NA,NA,NA,NA,NA,NA,NA,NA,NA
41661228,Pane (2010),"['Toolkit primary outcome', 'Mathematics primary outcome']",Primary outcome,Geometry Examination ,NA,NA,NA,NA,NA,NA,NA,NA,NA,NA,NA,NA,NA,NA,NA,NA,NA,NA,NA,NA,NA,NA,NA,NA
47269861,Parr (1981) II,"['Toolkit primary outcome', 'Reading primary outcome']",Primary outcome,CTBS reading,['Mathematics primary outcome'],Secondary outcome(s),CTBS Math,['Other outcome'],Secondary outcome(s),CTBS Language,NA,NA,NA,NA,NA,NA,NA,NA,NA,NA,NA,NA,NA,NA,NA,NA,NA,NA
41661372,Penn (1972),"['Toolkit primary outcome', 'Science primary outcome']",Primary outcome,ACCS/CHEMS,['Other outcome'],Secondary outcome(s),TOUS score,NA,NA,NA,NA,NA,NA,NA,NA,NA,NA,NA,NA,NA,NA,NA,NA,NA,NA,NA,NA,NA
41661084,Penner (1972),"['Toolkit primary outcome', 'Mathematics primary outcome']",Primary outcome,Trigonom. test - Indiv. Instruct.,NA,NA,NA,NA,NA,NA,NA,NA,NA,NA,NA,NA,NA,NA,NA,NA,NA,NA,NA,NA,NA,NA,NA,NA
41661085,Peterson (1970),"['Toolkit primary outcome', 'Science primary outcome']",Primary outcome,Interaction of Matter and Energy Achievement Test,['Other outcome'],Secondary outcome(s),Intelligence Quotients of Students,NA,NA,NA,NA,NA,NA,NA,NA,NA,NA,NA,NA,NA,NA,NA,NA,NA,NA,NA,NA,NA
41661374,Przekop (1969),"['Toolkit primary outcome', 'Science primary outcome']",Primary outcome,Achievement Test Score (Biology),NA,NA,NA,NA,NA,NA,NA,NA,NA,NA,NA,NA,NA,NA,NA,NA,NA,NA,NA,NA,NA,NA,NA,NA
49769697,Puntambekar (2003),"['Toolkit primary outcome', 'Science primary outcome']",Primary outcome,Science Knowledge Test (Essay),"['Toolkit primary outcome', 'Science primary outcome']",Primary outcome,Science Knowledge Test (Facts),NA,NA,NA,NA,NA,NA,NA,NA,NA,NA,NA,NA,NA,NA,NA,NA,NA,NA,NA,NA,NA
41661167,Putbrese (1971),"['Toolkit primary outcome', 'Mathematics primary outcome']",Primary outcome,IOWA Test of Basic Skills (Individualized vs Whole Group),['Other outcome'],Secondary outcome(s),May Evaluation (Individualized vs Whole Group),NA,NA,NA,NA,NA,NA,NA,NA,NA,NA,NA,NA,NA,NA,NA,NA,NA,NA,NA,NA,NA
41661234,Radwan (1997),"['Toolkit primary outcome', 'Mathematics primary outcome']",Primary outcome,Maths Scores Overall posttest adjusted for IQ (table 4.9),NA,NA,NA,NA,NA,NA,NA,NA,NA,NA,NA,NA,NA,NA,NA,NA,NA,NA,NA,NA,NA,NA,NA,NA
41661376,Reed (1974),"['Toolkit primary outcome', 'Science primary outcome']",Primary outcome,Stanford Achievement Test: Science,NA,NA,NA,NA,NA,NA,NA,NA,NA,NA,NA,NA,NA,NA,NA,NA,NA,NA,NA,NA,NA,NA,NA,NA
41661013,Ritter (1975),"['Toolkit primary outcome', 'Science primary outcome']",Primary outcome,BSCS Final Form K (Post test),['Other outcome'],Secondary outcome(s),Process of Science Test Form A ,NA,NA,NA,NA,NA,NA,NA,NA,NA,NA,NA,NA,NA,NA,NA,NA,NA,NA,NA,NA,NA
41661237,Ritter (2007),"['Toolkit primary outcome', 'Mathematics primary outcome']",Primary outcome,ETS Algebra I exam (ETS Scaled Scores),NA,NA,NA,NA,NA,NA,NA,NA,NA,NA,NA,NA,NA,NA,NA,NA,NA,NA,NA,NA,NA,NA,NA,NA
41661118,Roebuck (1970),"['Toolkit primary outcome', 'Science primary outcome']",,Physics Achievement ,NA,NA,NA,NA,NA,NA,NA,NA,NA,NA,NA,NA,NA,NA,NA,NA,NA,NA,NA,NA,NA,NA,NA,NA
41661278,Sarkis (2004),"['Toolkit primary outcome', 'Mathematics primary outcome']",Primary outcome,Florida Comprehensive Assessment Test,NA,NA,NA,NA,NA,NA,NA,NA,NA,NA,NA,NA,NA,NA,NA,NA,NA,NA,NA,NA,NA,NA,NA,NA
41661087,Scarpino (1971),"['Toolkit primary outcome', 'Science primary outcome']",Primary outcome,Anderson fisk posttest f ratio adjusted,NA,NA,NA,NA,NA,NA,NA,NA,NA,NA,NA,NA,NA,NA,NA,NA,NA,NA,NA,NA,NA,NA,NA,NA
41661088,Schaefer (1972),"['Toolkit primary outcome', 'Mathematics primary outcome']",Primary outcome,IOWA Test of Basic Skills (Mathematical Concepts),['Other outcome'],Secondary outcome(s),IOWA Test of Basic Skills (Problem Solving),['Other outcome'],Secondary outcome(s),Post test Mean (Combined Tests),NA,NA,NA,NA,NA,NA,NA,NA,NA,NA,NA,NA,NA,NA,NA,NA,NA,NA
41661089,Shavelson (1970),"['Toolkit primary outcome', 'Science primary outcome']",Primary outcome,Science-Indiv. Instruction,NA,NA,NA,NA,NA,NA,NA,NA,NA,NA,NA,NA,NA,NA,NA,NA,NA,NA,NA,NA,NA,NA,NA,NA
41661381,Shinfeld (1973),"['Toolkit primary outcome', 'Science primary outcome']",Primary outcome,ACS Post test,NA,NA,NA,NA,NA,NA,NA,NA,NA,NA,NA,NA,NA,NA,NA,NA,NA,NA,NA,NA,NA,NA,NA,NA
41661170,Shumaker (1973),"['Toolkit primary outcome', 'Mathematics primary outcome']",Primary outcome,Stanford Achievement Test (Computation subtest),['Other outcome'],Secondary outcome(s),Stanford Achievement Test (Concepts subtest),['Other outcome'],Secondary outcome(s),Application Sub-test of Stanford Achievement Test,NA,NA,NA,NA,NA,NA,NA,NA,NA,NA,NA,NA,NA,NA,NA,NA,NA,NA
41661382,Siddiqi (1973),"['Toolkit primary outcome', 'Science primary outcome']",Primary outcome,Educ.Service physics tests - Indiv.Instr.,NA,NA,NA,NA,NA,NA,NA,NA,NA,NA,NA,NA,NA,NA,NA,NA,NA,NA,NA,NA,NA,NA,NA,NA
41661383,Simmons (1971),"['Toolkit primary outcome', 'Science primary outcome']",Primary outcome,Biology - Indiv. Instr: Group I,['Other outcome'],Primary outcome,Biology - Indiv.Instru - Group II,NA,NA,NA,NA,NA,NA,NA,NA,NA,NA,NA,NA,NA,NA,NA,NA,NA,NA,NA,NA,NA
41661090,Sinks (1968),"['Toolkit primary outcome', 'Mathematics primary outcome']",Primary outcome,Maths STEP f ratio intervention v control table 13,['Writing and spelling primary outcome.'],Primary outcome,Writing STEP f ratio intervention v control table 11,NA,NA,NA,NA,NA,NA,NA,NA,NA,NA,NA,NA,NA,NA,NA,NA,NA,NA,NA,NA,NA
41661384,Slattery (1974),"['Toolkit primary outcome', 'Science primary outcome']",Primary outcome,Biology Regent Exams (Individualized 1970-71 vs Traditional),['Other outcome'],Primary outcome,Biology Regents Exam (Individualized 1971-72 vs Traditional),NA,NA,NA,NA,NA,NA,NA,NA,NA,NA,NA,NA,NA,NA,NA,NA,NA,NA,NA,NA,NA
43099518,Slavin (1983),['Other outcome'],Primary outcome,CTBS Mathematics Computation (f test),['Other outcome'],Secondary outcome(s),CTBS Mathematics Concept and Application (f test),"['Toolkit primary outcome', 'Mathematics primary outcome']",Primary outcome,Overall ES - both CTBS outcomes,NA,NA,NA,NA,NA,NA,NA,NA,NA,NA,NA,NA,NA,NA,NA,NA,NA,NA
40134840,Slavin (1984) 1_1,"['Toolkit primary outcome', 'Mathematics primary outcome']",Primary outcome,CTBS: Maths - Behav. Interv.,NA,NA,NA,NA,NA,NA,NA,NA,NA,NA,NA,NA,NA,NA,NA,NA,NA,NA,NA,NA,NA,NA,NA,NA
45336783,Slavin (1984) 1_2,"['Toolkit primary outcome', 'Mathematics primary outcome']",Primary outcome,CTBS Achievement (F test),NA,NA,NA,NA,NA,NA,NA,NA,NA,NA,NA,NA,NA,NA,NA,NA,NA,NA,NA,NA,NA,NA,NA,NA
47269869,Slavin (1984) II,"['Toolkit primary outcome', 'Mathematics primary outcome']",Primary outcome,Comprehensive Test of Basic Skills in Math,NA,NA,NA,NA,NA,NA,NA,NA,NA,NA,NA,NA,NA,NA,NA,NA,NA,NA,NA,NA,NA,NA,NA,NA
47269870,Slavin (1985) II,"['Toolkit primary outcome', 'Mathematics primary outcome']",Primary outcome,Comprehensive Test of Basic Skills in Math,NA,NA,NA,NA,NA,NA,NA,NA,NA,NA,NA,NA,NA,NA,NA,NA,NA,NA,NA,NA,NA,NA,NA,NA
47269871,Smith (1974) II,"['Toolkit primary outcome', 'Reading primary outcome']",Primary outcome,ITED Language Arts Test ,['Other outcome'],Secondary outcome(s),Composition (Writing),NA,NA,NA,NA,NA,NA,NA,NA,NA,NA,NA,NA,NA,NA,NA,NA,NA,NA,NA,NA,NA
41661243,Smith (2001),"['Toolkit primary outcome', 'Mathematics primary outcome']",Primary outcome,Algebra I SOL Post test Score,NA,NA,NA,NA,NA,NA,NA,NA,NA,NA,NA,NA,NA,NA,NA,NA,NA,NA,NA,NA,NA,NA,NA,NA
41661122,Spencer (1989),"['Toolkit primary outcome', 'Science primary outcome']",Primary outcome,Chemistry Post test score,NA,NA,NA,NA,NA,NA,NA,NA,NA,NA,NA,NA,NA,NA,NA,NA,NA,NA,NA,NA,NA,NA,NA,NA
41661026,Staniskis (1977),['Reading primary outcome'],Secondary outcome(s),California Achievement Test (CMISH vs Non-CMISH),"['Toolkit primary outcome', 'Science primary outcome']",Primary outcome,Last Grade Received in Science,NA,NA,NA,NA,NA,NA,NA,NA,NA,NA,NA,NA,NA,NA,NA,NA,NA,NA,NA,NA,NA
41661244,Stankov (2008),['Toolkit primary outcome'],Primary outcome,Combined outcome,NA,NA,NA,NA,NA,NA,NA,NA,NA,NA,NA,NA,NA,NA,NA,NA,NA,NA,NA,NA,NA,NA,NA,NA
41661388,Summerlin (1971),"['Toolkit primary outcome', 'Science primary outcome']",Primary outcome,Content Test,['Other outcome'],Secondary outcome(s),Content Test,NA,NA,NA,NA,NA,NA,NA,NA,NA,NA,NA,NA,NA,NA,NA,NA,NA,NA,NA,NA,NA
41661029,Summerlin (1973),"['Toolkit primary outcome', 'Science primary outcome']",Primary outcome,Post test Score,NA,NA,NA,NA,NA,NA,NA,NA,NA,NA,NA,NA,NA,NA,NA,NA,NA,NA,NA,NA,NA,NA,NA,NA
41661092,Sutton (1967),"['Toolkit primary outcome', 'Mathematics primary outcome']",Primary outcome,Arithm. Found. - Indiv. Instruct,['Other outcome'],Secondary outcome(s),Arithm Reasoning - Indiv.Instruct.,NA,NA,NA,NA,NA,NA,NA,NA,NA,NA,NA,NA,NA,NA,NA,NA,NA,NA,NA,NA,NA
41661390,Swanson (1977),"['Toolkit primary outcome', 'Science primary outcome']",Primary outcome,Chemistry test posttest keller v control,NA,NA,NA,NA,NA,NA,NA,NA,NA,NA,NA,NA,NA,NA,NA,NA,NA,NA,NA,NA,NA,NA,NA,NA
41661172,Tack (1972),"['Toolkit primary outcome', 'Reading primary outcome']",Primary outcome,Metropolitan Achievement Test (Grade two)- word knowledge,['Mathematics primary outcome'],Primary outcome,Wide Range Achievement Test (Grade 1)- Arithmetic Computation,['Other outcome'],Secondary outcome(s),Metropolitan Achievement Test (Grade 3& 4)- Word Knowledge,['Other outcome'],Secondary outcome(s),Metropolitan Achievement Test (Grade 3& 4)- Arithmetic Computation,NA,NA,NA,NA,NA,NA,NA,NA,NA,NA,NA,NA,NA,NA,NA
43099473,Tarim (2008),"['Toolkit primary outcome', 'Mathematics primary outcome']",Primary outcome,Mathematics Achievement Test (TAI vs Control),['Other outcome'],Secondary outcome(s),Mathematics Achievement Test (TAI vs STAD),NA,NA,NA,NA,NA,NA,NA,NA,NA,NA,NA,NA,NA,NA,NA,NA,NA,NA,NA,NA,NA
41661094,Taylor (1972),"['Toolkit primary outcome', 'Mathematics primary outcome']",Primary outcome,Achievement gain scores,NA,NA,NA,NA,NA,NA,NA,NA,NA,NA,NA,NA,NA,NA,NA,NA,NA,NA,NA,NA,NA,NA,NA,NA
41661173,Taylor (1972),['Other outcome'],Primary outcome,SAT: Comput - Gr2 - Ind.Ins,['Other outcome'],Secondary outcome(s),SAT: Concepts- Gr2 - Ind.Inst,['Other outcome'],Primary outcome,SAT: Comput - Gr 4 - Ind.Instr,['Other outcome'],Primary outcome,SAT: Comput.-Gr6 - Ind.Inst,"['Toolkit primary outcome', 'Mathematics primary outcome']",Primary outcome,SAT: Computation_Combined (GR2+GR4+Gr6),['Other outcome'],Secondary outcome(s),SAT: concepts-Gr6 - Ind.Instr,['Other outcome'],Secondary outcome(s),SAT: Applic.-Gr6 - Ind.Inst.,['Other outcome'],Secondary outcome(s),SAT: Concepts - Gr4 - Indiv.Inst,['Other outcome'],Secondary outcome(s),SAT: Applications-Gr4 - Ind.Inst.
45336795,Tenenbaum (1982) II 1_1,"['Toolkit primary outcome', 'Science primary outcome']",Primary outcome,Summative Science Achievement,NA,NA,NA,NA,NA,NA,NA,NA,NA,NA,NA,NA,NA,NA,NA,NA,NA,NA,NA,NA,NA,NA,NA,NA
49106843,Tenenbaum (1982) II 1_2,"['Toolkit primary outcome', 'Mathematics primary outcome']",Primary outcome,Level of achievement (algebra),NA,NA,NA,NA,NA,NA,NA,NA,NA,NA,NA,NA,NA,NA,NA,NA,NA,NA,NA,NA,NA,NA,NA,NA
41661095,Thomas (1972),"['Toolkit primary outcome', 'Mathematics primary outcome']",Primary outcome,Mathematics Achievement Test,NA,NA,NA,NA,NA,NA,NA,NA,NA,NA,NA,NA,NA,NA,NA,NA,NA,NA,NA,NA,NA,NA,NA,NA
41661392,Thornton (1970),"['Toolkit primary outcome', 'Science primary outcome']",Primary outcome,Achievement ,NA,NA,NA,NA,NA,NA,NA,NA,NA,NA,NA,NA,NA,NA,NA,NA,NA,NA,NA,NA,NA,NA,NA,NA
41661394,Troost (1971),"['Toolkit primary outcome', 'Science primary outcome']",Primary outcome,Science Test,NA,NA,NA,NA,NA,NA,NA,NA,NA,NA,NA,NA,NA,NA,NA,NA,NA,NA,NA,NA,NA,NA,NA,NA
41661177,Verheul (1971),"['Toolkit primary outcome', 'Mathematics primary outcome']",Primary outcome,Comprehensive Test of Basic Skills,NA,NA,NA,NA,NA,NA,NA,NA,NA,NA,NA,NA,NA,NA,NA,NA,NA,NA,NA,NA,NA,NA,NA,NA
41661035,Volker (1970),"['Toolkit primary outcome', 'Science primary outcome']",Primary outcome,Post test,NA,NA,NA,NA,NA,NA,NA,NA,NA,NA,NA,NA,NA,NA,NA,NA,NA,NA,NA,NA,NA,NA,NA,NA
41661400,Waine (1970),"['Toolkit primary outcome', 'Science primary outcome']",Primary outcome,Chemistry Posttest,['Other outcome'],Secondary outcome(s),Nelson Biology Test,NA,NA,NA,NA,NA,NA,NA,NA,NA,NA,NA,NA,NA,NA,NA,NA,NA,NA,NA,NA,NA
41661282,Walles (2005),['Other outcome'],Primary outcome,SAT Math exams (Geometry)- Composite Score,"['Toolkit primary outcome', 'Mathematics primary outcome']",Primary outcome,SAT Math Score (Algebra)-Composite Score,NA,NA,NA,NA,NA,NA,NA,NA,NA,NA,NA,NA,NA,NA,NA,NA,NA,NA,NA,NA,NA
41661179,Wasden (1971),"['Toolkit primary outcome', 'Reading primary outcome']",Primary outcome,SAT Wording Meaning f ratio,['Other outcome'],Secondary outcome(s),SAT paragraph meaning f ratio,['Other outcome'],Secondary outcome(s),SAT language f ratio,NA,NA,NA,NA,NA,NA,NA,NA,NA,NA,NA,NA,NA,NA,NA,NA,NA,NA
41661097,Wheaton (1971),"['Toolkit primary outcome', 'Mathematics primary outcome']",Primary outcome,Maths Comprehension ,['Other outcome'],Secondary outcome(s),Maths Concept,['Reading primary outcome'],Secondary outcome(s),Paragraph meaning,['Writing and spelling primary outcome.'],Secondary outcome(s),Spelling,['Science primary outcome'],Secondary outcome(s),Science Test,NA,NA,NA,NA,NA,NA,NA,NA,NA,NA,NA,NA
41661252,Wheeler (1999),['Other outcome'],Primary outcome,Concrete Test,['Other outcome'],Primary outcome,Abstract Test,"['Toolkit primary outcome', 'Mathematics primary outcome']",Primary outcome,Overall ES - Concrete & Abstract Test,NA,NA,NA,NA,NA,NA,NA,NA,NA,NA,NA,NA,NA,NA,NA,NA,NA,NA
41661181,Whipple (1972),"['Toolkit primary outcome', 'Mathematics primary outcome']",Primary outcome,Written test ,['Other outcome'],Primary outcome,Models test,['Other outcome'],Secondary outcome(s),Geometry (A),['Other outcome'],Secondary outcome(s),Geometry (B),NA,NA,NA,NA,NA,NA,NA,NA,NA,NA,NA,NA,NA,NA,NA
41661253,Wijekumar (2012),['Other outcome'],Primary outcome,GSRT-class level means- Indiv. Instr ,"['Toolkit primary outcome', 'Reading primary outcome']",Primary outcome,"GSRT: individ. level N, class level mean/SD - Ind. Instr.",['Other outcome'],Secondary outcome(s),Signaling-Ind.Instr,['Other outcome'],Secondary outcome(s),Probl Sol. total recll - Ind.Instr,NA,NA,NA,NA,NA,NA,NA,NA,NA,NA,NA,NA,NA,NA,NA
41661409,Williams (1969),"['Toolkit primary outcome', 'Science primary outcome']",Primary outcome,Comprehensive Test in Basic Physical Science,NA,NA,NA,NA,NA,NA,NA,NA,NA,NA,NA,NA,NA,NA,NA,NA,NA,NA,NA,NA,NA,NA,NA,NA
41661045,Wilton (1971),"['Toolkit primary outcome', 'Science primary outcome']",Primary outcome,Recall Biology Test 1  posttest immediately following tuition,['Other outcome'],Secondary outcome(s),Recall Biology test 1  2 weeks after tuition postest,['Other outcome'],Primary outcome,Recall Biology test 2  2 weeks after tuition postest,NA,NA,NA,NA,NA,NA,NA,NA,NA,NA,NA,NA,NA,NA,NA,NA,NA,NA
41661412,Young (1967),"['Toolkit primary outcome', 'Science primary outcome']",Primary outcome,Biology Achievement ,NA,NA,NA,NA,NA,NA,NA,NA,NA,NA,NA,NA,NA,NA,NA,NA,NA,NA,NA,NA,NA,NA,NA,NA
41661413,Zeschke (1966),"['Toolkit primary outcome', 'Science primary outcome']",Primary outcome,DNA Program post-t-est,NA,NA,NA,NA,NA,NA,NA,NA,NA,NA,NA,NA,NA,NA,NA,NA,NA,NA,NA,NA,NA,NA,NA,NA
