id,pub_author,pub_year,pub_type_raw,strand_raw,out_out_type_tool,smd_tool,se_tool,out_es_type,out_tit,out_comp,out_samp,out_measure,out_test_type_raw,out_out_type_red,smd_red,se_red,out_out_type_wri,smd_wri,se_wri,out_out_type_math,smd_math,se_math,out_out_type_sci,smd_sci,se_sci,out_out_type_fsm,smd_fsm,se_fsm,sample_analysed_info,school_total_info,class_total_info,int_setting_raw,part_age_raw,fsm_50,fsm_perc_info,loc_country_raw,int_desig_raw,int_approach_raw,int_training_raw,digit_tech_raw,parent_partic_raw,int_when_raw,int_who_raw,int_dur_info,int_freq_info,int_leng_info,out_strand,time_org,addit_time_struct
71101036,Alper (1979) 1_1,1979,['Dissertation or thesis'],['Extending school time'],"['Toolkit primary outcome', 'Reading primary outcome']",0.7525,0.1603,['Post-test unadjusted (select one from this group)'],ExtH+0_MRT (Letter recognition),With business as usual,['Sample: All'],Literacy  reading other,['Test type: Standardised test '],"['Toolkit primary outcome', 'Reading primary outcome']",0.7525,0.1603,NA,NA,NA,NA,NA,NA,NA,NA,NA,NA,NA,NA,167,NA,9,['Primary/elementary school'],['5'],NA,NA,['USA'],['Prospective QED'],['Large group/class teaching (+6)'],['Unclear/ Not specified'],['No'],['Yes'],"['During regular school hours ', 'Before/after school']",['Class teachers'],38,5,150,NA,['Additional hours each day (but less than half a day extra each day)'],['Different activities']
74577986,Alper (1979) 1_2,1979,['Dissertation or thesis'],['Extending school time'],"['Toolkit primary outcome', 'Other outcome']",0.2555,0.3277,['Post-test unadjusted (select one from this group)'],ExtH+0_MRT (Letter recognition),With business as usual,['Sample: All'],Literacy  decoding/phonics,['Test type: Standardised test '],NA,NA,NA,NA,NA,NA,NA,NA,NA,NA,NA,NA,NA,NA,NA,24,2,NA,['Primary/elementary school'],"['5', '6']",NA,NA,['USA'],['Prospective QED'],['Large group/class teaching (+6)'],['Unclear/ Not specified'],['No'],['Yes'],['Before/after school'],['Class teachers'],38,5,150,['Toolkit: Extending school time'],['Additional hours each day (but less than half a day extra each day)'],['Different activities']
71101075,Baldus (2001),2001,['Dissertation or thesis'],NA,"['Toolkit primary outcome', 'Reading primary outcome']",-0.1399,0.3249,['Post-test unadjusted (select one from this group)'],ExtH+1_CTBS - Reading,With business as usual,['Sample: Low achievers'],Literacy  reading comprehension,['Test type: Standardised test '],"['Toolkit primary outcome', 'Reading primary outcome']",-0.1399,0.3249,NA,NA,NA,NA,NA,NA,NA,NA,NA,NA,NA,NA,56,2,NA,['Primary/elementary school'],"['5', '6']",NA,NA,['USA'],['Prospective QED'],['Large group/class teaching (+6)'],['No'],['No'],['No'],['During regular school hours '],['Class teachers'],36,5,NA,NA,['From half-day to full day nursery/ kindergarten (5 days per week)'],['Same activities']
71101037,Basketta (2005),2005,['Journal article'],NA,"['Toolkit primary outcome', 'Reading primary outcome']",0.3736,0.1477,['Post-test unadjusted (select one from this group)'],ExtH+0_Reading Level,With business as usual,NA,Literacy  reading other,['Test type: School-developed test'],"['Toolkit primary outcome', 'Reading primary outcome']",0.3736,0.1477,NA,NA,NA,NA,NA,NA,NA,NA,NA,NA,NA,NA,228,NA,NA,['Nursery school/pre-school'],"['5', '6']",NA,NA,['USA'],['Prospective QED'],['Large group/class teaching (+6)'],['No'],['No'],['No'],['During regular school hours '],['Class teachers'],39,5,NA,NA,['From half-day to full day nursery/ kindergarten (5 days per week)'],['Same activities']
71101038,Bower (1985),1985,['Dissertation or thesis'],NA,"['Toolkit primary outcome', 'Other outcome']",-0.1893,0.2647,['Post-test unadjusted (select one from this group)'],ExtH+0_MRT ,With business as usual,['Sample: All'],Combined subjects,['Test type: Standardised test '],NA,NA,NA,NA,NA,NA,NA,NA,NA,NA,NA,NA,NA,NA,NA,58,2,NA,['Nursery school/pre-school'],"['5', '6']",NA,NA,['USA'],['Prospective QED'],['Large group/class teaching (+6)'],['Yes (Please specify)'],['No'],['Yes'],['During regular school hours '],['Research staff'],36,5,330,NA,['From half-day to full day nursery/ kindergarten (5 days per week)'],['Same activities']
71101076,Bowman (1992),1992,['Dissertation or thesis'],['Early years intervention'],"['Toolkit primary outcome', 'Reading primary outcome']",0.1182,0.1463,['Post-test unadjusted (select one from this group)'],ExtH+1_BSAP(Reading),With business as usual,['Sample: All'],Literacy  reading comprehension,['Test type: Standardised test '],"['Toolkit primary outcome', 'Reading primary outcome']",0.1182,0.1463,NA,NA,NA,['Mathematics primary outcome'],0.4563,0.1481,NA,NA,NA,NA,NA,NA,188,NA,NA,"['Nursery school/pre-school', 'Primary/elementary school']","['4', '5', '6', '7', '8']",NA,NA,['USA'],['Retrospective QED  '],['Large group/class teaching (+6)'],['No'],['No'],['No'],['During regular school hours '],['Class teachers'],190,Not specified,NA,NA,"['From no time to half-day attendance at nursery/ kindergarten (5 days per week)', 'From half-day to full day nursery/ kindergarten (5 days per week)']",['Not specified/ unclear']
71101102,Coco-Burden (1982),1982,['Dissertation or thesis'],NA,"['Toolkit primary outcome', 'Reading primary outcome']",0.1585,0.1345,['Post-test unadjusted (select one from this group)'],ExtH+0_Reading,With business as usual,['Sample: All'],Literacy  reading comprehension,['Test type: Standardised test '],"['Toolkit primary outcome', 'Reading primary outcome']",0.1585,0.1345,NA,NA,NA,NA,NA,NA,NA,NA,NA,NA,NA,NA,342,5,NA,['Primary/elementary school'],"['5', '6']",NA,NA,['USA'],['Prospective QED'],['Large group/class teaching (+6)'],['No'],['No'],['No'],['During regular school hours '],['Class teachers'],39,5,NA,NA,['From half-day to full day nursery/ kindergarten (5 days per week)'],['Same activities']
71101040,da Costa (2000),2000,['Conference paper'],NA,"['Toolkit primary outcome', 'Reading primary outcome']",0.7425,0.4066,['Post-test adjusted for baseline attainment'],ExtH+0_Clays,With business as usual,['Sample: All'],Literacy  reading other,['Test type: Standardised test '],"['Toolkit primary outcome', 'Reading primary outcome']",0.7425,0.4066,NA,NA,NA,NA,NA,NA,NA,NA,NA,NA,NA,NA,27,2,2,['Nursery school/pre-school'],"['4', '5']",TRUE,53.0,['Canada'],['Cluster RCT'],['Large group/class teaching (+6)'],['No'],['No'],['No'],['During regular school hours '],['Class teachers'],38,5,360,['Toolkit: Early years intervention'],['From half-day to full day nursery/ kindergarten (5 days per week)'],['Same activities']
71101041,da Costa (2001),2001,['Conference paper'],NA,"['Toolkit primary outcome', 'Reading primary outcome']",0.4548,0.2225,['Post-test adjusted for baseline attainment'],ExtH+0_Clay,With business as usual,['Sample: Low achievers'],Literacy  reading other,['Test type: Standardised test '],"['Toolkit primary outcome', 'Reading primary outcome']",0.4548,0.2225,NA,NA,NA,NA,NA,NA,NA,NA,NA,NA,NA,NA,83,3,4,['Nursery school/pre-school'],"['4', '5']",TRUE,53.0,['Canada'],['Cluster RCT'],['Large group/class teaching (+6)'],['No'],['No'],['No'],['During regular school hours '],['Class teachers'],38,5,360,['Toolkit: Extending school time'],['From half-day to full day nursery/ kindergarten (5 days per week)'],['Same activities']
40117246,DeCicca (2007),2007,['Journal article'],['Extending school time'],"['Toolkit primary outcome', 'Reading primary outcome']",0.195,0.052,['Post-test adjusted for baseline attainment AND clustering'],ExtH+0_Combined - Reading ES (overall),With business as usual,['Sample: All'],Literacy  reading comprehension,['Test type: Researcher developed test'],"['Toolkit primary outcome', 'Reading primary outcome']",0.195,0.052,NA,NA,NA,NA,NA,NA,NA,NA,NA,NA,NA,NA,8164,714,NA,['Nursery school/pre-school'],"['5', '6']",NA,NA,['USA'],['Retrospective QED  '],['Large group/class teaching (+6)'],['No'],['No'],['No'],['During regular school hours '],['Class teachers'],38,5,180,['Toolkit: Extending school time'],NA,NA
71101043,Donofrio (1989),1989,['Dissertation or thesis'],NA,"['Toolkit primary outcome', 'Reading primary outcome']",-1.0001,0.2353,['Post-test unadjusted (select one from this group)'],ExtH+0_PPVT,With business as usual,['Sample: All'],Literacy  decoding/phonics,['Test type: Standardised test '],"['Toolkit primary outcome', 'Reading primary outcome']",-1.0001,0.2353,NA,NA,NA,NA,NA,NA,NA,NA,NA,NA,NA,NA,83,NA,NA,['Primary/elementary school'],['5'],NA,NA,['USA'],['Prospective QED'],['Other (Explain in notes)'],['No'],['No'],['No'],['During regular school hours '],['Class teachers'],32,Not specified,Not specified,NA,['From half-day to full day nursery/ kindergarten (5 days per week)'],['Different activities']
71101077,Duffy (1996),1996,['Dissertation or thesis'],NA,"['Toolkit primary outcome', 'Other outcome']",-0.3359,0.0843,['Post-test unadjusted (select one from this group)'],ExtH+0_ITBS,With business as usual,['Sample: All'],Combined subjects,['Test type: Standardised test '],NA,NA,NA,NA,NA,NA,NA,NA,NA,NA,NA,NA,NA,NA,NA,602,NA,NA,['Nursery school/pre-school'],"['4', '5', '6', '7', '8', '9']",NA,NA,['USA'],['Retrospective QED  '],['Large group/class teaching (+6)'],['No'],['No'],['No'],['During regular school hours '],['Class teachers'],38,5,360,['Toolkit: Extending school time'],['From half-day to full day nursery/ kindergarten (5 days per week)'],['Same activities']
71101046,Elicker (1997),1997,['Journal article'],NA,"['Toolkit primary outcome', 'Reading primary outcome']",0.6137,0.158,['Post-test unadjusted (select one from this group)'],ExtH+0_Literacy score,With business as usual,['Sample: All'],Literacy  reading comprehension,['Test type: Standardised test '],"['Toolkit primary outcome', 'Reading primary outcome']",0.6137,0.158,NA,NA,NA,NA,NA,NA,NA,NA,NA,NA,NA,NA,179,NA,NA,['Primary/elementary school'],"['5', '6']",NA,NA,['USA'],['Individual RCT'],['Large group/class teaching (+6)'],['Yes (Please specify)'],['No'],['No'],['During regular school hours '],['Class teachers'],38,5,135,NA,['From half-day to full day nursery/ kindergarten (5 days per week)'],['Same activities']
71101078,Entwisle (1987),1987,['Journal article'],NA,['Toolkit primary outcome'],0.135,0.06,['Post-test unadjusted (select one from this group)'],ExtH+0_CAT Verbal (Fall),With business as usual,['Sample: All'],Literacy  speaking and listening/oral language,['Test type: Standardised test '],NA,NA,NA,NA,NA,NA,NA,NA,NA,NA,NA,NA,NA,NA,NA,NA,NA,NA,['Primary/elementary school'],"['6', '7']",NA,NA,['USA'],['Prospective QED'],['Large group/class teaching (+6)'],['No'],['No'],['Yes'],['During regular school hours '],['Class teachers'],38,5,165 82.5,['Toolkit: Early years intervention'],['From half-day to full day nursery/ kindergarten (5 days per week)'],['Not specified/ unclear']
71101047,Fields (1989),1989,['Dissertation or thesis'],NA,"['Toolkit primary outcome', 'Reading primary outcome']",1.0036,0.2071,['Pre-post gain'],ExtH+0_MRT Reading Comprehension,With business as usual,['Sample: All'],Literacy  reading comprehension,['Test type: Standardised test '],"['Toolkit primary outcome', 'Reading primary outcome']",1.0036,0.2071,NA,NA,NA,NA,NA,NA,NA,NA,NA,NA,NA,NA,NA,NA,NA,NA,"['4', '5']",NA,NA,['USA'],['Prospective QED'],['Small group/intensive support (3-5)'],['No'],['No'],['No'],['During regular school hours '],['Class teachers'],12 months,daily,NA,NA,['From half-day to full day nursery/ kindergarten (5 days per week)'],['Same activities']
71101105,Gullo (1986),1986,['Journal article'],NA,"['Toolkit primary outcome', 'Reading primary outcome']",0.1066,0.14,['Post-test unadjusted (select one from this group)'],ExtH+0_MRT Total Readiness Score (all day vs half day),With business as usual,['Sample: All'],Literacy  reading comprehension,['Test type: Standardised test '],"['Toolkit primary outcome', 'Reading primary outcome']",0.1066,0.14,NA,NA,NA,['Mathematics primary outcome'],0.2347,0.1406,NA,NA,NA,NA,NA,NA,216,NA,NA,['Nursery school/pre-school'],"['4', '5']",NA,NA,['USA'],['Prospective QED'],['Small group/intensive support (3-5)'],['No'],['No'],['No'],['During regular school hours '],['Class teachers'],38,5,NA,NA,['From half-day to full day nursery/ kindergarten (5 days per week)'],['Same activities']
71101079,Gullo (2000),2000,['Journal article'],NA,"['Toolkit primary outcome', 'Reading primary outcome']",0.273,0.074,['Post-test unadjusted (select one from this group)'],ExtH+2_ITBS (Reading),With business as usual,['Sample: All'],Literacy  reading comprehension,['Test type: Standardised test '],"['Toolkit primary outcome', 'Reading primary outcome']",0.273,0.074,NA,NA,NA,['Mathematics primary outcome'],0.2055,0.074,NA,NA,NA,NA,NA,NA,974,NA,NA,['Primary/elementary school'],"['5', '6']",TRUE,58.0,['USA'],['Individual RCT'],['Large group/class teaching (+6)'],['No'],['No'],['No'],['During regular school hours '],['Class teachers'],38,5,360,NA,['From half-day to full day nursery/ kindergarten (5 days per week)'],['Same activities']
71101049,Hall-Kenyon (2009),2009,['Journal article'],NA,"['Toolkit primary outcome', 'Reading primary outcome']",1.5001,0.2354,['Pre-post gain'],ExtH+0_PPVT-III (gain scores),With business as usual,['Sample: All'],Literacy  reading other,['Test type: Standardised test '],"['Toolkit primary outcome', 'Reading primary outcome']",1.5001,0.2354,NA,NA,NA,NA,NA,NA,NA,NA,NA,NA,NA,NA,96,2,8,['Nursery school/pre-school'],"['4', '5']",NA,NA,['USA'],['Prospective QED'],['Small group/intensive support (3-5)'],['No'],['No'],['No'],['During regular school hours '],['Class teachers'],38,5,NA,NA,['From half-day to full day nursery/ kindergarten (5 days per week)'],['Same activities']
71101053,Hatcher (1979),1978,['Dissertation or thesis'],NA,"['Toolkit primary outcome', 'Other outcome']",0.1121,0.1908,['Post-test unadjusted (select one from this group)'],ExtH+0_MRT,With business as usual,['Sample: All'],Cognitive  other,['Test type: Standardised test '],NA,NA,NA,NA,NA,NA,NA,NA,NA,NA,NA,NA,NA,NA,NA,NA,NA,NA,['Nursery school/pre-school'],['5'],NA,NA,['USA'],['Prospective QED'],"['Small group/intensive support (3-5)', 'Large group/class teaching (+6)']",['No'],['No'],['No'],['During regular school hours '],['Class teachers'],38,5,NA,NA,['From half-day to full day nursery/ kindergarten (5 days per week)'],['Not specified/ unclear']
40117175,Hausner (2000),2000,['Dissertation or thesis'],['Extending school time'],"['Toolkit primary outcome', 'Reading primary outcome']",0.1394,0.1196,['Post-test adjusted for baseline attainment'],ExtH+2_Letter Identification ,With business as usual,['Sample: Low achievers'],Literacy  reading comprehension,['Test type: Standardised test '],"['Toolkit primary outcome', 'Reading primary outcome']",0.1394,0.1196,NA,NA,NA,NA,NA,NA,NA,NA,NA,NA,NA,NA,283,6,NA,['Primary/elementary school'],"['5', '6']",TRUE,50.0,['USA'],['Prospective QED'],['Large group/class teaching (+6)'],['Yes (Please specify)'],['No'],['No'],['Before/after school'],['Class teachers'],30,5,120,['Toolkit: Extending school time'],NA,NA
71101054,Hildebrand (1997),1997,['Technical report'],NA,"['Toolkit primary outcome', 'Other outcome']",0.2738,0.1776,['Post-test adjusted for baseline attainment'],ExtH+0_TERA-2 (post test adjusted means and unadjusted SDs),With business as usual,['Sample: All'],Literacy  reading other,['Test type: Standardised test '],NA,NA,NA,NA,NA,NA,NA,NA,NA,NA,NA,NA,NA,NA,NA,147,3,NA,['Primary/elementary school'],"['5', '6']",NA,NA,['USA'],['Prospective QED'],['Large group/class teaching (+6)'],['No'],['No'],['No'],['During regular school hours '],['Class teachers'],19,5,NA,NA,['From half-day to full day nursery/ kindergarten (5 days per week)'],['Same activities']
71101055,Hough (1996),1996,['Technical report'],NA,"['Toolkit primary outcome', 'Reading primary outcome']",0.27,0.089,['Post-test unadjusted (select one from this group)'],ExtH+0_ESA Achievement Test,With business as usual,['Sample: All'],Literacy  reading other,['Test type: Standardised test '],"['Toolkit primary outcome', 'Reading primary outcome']",0.27,0.089,NA,NA,NA,NA,NA,NA,NA,NA,NA,NA,NA,NA,511,NA,NA,['Primary/elementary school'],"['5', '6']",NA,NA,['USA'],['Prospective QED'],['Large group/class teaching (+6)'],['No'],['No'],['No'],['During regular school hours '],['Class teachers'],38,"Not indicated, 5 could be implied for the full day kindergarten program",full day,NA,['From half-day to full day nursery/ kindergarten (5 days per week)'],['Same activities']
71101056,Humphrey (1980),1980,['Technical report'],NA,"['Toolkit primary outcome', 'Reading primary outcome']",0.3392,0.132,['Post-test unadjusted (select one from this group)'],ExtH+1_Gates Macginities Scores ,With business as usual,['Sample: All'],Literacy  reading comprehension,['Test type: Standardised test '],"['Toolkit primary outcome', 'Reading primary outcome']",0.3392,0.132,NA,NA,NA,NA,NA,NA,NA,NA,NA,NA,NA,NA,244,NA,NA,['Primary/elementary school'],"['5', '6']",NA,NA,['USA'],['Prospective QED'],['Large group/class teaching (+6)'],['No'],['No'],['No'],['During regular school hours '],"['Class teachers', 'Teaching assistants']",27,5,380,NA,['From half-day to full day nursery/ kindergarten (5 days per week)'],['Same activities']
71101080,Humphrey (1988),1988,['Technical report'],NA,"['Toolkit primary outcome', 'Reading primary outcome']",0.3036,0.1333,['Post-test unadjusted (select one from this group)'],ExtH+1_Gates Macginitie ,With business as usual,['Sample: All'],Literacy  reading comprehension,['Test type: Standardised test '],"['Toolkit primary outcome', 'Reading primary outcome']",0.3036,0.1333,NA,NA,NA,NA,NA,NA,NA,NA,NA,NA,NA,NA,407,NA,NA,['Primary/elementary school'],"['5', '6']",NA,NA,['USA'],['Prospective QED'],['Large group/class teaching (+6)'],['No'],['No'],['No'],['During regular school hours '],"['Class teachers', 'Teaching assistants']",27,5,380,NA,['From half-day to full day nursery/ kindergarten (5 days per week)'],['Same activities']
71101081,Jarvis (1988),1988,['Technical report'],NA,"['Toolkit primary outcome', 'Reading primary outcome']",-0.1751,0.0601,['Post-test unadjusted (select one from this group)'],ExtH+3_MAT (Reading),With business as usual,['Sample: All'],Literacy  reading comprehension,['Test type: Standardised test '],"['Toolkit primary outcome', 'Reading primary outcome']",-0.1751,0.0601,NA,NA,NA,['Mathematics primary outcome'],-0.0395,0.0625,NA,NA,NA,NA,NA,NA,5500,NA,NA,['Primary/elementary school'],"['5', '6']",NA,NA,['USA'],['Prospective QED'],['Large group/class teaching (+6)'],['No'],['No'],['No'],['During regular school hours '],['Class teachers'],38,5,NA,NA,['From half-day to full day nursery/ kindergarten (5 days per week)'],['Same activities']
71101057,Johnson (1974),1974,['Dissertation or thesis'],NA,['Toolkit primary outcome'],0.8404,0.3314,['Pre-post gain'],ExtH+0_WRT,With business as usual,['Sample: All'],Curriculum  other,['Test type: Standardised test '],NA,NA,NA,NA,NA,NA,NA,NA,NA,NA,NA,NA,NA,NA,NA,40,1,2,['Nursery school/pre-school'],['5'],NA,NA,['USA'],['Cluster RCT'],['Large group/class teaching (+6)'],['No'],['No'],['No'],['During regular school hours '],['Class teachers'],38,5,NA,NA,['From half-day to full day nursery/ kindergarten (5 days per week)'],['Same activities']
71101082,Koopsman (1991),1991,['Technical report'],NA,"['Toolkit primary outcome', 'Reading primary outcome']",0.4561,0.1261,['Post-test unadjusted (select one from this group)'],ExtH+1_CTBS-Reading compreh,With business as usual,['Sample: All'],Literacy  reading comprehension,['Test type: Standardised test '],"['Toolkit primary outcome', 'Reading primary outcome']",0.4561,0.1261,NA,NA,NA,['Mathematics primary outcome'],0.5215,0.1266,NA,NA,NA,NA,NA,NA,267 Treatment = 158,14,NA,['Nursery school/pre-school'],"['4', '5']",NA,NA,['USA'],['Prospective QED'],['Small group/intensive support (3-5)'],['No'],['No'],['No'],NA,NA,38,5,NA,NA,['From half-day to full day nursery/ kindergarten (5 days per week)'],['Not specified/ unclear']
71101059,Kruse (2007),2007,['Dissertation or thesis'],NA,"['Toolkit primary outcome', 'Other outcome']",0.5965,0.0694,['Post-test unadjusted (select one from this group)'],ExtH+0_Post test scores,With business as usual,['Sample: All'],Combined subjects,['Test type: School-developed test'],NA,NA,NA,NA,NA,NA,NA,NA,NA,NA,NA,NA,NA,NA,NA,1058,NA,NA,['Nursery school/pre-school'],"['4', '5', '6']",NA,NA,['USA'],['Prospective QED'],['Large group/class teaching (+6)'],['No'],['No'],['No'],['During regular school hours '],NA,38,5,NA,NA,['From half-day to full day nursery/ kindergarten (5 days per week)'],['Same activities']
40117260,Lee (2006),2006,['Journal article'],['Extending school time'],"['Toolkit primary outcome', 'Reading primary outcome']",0.93,0.05,['Post-test adjusted for baseline attainment AND clustering'],ExtH+0_Literacy compreh. - Extending School Time,With business as usual,['Sample: All'],Literacy  reading other,['Test type: Standardised test '],"['Toolkit primary outcome', 'Reading primary outcome']",0.93,0.05,NA,NA,NA,['Mathematics primary outcome'],0.75,0.05,NA,NA,NA,NA,NA,NA,8455,504,NA,['Primary/elementary school'],"['5', '6']",NA,NA,['USA'],['Prospective QED'],['Large group/class teaching (+6)'],['No'],['No'],['No'],['During regular school hours '],['Class teachers'],38,5,180 90,['Toolkit: Extending school time'],NA,NA
71101083,Lewis (2000),2000,['Dissertation or thesis'],NA,"['Toolkit primary outcome', 'Reading primary outcome']",-0.8008,0.3393,['Post-test unadjusted (select one from this group)'],ExtH+2_ITBS Reading  Extra Hours,With business as usual,['Sample: All'],Literacy  reading comprehension,['Test type: Standardised test '],"['Toolkit primary outcome', 'Reading primary outcome']",-0.8008,0.3393,NA,NA,NA,['Mathematics primary outcome'],-0.7919,0.336,NA,NA,NA,NA,NA,NA,145,1,NA,['Primary/elementary school'],"['5', '6']",NA,NA,['USA'],['Prospective QED'],['Large group/class teaching (+6)'],['No'],['No'],['No'],['During regular school hours '],['Class teachers'],38 through Kindergarten,5,390,NA,['From half-day to full day nursery/ kindergarten (5 days per week)'],['Same activities']
71101060,Lotowycz (1984),1984,['Dissertation or thesis'],NA,"['Toolkit primary outcome', 'Reading primary outcome']",-0.3445,0.1509,['Post-test unadjusted (select one from this group)'],ExtH+0_CTBS,With business as usual,['Sample: All'],Literacy  reading comprehension,['Test type: Standardised test '],"['Toolkit primary outcome', 'Reading primary outcome']",-0.3445,0.1509,NA,NA,NA,NA,NA,NA,NA,NA,NA,NA,NA,NA,186,NA,NA,['Primary/elementary school'],"['5', '6']",NA,NA,['USA'],['Prospective QED'],['Large group/class teaching (+6)'],['No'],['No'],['No'],['During regular school hours '],['Class teachers'],38,5,360,NA,['From half-day to full day nursery/ kindergarten (5 days per week)'],['Same activities']
71101084,MacRae (1990),1990,['Dissertation or thesis'],NA,"['Toolkit primary outcome', 'Reading primary outcome']",0.5596,0.1832,['Post-test unadjusted (select one from this group)'],ExtH+0_Reading Subtest (MAT),With business as usual,['Sample: All'],Literacy  reading comprehension,['Test type: Standardised test '],"['Toolkit primary outcome', 'Reading primary outcome']",0.5596,0.1832,NA,NA,NA,['Mathematics primary outcome'],0.3778,0.1337,NA,NA,NA,NA,NA,NA,354,7,Not very clear - 14?,['Primary/elementary school'],"['5', '6']",NA,NA,['USA'],['Prospective QED'],['Large group/class teaching (+6)'],['No'],['No'],['No'],['During regular school hours '],['Class teachers'],38,5,330,['Toolkit: Early years intervention'],['From half-day to full day nursery/ kindergarten (5 days per week)'],['Same activities']
71101063,McGivern (2007),2007,['Journal article'],NA,"['Toolkit primary outcome', 'Reading primary outcome']",0.9821,0.3082,['Post-test unadjusted (select one from this group)'],ExtH+0_Knowledge Assessment (Letters),With business as usual,['Sample: All'],Literacy  reading other,['Test type: Researcher developed test'],"['Toolkit primary outcome', 'Reading primary outcome']",0.9821,0.3082,NA,NA,NA,['Mathematics primary outcome'],0.5936,0.2977,NA,NA,NA,NA,NA,NA,73,1,4,['Other educational setting (please specify)'],['4'],NA,NA,['USA'],['Individual RCT'],['Student alone (self-administered)'],['Unclear/ Not specified'],NA,NA,NA,['Digital technology'],14,NA,20-30,['Toolkit: Early years intervention'],['Other (please specify)'],['Different activities']
71101085,McIntosh (2006),2006,['Dissertation or thesis'],NA,"['Toolkit primary outcome', 'Reading primary outcome']",1.0941,0.1303,['Post-test unadjusted (select one from this group)'],ExtH+0_Letter Naming Frequency,With business as usual,['Sample: All'],Literacy  decoding/phonics,['Test type: Standardised test '],"['Toolkit primary outcome', 'Reading primary outcome']",1.0941,0.1303,NA,NA,NA,NA,NA,NA,NA,NA,NA,NA,NA,NA,310,2,NA,['Primary/elementary school'],"['5', '6']",NA,NA,['USA'],['Retrospective QED  '],['Large group/class teaching (+6)'],['No'],['No'],['No'],['During regular school hours '],['Class teachers'],38 (Indicative of the school year),5,300-360,['Toolkit: Early years intervention'],['From half-day to full day nursery/ kindergarten (5 days per week)'],['Same activities']
71101064,Meyer (1989),1989,['Technical report'],NA,"['Toolkit primary outcome', 'Reading primary outcome']",-0.2556,0.1281,['Post-test unadjusted (select one from this group)'],ExtH+0_WRAT,With business as usual,['Sample: All'],Literacy  reading comprehension,['Test type: Standardised test '],"['Toolkit primary outcome', 'Reading primary outcome']",-0.2556,0.1281,NA,NA,NA,NA,NA,NA,NA,NA,NA,NA,NA,NA,~650,NA,14,['Primary/elementary school'],"['5', '6']",NA,NA,['USA'],['Retrospective QED  '],['Large group/class teaching (+6)'],['No'],['No'],['No'],['During regular school hours '],['Class teachers'],NA,5,Not specified beyond a full school day,['Toolkit: Early years intervention'],['From half-day to full day nursery/ kindergarten (5 days per week)'],['Same activities']
71101116,Nieman (1971),1971,['Technical report'],NA,"['Toolkit primary outcome', 'Reading primary outcome']",1.5114,0.1299,['Post-test unadjusted (select one from this group)'],ExtH+1_Metropolitan Reading Assessment,With business as usual,['Sample: All'],Literacy  reading comprehension,['Test type: Standardised test '],"['Toolkit primary outcome', 'Reading primary outcome']",1.5114,0.1299,NA,NA,NA,NA,NA,NA,NA,NA,NA,NA,NA,NA,553,16,20,"['Nursery school/pre-school', 'Primary/elementary school']","['4', '5', '6']",NA,NA,['USA'],['Cluster RCT'],['Large group/class teaching (+6)'],['Yes (Please specify)'],['No'],['Yes'],['During regular school hours '],"['Class teachers', 'Teaching assistants']",38,5,300,['Toolkit: Early years intervention'],['From half-day to full day nursery/ kindergarten (5 days per week)'],['Not specified/ unclear']
71101117,Nieman (1971),1971,['Technical report'],NA,"['Toolkit primary outcome', 'Reading primary outcome']",0.8321,0.07,['Post-test unadjusted (select one from this group)'],ExtH+0_MRT ,With business as usual,['Sample: All'],Literacy  reading comprehension,['Test type: Standardised test '],"['Toolkit primary outcome', 'Reading primary outcome']",0.8321,0.07,NA,NA,NA,NA,NA,NA,NA,NA,NA,NA,NA,NA,~500,17,41,"['Nursery school/pre-school', 'Primary/elementary school']","['4', '5', '6']",NA,NA,['USA'],['Prospective QED'],['Large group/class teaching (+6)'],['Yes (Please specify)'],['No'],['Yes'],['During regular school hours '],"['Class teachers', 'Teaching assistants', 'Lay persons/volunteers']",38,5,300,['Toolkit: Early years intervention'],['From half-day to full day nursery/ kindergarten (5 days per week)'],['Same activities']
71101066,Nieman (1975),1975,['Technical report'],NA,"['Toolkit primary outcome', 'Other outcome']",0.65,0.0878,['Post-test unadjusted (select one from this group)'],ExtH+0_Boehm,With business as usual,['Sample: All'],Cognitive  reasoning,['Test type: Standardised test '],NA,NA,NA,NA,NA,NA,NA,NA,NA,NA,NA,NA,NA,NA,NA,"257 (Very unclear, See table 2, page 10)",NA,NA,"['Nursery school/pre-school', 'Primary/elementary school']","['4', '5']",NA,NA,['USA'],['Prospective QED'],['Large group/class teaching (+6)'],['Unclear/ Not specified'],['No'],['No'],['During regular school hours '],"['Class teachers', 'Teaching assistants']",38,5,180-360,NA,['From half-day to full day nursery/ kindergarten (5 days per week)'],['Not specified/ unclear']
71101086,Oliver (2008),2008,['Dissertation or thesis'],NA,"['Toolkit primary outcome', 'Reading primary outcome']",0.2509,0.244,['Post-test unadjusted (select one from this group)'],ExtH+0_SAT,With business as usual,['Sample: All'],Literacy  reading comprehension,['Test type: Standardised test '],"['Toolkit primary outcome', 'Reading primary outcome']",0.2509,0.244,NA,NA,NA,NA,NA,NA,NA,NA,NA,NA,NA,NA,68,1,NA,['Primary/elementary school'],"['7', '8']",NA,NA,['USA'],['Prospective QED'],['Large group/class teaching (+6)'],['No'],['No'],['No'],['During regular school hours '],['Class teachers'],38,5,360,NA,['From half-day to full day nursery/ kindergarten (5 days per week)'],['Same activities']
71101087,Pawk (2003),2003,['Dissertation or thesis'],NA,"['Toolkit primary outcome', 'Other outcome']",0.5032,0.0867,['Post-test unadjusted (select one from this group)'],ExtH+2_ITBS (Total scores),With business as usual,['Sample: All'],Combined subjects,['Test type: Standardised test '],NA,NA,NA,NA,NA,NA,NA,NA,NA,NA,NA,NA,NA,NA,NA,755,13,NA,['Primary/elementary school'],"['5', '6']",NA,NA,['USA'],['Prospective QED'],['Large group/class teaching (+6)'],['No'],['No'],['No'],['During regular school hours '],['Class teachers'],38,5,360-390,NA,['From half-day to full day nursery/ kindergarten (5 days per week)'],['Same activities']
71101088,Pope (1995),1995,['Dissertation or thesis'],NA,"['Toolkit primary outcome', 'Reading primary outcome']",-0.5746,0.147,['Post-test unadjusted (select one from this group)'],ExtH+1_MAT(Reading),With business as usual,['Sample: All'],Literacy  reading comprehension,['Test type: Standardised test '],"['Toolkit primary outcome', 'Reading primary outcome']",-0.5746,0.147,NA,NA,NA,"['Toolkit primary outcome', 'Mathematics primary outcome']",-0.0247,0.144,NA,NA,NA,NA,NA,NA,221,9,NA,['Primary/elementary school'],"['5', '6']",NA,NA,['USA'],['Prospective QED'],['Large group/class teaching (+6)'],['No'],['No'],['No'],['During regular school hours '],['Class teachers'],38 (typical year),5,300+,NA,['From half-day to full day nursery/ kindergarten (5 days per week)'],['Not specified/ unclear']
71101090,Robin (2006),2006,['Technical report'],NA,"['Toolkit primary outcome', 'Reading primary outcome']",0.0573,0.1433,['Post-test unadjusted (select one from this group)'],ExtH+0_PPVT-III,With business as usual,['Sample: All'],Literacy  reading comprehension,['Test type: Standardised test '],"['Toolkit primary outcome', 'Reading primary outcome']",0.0573,0.1433,NA,NA,NA,NA,NA,NA,NA,NA,NA,NA,NA,NA,339,NA,NA,['Nursery school/pre-school'],"['4', '5']",NA,NA,['USA'],['Individual RCT'],['Large group/class teaching (+6)'],['Unclear/ Not specified'],['No'],['No'],['During regular school hours '],['Class teachers'],45,"Not specified, but 5 could be assumed",480,['Toolkit: Early years intervention'],['Additional hours each day (but less than half a day extra each day)'],['Not specified/ unclear']
71101091,Saam (2005),2005,['Journal article'],NA,"['Toolkit primary outcome', 'Other outcome']",0.0984,0.0382,['Post-test unadjusted (select one from this group)'],ExtH+3_ISTEP+,With business as usual,['Sample: All'],Languages,['Test type: Standardised test '],NA,NA,NA,NA,NA,NA,['Mathematics primary outcome'],0.0749,0.0382,NA,NA,NA,NA,NA,NA,3032,NA,NA,['Nursery school/pre-school'],"['4', '5']",FALSE,45.0,['USA'],['Prospective QED'],['Large group/class teaching (+6)'],['No'],['No'],['No'],['During regular school hours '],['Class teachers'],38,5,NA,NA,['From half-day to full day nursery/ kindergarten (5 days per week)'],['Same activities']
71101071,Scott (2007),2007,['Dissertation or thesis'],NA,"['Toolkit primary outcome', 'Reading primary outcome']",1.4864,0.4026,['Post-test unadjusted (select one from this group)'],ExtH+0_Academic Functioning,With business as usual,['Sample: All'],Combined subjects,['Test type: Researcher developed test'],"['Toolkit primary outcome', 'Reading primary outcome']",1.4864,0.4026,NA,NA,NA,NA,NA,NA,NA,NA,NA,NA,NA,NA,NA,1,NA,['Nursery school/pre-school'],"['4', '5']",NA,NA,['USA'],['Prospective QED'],['Small group/intensive support (3-5)'],['No'],['No'],['No'],['During regular school hours '],['Class teachers'],38,5,NA,['Toolkit: Early years intervention'],['From half-day to full day nursery/ kindergarten (5 days per week)'],['Same activities']
71101072,Stubits (2005),2005,['Dissertation or thesis'],NA,"['Toolkit primary outcome', 'Reading primary outcome']",0.2997,0.1961,['Post-test unadjusted (select one from this group)'],ExtH+0_SESAT2 word reading assessment,With business as usual,['Sample: All'],Literacy  reading other,['Test type: Standardised test '],"['Toolkit primary outcome', 'Reading primary outcome']",0.2997,0.1961,NA,NA,NA,NA,NA,NA,NA,NA,NA,NA,NA,NA,123,1,NA,['Nursery school/pre-school'],"['4', '5']",NA,NA,['USA'],['Prospective QED'],['Large group/class teaching (+6)'],['No'],['No'],['No'],NA,['Class teachers'],9,5,NA,NA,['From half-day to full day nursery/ kindergarten (5 days per week)'],['Same activities']
71101094,Thompson (1990),1990,['Dissertation or thesis'],NA,"['Toolkit primary outcome', 'Mathematics primary outcome']",0.5504,0.0667,['Post-test unadjusted (select one from this group)'],ExtH+4_ITBS (Math difference),With business as usual,['Sample: All'],Mathematics,['Test type: Standardised test '],NA,NA,NA,NA,NA,NA,"['Toolkit primary outcome', 'Mathematics primary outcome']",0.5504,0.0667,NA,NA,NA,NA,NA,NA,1203  Table 1 p84,3,NA,['Nursery school/pre-school'],"['4', '5']",FALSE,37.0,['USA'],['Prospective QED'],['Large group/class teaching (+6)'],['No'],['No'],['No'],['During regular school hours '],['Class teachers'],38,5,NA,NA,['From half-day to full day nursery/ kindergarten (5 days per week)'],['Same activities']
71101095,Truss (2001),2001,['Dissertation or thesis'],NA,"['Toolkit primary outcome', 'Reading primary outcome']",0.1379,0.1003,['Post-test unadjusted (select one from this group)'],ExtH+TAAS_3(Reading),With business as usual,['Sample: All'],Literacy  reading comprehension,['Test type: Standardised test '],"['Toolkit primary outcome', 'Reading primary outcome']",0.1379,0.1003,NA,NA,NA,['Mathematics primary outcome'],0.2013,0.1004,NA,NA,NA,NA,NA,NA,436,7,NA,['Nursery school/pre-school'],"['4', '5']",NA,NA,['USA'],['Prospective QED'],['Large group/class teaching (+6)'],['No'],['No'],['No'],['During regular school hours '],['Class teachers'],38,5,NA,NA,['From half-day to full day nursery/ kindergarten (5 days per week)'],['Same activities']
71101073,Walkowiak (2007),2007,['Dissertation or thesis'],NA,"['Toolkit primary outcome', 'Reading primary outcome']",-0.1455,0.1356,['Post-test unadjusted (select one from this group)'],ExtH+3_NWEA (reading),With business as usual,['Sample: All'],Literacy  reading comprehension,['Test type: Standardised test '],"['Toolkit primary outcome', 'Reading primary outcome']",-0.1455,0.1356,NA,NA,NA,['Mathematics primary outcome'],-0.0622,0.1355,NA,NA,NA,NA,NA,NA,237,NA,NA,['Primary/elementary school'],"['5', '6']",NA,NA,['USA'],['Individual RCT'],['Large group/class teaching (+6)'],['No'],['No'],['No'],['During regular school hours '],['Class teachers'],38,5,"Not specified, full school day can vary among districts",NA,['From half-day to full day nursery/ kindergarten (5 days per week)'],['Same activities']
71101122,Wilkens-King (1984),1984,['Dissertation or thesis'],NA,"['Toolkit primary outcome', 'Reading primary outcome']",0.5271,0.2196,['Post-test unadjusted (select one from this group)'],ExtH+0_CAT(Reading),With business as usual,['Sample: All'],Literacy  reading comprehension,['Test type: Standardised test '],"['Toolkit primary outcome', 'Reading primary outcome']",0.5271,0.2196,NA,NA,NA,['Mathematics primary outcome'],0.6053,0.2208,NA,NA,NA,NA,NA,NA,86,4,4,['Primary/elementary school'],"['5', '6']",NA,NA,['USA'],['Individual RCT'],['Large group/class teaching (+6)'],['Unclear/ Not specified'],['No'],['Yes'],['During regular school hours '],"['Class teachers', 'Teaching assistants']",38,4,360,NA,['Other (please specify)'],['Not specified/ unclear']
71101097,Wolgemuth (2006),2006,['Journal article'],NA,"['Toolkit primary outcome', 'Reading primary outcome']",0.5002,0.1016,['Post-test unadjusted (select one from this group)'],ExtH+0_OMR,With business as usual,['Sample: All'],Literacy  reading comprehension,['Test type: Standardised test '],"['Toolkit primary outcome', 'Reading primary outcome']",0.5002,0.1016,NA,NA,NA,NA,NA,NA,NA,NA,NA,NA,NA,NA,489,1,NA,['Primary/elementary school'],"['5', '6']",NA,NA,['USA'],['Retrospective QED  '],['Other (Explain in notes)'],['No'],['No'],['No'],['During regular school hours '],['Class teachers'],38,"5 (indicated, not specified)",390,NA,['From half-day to full day nursery/ kindergarten (5 days per week)'],['Same activities']
