test_subject_raw,test_subject_ht,test_subject_info,out_other_raw,out_other_ht,out_other_info,out_info_raw,out_info_ht,out_info_info,part_other_ht,part_other_info
['Writing'],NA,NA,['Yes'],NA,NA,['Other types of student outcomes (Please specify)'],"['Page 22:\n[¬s]"" The students also took the ""Writing Attitude Survey"" (Kear, Coffman, & McKenna, 1997).""\n""This survey consists of 28 questions that explore how the student feels regarding various types of writing, as well as how he would feel about more writing, less writing, or writing instead of doing other classroom activities.[¬e]""']",NA,NA,NA
"['Reading comprehension', 'Reading other']",NA,Reading fluency and reading achievement.,['No'],NA,NA,NA,NA,NA,NA,NA
"['Decoding/phonics', 'Spelling', 'Reading comprehension', 'Reading other']","['Page 13:\n[¬s]""The fourth subtest, Spelling of Sounds, measures the child’s spelling ability, in\nparticular, phonological and orthographical coding skills.[¬e]""', 'Page 13:\n[¬s]""The fourth subtest, Spelling of Sounds, measures the child’s spelling ability, in\nparticular, phonological and orthographical coding skills.[¬e]""']",NA,NA,NA,NA,NA,NA,NA,NA,NA
['Mathematics'],NA,NA,['Yes'],NA,NA,"['Other types of student outcomes (Please specify)', 'Cognitive outcomes measured (Please specify)']","['Page 55:\n[¬s]""Specific affective entry characteristics were measured by a question asking the student how interesting he thought the next task would be based on his experience in, and knowledge of, the prior task.""\n""More general affective entry characteristics were measured by the students\' scores on a math self-concept in\xad ventory. (See NLSMA, No. 20.)[¬e]""', 'Page 55:\n[¬s]""More general, stable cognitive entry behaviors were measured by scores on the Lorge-Thorndike intelligence test (non-verbal subtest).[¬e]""']",NA,NA,NA
['Writing'],NA,NA,['No'],NA,NA,NA,NA,NA,NA,NA
['Other curriculum test'],NA,Basic concepts?,NA,NA,NA,['Other types of student outcomes (Please specify)'],"['Page 9:\n[¬s]""The Boehm Test of Basic Concepts (BTBC) Form A & B was\neach administered to half of the subjects in the study (Form A,\nN=51; Form B, N=52). This was done to obtain baseline diagnostic\ninformation on subjects\' knowledge of basic concepts.[¬e]""']",NA,NA,NA
['Writing'],NA,NA,['No'],NA,NA,NA,NA,NA,NA,NA
['Spelling'],NA,NA,['No'],NA,NA,NA,NA,NA,NA,NA
"['Science', 'Other curriculum test']","['Page 7:\n[¬s]""The contents ofthe tasks were all taken from the subjects ofbiology and geography (for a\nmore detailed description of the tasks see Schnotz et al., 2010)[¬e]""', 'Page 7:\n[¬s]""geography[¬e]""']",NA,['Yes'],NA,NA,"['Other types of student outcomes (Please specify)', 'Cognitive outcomes measured (Please specify)']","['Page 8:\n[¬s]""Assessment of affective states.""\n""Effort invested in the task.[¬e]""', 'Page 8:\n[¬s]""Assessment of self-concept.[¬e]""']",NA,NA,NA
['Science'],NA,NA,['Yes'],NA,NA,['Other types of student outcomes (Please specify)'],NA,"Sincerity and Enthusiasm, Individuality and Wholeness",NA,NA
['Reading comprehension'],NA,NA,['No'],NA,NA,NA,NA,NA,NA,NA
['Writing'],NA,NA,['Yes'],NA,NA,['Other types of student outcomes (Please specify)'],"['Page 49:\n[¬s]""Revision behavior was described by four categories of revision, the paragraph, the sentence, the word, and cosmetics. A fifth revision variable was total revision, derived by summing the first four types of revision. [¬e]""', 'Page 50:\n[¬s]""Attitude toward writing was measured with an instrument developed and empirically tested by Daly and Miller (1975).[¬e]""']",NA,NA,NA
"['Writing', 'Spelling']",NA,NA,['Yes'],NA,NA,['Other types of student outcomes (Please specify)'],"['Page 7:\n[¬s]""attitude toward writing[¬e]""']",NA,NA,NA
['Other curriculum test'],NA,No curriculum subjects were specifically tested. ,['Yes'],NA,NA,['Other types of student outcomes (Please specify)'],"['Page 2:\n[¬s]""ack. Research (Wagner & Cimiotti, 1975) has demonstrated that both planfulness and exactness can be as- sessed through eye movement patterns. Thus, visual search behaviors were used to operationalize this dimension of procedural charac[¬e]""', 'Page 4:\n[¬s]""(Evaluation of the Test Situation and Achieveme[¬e]""']",NA,NA,NA
['Other curriculum test'],NA,No curriculum subjects were specifically tested. ,['Yes'],NA,NA,['Cognitive outcomes measured (Please specify)'],"['Page 2:\n[¬s]"" class-inclusion skills[¬e]""']",NA,NA,NA
['Mathematics'],NA,NA,['Yes'],NA,NA,['Other types of student outcomes (Please specify)'],"['Page 59:\n[¬s]"" The affective measure\'s ""Like To Do"" ahd Learn More About"" subscales were expanded so they might more deeply probe student Interest in the algebra. The final affec\xad tive measure (and the parallel pre-affectlve measure) consisted of 32 questions. Sixteen statements formed the Interest sub- tcale, eight the Difficulty, and eight the Attitude subscale.[¬e]""']",NA,NA,NA
['Reading other'],NA,NA,['Yes'],NA,NA,NA,NA,NA,"['Page 48:\n[¬s]""To provide some evaluation of treatment effects, other than the data gathered by resource room teachers on the performance of both specifically and traditionally treated children, regular classroom teachers were asked to respond to some questions requiring their judgement of children\'s behavior. Teachers were asked to judge the amount of observed change in specific begin\xad ning reading behaviors and to judge related general progress. A question\xad naire was provided to the regular classroom teacher for all children in both specifically and traditionally treated groups.[¬e]""']",NA
['Arts'],NA,Music,['No'],NA,NA,['Other types of student outcomes (Please specify)'],"['Page 2:\n[¬s]""rpose of this study was to deter mine the effects of individualized written feedback, oral group feedback, and no feedback on teaming musk. Eighty second ary-level students participated in this study. The results indicate that oral group information feedback promotes significantly more teaming than does individualized written feedback or no feedback.[¬e]""']",The effect of written feedback on learning music.,NA,NA
['Arts'],NA,Music,['Yes'],NA,NA,['Other types of student outcomes (Please specify)'],"['Page 2:\n[¬s]""rpose of this study was to deter mine the effects of individualized written feedback, oral group feedback, and no feedback on teaming musk. Eighty second ary-level students participated in this study. The results indicate that oral group information feedback promotes significantly more teaming than does individualized written feedback or no feedback.[¬e]""']",The effect of oral feedback on learning music.,NA,NA
['Writing'],NA,NA,['Yes'],NA,NA,['Other types of student outcomes (Please specify)'],NA,Revision behaviour,NA,NA
"['Reading other', 'Decoding/phonics', 'Speaking and listening/Oral language']",NA,NA,['No'],NA,NA,NA,NA,NA,NA,NA
['Reading other'],NA,NA,['Yes'],NA,NA,['Other types of student outcomes (Please specify)'],"['Page 1:\n[¬s]"" comparing use of semilog charts with use of raw scores.""\n""Average raw score gains for each test condition were then compared.[¬e]""', 'Page 2:\n[¬s]"" the experiment followed a counterbal\xad anced method[¬e]""']",Participants being subject to their results in the form of semilog graphs were compared with keeping raw test scores. The study explored whether the format would affect results.,NA,NA
"['Other curriculum test', 'Reading other']","['Page 2:\n[¬s]""For the pretest, items were selected from the first subtest in the nonverbal battery. These items consist of three drawings with something in com- mon, and the student must select from five choices which figure ""goes with the first group."" Items for the criterion test ""\n"" the subject is asked to figure out the way in which a series of[¬e]""', 'Page 3:\n[¬s]""items is arranged and then to pick the next number from five choices.[¬e]""', 'Page 2:\n[¬s]""The nonverbal bat- tery was selected because it would appear to the student to be independent of vocabulary and read- ing ability, and hence students who were weak in those areas might still believe they could get high scores.[¬e]""']","This material implies that whilst it may appear this way to the pupil, the test actually is not independent of vocab and reading ability.",['Yes'],NA,NA,['Cognitive outcomes measured (Please specify)'],NA,"Aptitude test Lorge-Thorndike Intelligence Tests. The outcomes specified were  1. The effects of success, failure, and no feedback on subsequent performance. 2. Any sex differences 3. Differences between different levels of achievers in the same feedback group (success, failure and no feedback)   ",NA,NA
['Other curriculum test'],NA,Problem solving questions.,['No'],NA,NA,NA,NA,NA,NA,NA
"['Decoding/phonics', 'Reading comprehension', 'Reading other', 'Speaking and listening/Oral language']","['Page 6:\n[¬s]""DIBELS provides a quick overview of a childÕs decoding skills.[¬e]""', 'Page 6:\n[¬s]""Word use fluency.[¬e]""', 'Page 6:\n[¬s]"" Phoneme segmentation fluency, Nonsense word fluency,""\n""Letter naming fluency,[¬e]""', 'Page 6:\n[¬s]"" Initial sound fluency,""\n""Oral reading fluency[¬e]""']",NA,['No'],NA,NA,NA,NA,NA,NA,NA
['Mathematics'],NA,NA,['Yes'],NA,NA,"['Other types of student outcomes (Please specify)', 'Cognitive outcomes measured (Please specify)']","['Page 136:\n[¬s]""behavioristic""\n"" construct is applicable[¬e]""', 'Page 136:\n[¬s]"" to test whether a behavioristic or a cognitive science construct is applicable to the learning task under study,[¬e]""']",NA,NA,NA
"['Writing', 'Spelling']",NA,NA,['Yes'],"['Page 1:\n[¬s]""The present research was thus designed to study the ef\xad fects of different feedback conditions on intrinsic motiva\xad tion.[¬e]""', 'Page 2:\n[¬s]""measures of both performance and attitudes.""\n"" a questionnaire designed to measure overt motivational attitudes was administered at the end of Session 3.[¬e]""']","['Page 1:\n[¬s]""The present research was thus designed to study the ef\xad fects of different feedback conditions on intrinsic motiva\xad tion.[¬e]""', 'Page 2:\n[¬s]""measures of both performance and attitudes.""\n"" a questionnaire designed to measure overt motivational attitudes was administered at the end of Session 3.[¬e]""']",['Other types of student outcomes (Please specify)'],NA,Instrinsic motivation and motivational attitudes,NA,NA
['Spelling'],NA,NA,['Yes'],NA,NA,['Other types of student outcomes (Please specify)'],"['Page 2:\n[¬s]"" motivation questionnaire[¬e]""']",NA,NA,NA
NA,NA,NA,['Yes'],NA,NA,"['Other types of student outcomes (Please specify)', 'Cognitive outcomes measured (Please specify)']","['Page 3:\n[¬s]""Interest Questi""\n""Attribution[¬e]""', 'Page 3:\n[¬s]""e divergent thinking uses test (Torrance & Templeto[¬e]""']",NA,NA,NA
NA,NA,NA,['Yes'],NA,NA,"['Other types of student outcomes (Please specify)', 'Cognitive outcomes measured (Please specify)']","['Page 3:\n[¬s]""Interest Questi""\n""Attribution[¬e]""', 'Page 3:\n[¬s]""e divergen[¬e]""']",NA,NA,NA
NA,NA,NA,['Yes'],NA,NA,"['Other types of student outcomes (Please specify)', 'Cognitive outcomes measured (Please specify)']","['Page 3:\n[¬s]""Interest Questi""\n""Attribution[¬e]""', 'Page 3:\n[¬s]""e divergen[¬e]""']",NA,NA,NA
"['Decoding/phonics', 'Reading comprehension', 'Reading other']",NA,NA,['No'],NA,NA,NA,NA,NA,NA,NA
['Reading comprehension'],NA,NA,['No'],NA,NA,NA,NA,NA,NA,NA
"['Mathematics', 'Languages']",NA,NA,['Yes'],NA,NA,['Other types of student outcomes (Please specify)'],"['Page 6:\n[¬s]""Introversion-Extroversion and Neuroticism""\n""Intelligence""\n""Impulsivity-Reflectivity[¬e]""']",NA,NA,NA
['Reading comprehension'],NA,NA,['Yes'],NA,NA,['Other types of student outcomes (Please specify)'],"['Page 7:\n[¬s]""including the perceived usefulness, the perceived ease ofuse, and the attitude and attempt of future use.""\n""In addition, seven open questions were given in the questionnaire to investigate students’ learning experience in terms of system\nfunctionality, accessing digital resources using QR codes, scaffolded questions, and the design of smartphone interface and that of the print\nmaterials.[¬e]""']",Technology acceptance,NA,NA
"['Science', 'Reading comprehension']",NA,NA,['No'],NA,NA,NA,NA,NA,NA,NA
['Science'],NA,NA,['No'],NA,NA,NA,NA,NA,NA,NA
['Writing'],NA,NA,['Yes'],NA,NA,"['Other types of student outcomes (Please specify)', 'Cognitive outcomes measured (Please specify)']",NA,"The impact of the intervention on writing traits such as sentence fluency, word choice, voice, and so on, was tested.   Outcome  It was found that statistically significant improvements were made on organisation, voice, and word choice on the 6+1 Trait Writing model. Statistically insignificant improvements were made in sentence fluency, conventions, and presentation, which were not included in the outcome reports. ",NA,NA
['Mathematics'],NA,NA,['No'],NA,NA,NA,NA,NA,NA,NA
"['Decoding/phonics', 'Spelling', 'Reading comprehension']",NA,NA,['Yes'],NA,NA,NA,NA,NA,"['Page 19:\n[¬s]""Obser-\nvations of instructional time use in the RRI inter-\nvention groups[¬e]""', 'Page 7:\n[¬s]""We collected data on teachers’ fidelity of imple-\nmentation of RRI in both studies.[¬e]""']",NA
NA,NA,NA,['Yes'],NA,NA,"['Cognitive outcomes measured (Please specify)', 'Other types of student outcomes (Please specify)']","['Page 5:\n[¬s]""Following the free-play period, the experimenter returned to conduct an inquiry and to determine if the child had any negative reactions to the experi- ment.""\n""Rating items (5-point\nscale) consisted of the child\'s self-perceived compe-\ntence (""How good are you at the roads game?""),\nliking for the task, and estimate of the experimenter\'s\nliking for the task (cf. Staw, Calder, & Hess, Note\n4).[¬e]""']",NA,NA,NA
"['Mathematics', 'Spelling']",NA,NA,['Yes'],NA,NA,['Other types of student outcomes (Please specify)'],NA,State trait anxiety,NA,NA
['Reading comprehension'],NA,NA,['No'],NA,NA,NA,NA,NA,NA,NA
['Reading comprehension'],NA,NA,['No'],NA,NA,NA,NA,NA,NA,NA
['Mathematics'],NA,NA,['Yes'],NA,NA,['Other types of student outcomes (Please specify)'],"['Page 4:\n[¬s]""Four noncognitive\nmeasures were obtained by group administration:\nself-concept, attitude toward school and teachers, school\nanxiety, and attitude toward mathematics, all trans-\nlated into Spanish.[¬e]""']",NA,NA,Teachers attitudes towards mathematics and teachers reactions to the treatment.
['Reading comprehension'],"['Page 75:\n[¬s]""Immediately following the reading of each passage, a cloze test of the passage and a multiple-choice question comprehension test consisting of both factual and Inferential questions were given in printed form.[¬e]""']",NA,['No'],NA,NA,NA,NA,NA,NA,NA
['Writing'],NA,NA,['Yes'],NA,NA,['Other types of student outcomes (Please specify)'],"['Page 65:\n[¬s]""The Attitude Scale, the third measuring instrument,\nwas carefully constructed in order to assess changes in stu\xad\ndent attitude concerning composition writing.[¬e]""']",NA,NA,NA
['Science'],NA,NA,['No'],NA,NA,NA,NA,NA,NA,NA
['Science'],NA,NA,['No'],NA,NA,NA,NA,NA,NA,NA
['Science'],NA,NA,['No'],NA,NA,NA,NA,NA,NA,NA
['Mathematics'],NA,NA,['No'],NA,NA,NA,NA,NA,NA,NA
"['Reading comprehension', 'Reading other']","['Page 10:\n[¬s]""The test was designed to measure four of the five Grade 3 Academic\nContent Standards for Reading which included: Word Recognition and Vocabulary;\nReading Process; Reading Applications: Informational Text; and Reading Applica-\ntions: Literary Text.[¬e]""']",NA,['No'],NA,NA,NA,NA,NA,NA,NA
['Writing'],"['Page 10:\n[¬s]""To address instructional effects on writing quality,[¬e]""']",NA,['No'],NA,NA,NA,NA,NA,NA,NA
['Other curriculum test'],NA,"Not specified, the post-test was vague and the thing that the researchers were interested in was described as 'problem-solving' skills.",['Yes'],NA,NA,['Cognitive outcomes measured (Please specify)'],NA,problem solving,NA,NA
['Other curriculum test'],NA,No curriculum specified,['Yes'],NA,NA,['Other types of student outcomes (Please specify)'],NA,Outcomes are described as learning gains and problem solving skills.,NA,NA
['Other curriculum test'],NA,"Only described as learning gain, no curriculum specified",['Yes'],NA,NA,['Other types of student outcomes (Please specify)'],NA,Learning gain and problem-solving skills.,NA,NA
['Other curriculum test'],NA,"no curriculum specified, only measured as a learning gain",['Yes'],NA,NA,['Other types of student outcomes (Please specify)'],NA,learning gain/problem-solving,NA,NA
['Reading comprehension'],"['Page 8:\n[¬s]""We constructed a comprehension test similar to the one the students would be tested with later that spring, one consisting of both open-ended as well as multiple-choice test items. For this purpose we selected retired, published com- prehension items from the Colorado Student Assessment Program (CSAP) to test comprehension performance of the students prior to and following the summary practice sessions.[¬e]""', 'Page 9:\n[¬s]""To analyze students\x92 comprehension performance, the test items of the two test versions were first categorized into the following groups: summary ques- tions, inference questions, vocabulary questions, fact-finding questions and a few questions, labeled \x93other,\x94 that did not fit these categories.[¬e]""']",NA,['No'],NA,NA,NA,NA,NA,NA,NA
['Reading comprehension'],NA,NA,['Yes'],NA,NA,['Other types of student outcomes (Please specify)'],"['Page 3:\n[¬s]"" students\' knowledge of their own learning.[¬e]""']",NA,"['Page 3:\n[¬s]"" measures of pedagogy [¬e]""']",NA
['Reading other'],"['Page 4:\n[¬s]""sts of Basic Reading Skills, Brzeinski & Shoephoerster, 1983) comprises subtests of word recognition, following directions, beginning and ending digraphs, predicting outcomes, sound associa tions, noting important details, clusters, multi-meaning words, categorizing, word referents, and drawing con clusions""\n""assage-reading test. The passage-reading test (PRT)""\n""). As\nthe student reads, the examiner marks omissions, mis\npronunciations, repetitions, and substitutions, and then\nscores performance in terms of the number of correct\nwords read per minute[¬e]""']",NA,['No'],NA,NA,NA,NA,NA,NA,NA
['Spelling'],NA,NA,['No'],NA,NA,NA,NA,NA,"['Page 1:\n[¬s]""With enhanced feedback, CBM teachers were required to inspect graphed assessment information and\' formulate their own decisions about the adequacy of student progress; the computer provided corrective and instructive feedback.[¬e]""']",NA
['Spelling'],"['Page 2:\n[¬s]""spell ing goal,[¬e]""']",NA,['Yes'],NA,NA,NA,NA,NA,"['Page 3:\n[¬s]""Program Development. The number of goal changes introduced for each student was counted from computer files on which teachers recorded these changes[¬e]""']",Program Development. The number of goal changes introduced for each student was counted from computer files on which teachers recorded these changes.
['Spelling'],"['Page 4:\n[¬s]""The accuracy with which teachers imple\xad mented treatments was assessed using the Spelling-Modified Accuracy of Implemen\xad tation Rating Scale-Revised (S-MAIRS; Fuchs, 1988),[¬e]""']",NA,['No'],NA,NA,NA,NA,NA,NA,NA
['Mathematics'],NA,NA,['Yes'],NA,NA,NA,NA,NA,NA,"'Instructional Planning. Teachers wrote descriptions of their instructional plans each week , for 3 consecutive weeks, using Instructional Plan Sheets...information was coded...' (p.528-529) 'CBM teachers completed a satisfaction questionnaire...' (p.529)"
['Languages'],"['Page 3:\n[¬s]"" ENGLISH AS A SECOND LANGUAGE[¬e]""']",NA,['No'],NA,NA,NA,NA,NA,NA,NA
"['Science', 'Reading comprehension']",NA,NA,['No'],NA,NA,NA,NA,NA,NA,NA
['Reading comprehension'],"['Page 1:\n[¬s]""on text comprehen-\nsion.[¬e]""', 'Page 3:\n[¬s]""The test and post-test items were\ndesigned to reflect different processes that\nenable a reader to construct a mental repre-\nsentation of a text’s meaning.[¬e]""']",NA,['No'],NA,NA,NA,NA,NA,NA,NA
['Reading comprehension'],NA,NA,['No'],NA,NA,NA,NA,NA,NA,NA
['Other curriculum test'],NA,No curriculum specified,['Yes'],NA,NA,['Other types of student outcomes (Please specify)'],"['Page 5:\n[¬s]""he criterion of gain scores from pretest to posttest,\na better measure of learning than correct responses on the\nprogram,[¬e]""']",NA,NA,NA
['Other curriculum test'],NA,No curriculum specified,['Yes'],NA,NA,['Other types of student outcomes (Please specify)'],NA,Only outcomes specified are gain scores,NA,NA
['Writing'],NA,NA,['Yes'],NA,NA,['Other types of student outcomes (Please specify)'],"['Page 307:\n[¬s]"" Students seemed to feel more comfortable about sharing their ideas with their parents and reported that over a six-month period of time, their parents spent more time with them and they enjoyed the interaction with their parents[¬e]""']",NA,"['Page 306:\n[¬s]""parents talked about their own writing ability and how engaging in discus\xad sions about their child’s writing pieces enabled them to be more reflective with their own writing.""\n"" the “sharing’’ that took place between parent and child became more open, supportive, and constructive.""\n""parents expressed a greater confidence in their ability to help their child with writing. ""\n"" there was a better understanding of the writing task and the school’s expectations for their child’s writing.[¬e]""']",NA
"['Mathematics', 'Science', 'Social studies']",NA,NA,['No'],NA,NA,NA,NA,NA,NA,NA
"['Mathematics', 'Decoding/phonics', 'Reading comprehension']",NA,NA,['Yes'],NA,NA,['Other types of student outcomes (Please specify)'],"['Page 3:\n[¬s]""The experimental classes placed 8 of the original 24 students in regular classes following termination of the project, while none of the children from the two control classes met the criteria for being transferred to regular classes.[¬e]""']",NA,NA,NA
['Writing'],NA,NA,['No'],NA,NA,NA,NA,NA,NA,NA
['Writing'],NA,NA,['No'],NA,NA,NA,NA,NA,NA,NA
['Science'],NA,NA,['Yes'],NA,NA,['Other types of student outcomes (Please specify)'],"['Page 5:\n[¬s]""(ii) Attitude test\x97an 11 item Likert-type scale designed to measure the pupils\' attitudes to science activities and developed especially for the study.[¬e]""']",NA,NA,NA
['Science'],NA,NA,['Yes'],NA,NA,"['Other types of student outcomes (Please specify)', 'Cognitive outcomes measured (Please specify)']","['Page 5:\n[¬s]""The learning motivation scale""\n""The technology acceptance questionnaire""\n""The open-ended questionnaire[¬e]""', 'Page 5:\n[¬s]""The problem-solving conception scale[¬e]""']",NA,NA,NA
['Social studies'],NA,History,['Yes'],NA,NA,['Other types of student outcomes (Please specify)'],NA,2. Student evaluation of the unit,NA,NA
"['Mathematics', 'Science']",NA,NA,['Yes'],NA,NA,['Other types of student outcomes (Please specify)'],"['Page 5:\n[¬s]""All Ss were given a ^3-item questionnaire in semantic differential format designed to measure attitude toward programed instruction. In a typical item, the S rated the concept ""programed learning"" on a boring- interesting scale.[¬e]""']",Attitude,NA,NA
['Writing'],NA,NA,NA,NA,NA,['Other types of student outcomes (Please specify)'],"['Page 2:\n[¬s]"" received CBM writing probes ""\n""on a weekly basis (weekly group)[¬e]""']",NA,NA,NA
['Other curriculum test'],NA,Punctuation,['No'],NA,NA,NA,NA,NA,NA,NA
['Other curriculum test'],"['Page 4:\n[¬s]""A commercially produced multimedia presentation on Dinosaurs was used as stimulus material.""\n""The on-line posuest was administered after the practice session. Each posues1\nincluded 20 multiple choice questions on the stimulus material.[¬e]""']",NA,['Yes'],NA,NA,['Cognitive outcomes measured (Please specify)'],"['Page 4:\n[¬s]""The student\'s cognitive style of field dependence-independence was as~ed\nby means of Group Embedded Figwe Test {GEFT)(Wilkin, Oltman, Raskin &\nKarp. 1971).[¬e]""']",NA,NA,NA
['Other curriculum test'],"['Page 4:\n[¬s]""A commercially produced multimedia presentation on Dinosaurs was used as stimulus material.""\n""The on-line posuest was administered after the practice session. Each posues1\nincluded 20 multiple choice questions on the stimulus material.[¬e]""']","No specific curriculum mentioned, the lesson was designed to teach about dinosaurs",['Yes'],NA,NA,['Cognitive outcomes measured (Please specify)'],"['Page 4:\n[¬s]""The student\'s cognitive style of field dependence-independence was as~ed\nby means of Group Embedded Figwe Test {GEFT)(Wilkin, Oltman, Raskin &\nKarp. 1971).[¬e]""']",NA,NA,NA
['Reading other'],NA,Reading Fluency,['Yes'],NA,NA,NA,NA,NA,"['Page 12:\n[¬s]"" The structure of the learning environment was assessed by means of the Structure of Instruction Rating Scale for both experimental and control subjects. Degree of implementation of\' the continuous evaluation measures—the * • treatment for the experimental subjects—was assessed using the Accuracy of Implementation Rating Scale.[¬e]""']",Measures of teacher's use of formative assessment procedures (SIRS and AIRS). The structure of the learning environment was assessed by means of the Structure of Instruction Rating Scale (SIRS) for both experimental and control subjects. Degree of implementation of' the continuous evaluation measures—the treatment for the experimental subjects—was assessed using the Accuracy of Implementation Rating Scale (AIRS).
['Science'],NA,NA,['Yes'],NA,NA,['Other types of student outcomes (Please specify)'],"['Page 93:\n[¬s]""The quantitative measures used to assess students’ self-regulatory behavior and motivational beliefs were drawn from the field of educational psychology. I selected a survey, the M otivated Strategies f o r Learning Questionnaire, or MSLQ (Pintrich & DeGroot, 1990), to measure student levels of self-regulation and motivation before and after the research intervention.[¬e]""', 'Page 98:\n[¬s]""Individual interviews were conducted post-treatment to learn about students\' attitudes and beliefs toward learning science and to determine whether their attitudes and beliefs had changed as a result o f the intervention.[¬e]""']",NA,"['Page 101:\n[¬s]""A brief interview (30 minutes) with the two teachers in the treatment group was conducted at the completion o f the unit (see Appendix J). The purpose o f this interview was to leam about teacher observations o f how students responded to the treatment. I wanted to find out whether their perceptions echoed the attitudes and reactions that students had expressed in their interviews. I was also curious about teacher responses to the intervention and wanted to know whether their participation in the research study had influenced their thinking about the role o f assessment and reflection in science learning.[¬e]""']",NA
['Mathematics'],NA,NA,['No'],NA,NA,NA,NA,NA,NA,NA
['Reading other'],NA,NA,['No'],NA,NA,NA,NA,NA,NA,NA
['Writing'],NA,NA,['Yes'],NA,NA,NA,NA,NA,NA,Teacher's qualitative implementation comments.
['Mathematics'],NA,NA,['Yes'],NA,NA,['Cognitive outcomes measured (Please specify)'],"['Page 13:\n[¬s]""Self-report questionnaire\x97To compare students\x92 self-perceived SRL""\n""Metacognitive feedback during online inquiry discussion of authentic task[¬e]""']",NA,NA,NA
['Speaking and listening/Oral language'],"['Page 3:\n[¬s]""During the training session, children in all groups were instructed to repeat aloud the names of a different set of Peabody drawings as the E[¬e]""', 'Page 4:\n[¬s]""presented them on each of 10 trials, and to continue repeating them until the recall signal was given. Following Hagen, Hargrave, and Ross (9), prompts were given when children neglected to rehearse or rehearsed in incorrect sequence. Children in Rehearsal Only had five additional rehearsal trials. The remaining children were, instead, initially trained for five trials in a careful looking strategy. They were told to think about how each picture looked as the E pointed to the pictures on each trial, and to keep thinking about how they looked until the signal for recall was given. In order to block overt verbal rehearsal, they were also asked to stick out their tongues during presentation and delay periods. Children in the Compare Rehearsal & Look condition were initially told that we were trying the two strategies in order to see which way of remembering produced more correct recalls. This compari\xad son was made and explained with the use of the child’s own data at the end of training.[¬e]""']",NA,['No'],NA,NA,NA,NA,NA,NA,NA
['Speaking and listening/Oral language'],"['Page 9:\n[¬s]""The reading fl uency measure (Salzburger Lesescreening 5-8; Salzburg Reading Screen-\ning, Grade 5 to 8; Auer, Gruber, Mayringer & Wimmer, 2005) contained 67 statements with\nan ascending level of diffi culty (e.g., sentences like ‘Mercury is a planet, where teachers\nlike to spend their holidays’).[¬e]""']",NA,['Yes'],NA,NA,"['Other types of student outcomes (Please specify)', 'Cognitive outcomes measured (Please specify)']","['Page 9:\n[¬s]""a short questionnaire to obtain demographic information[¬e]""', 'Page 9:\n[¬s]""verbal intelligence, we used the subtest ‘analogies’ from the\n‘Kognitiver Fähigkeitstest (KFT) 4-12+’ (Cognitive Profi ciency Test for Grades 4 to 12+;\nHeller & Perleth, 2000)""\n""meta-cognitive knowledge in reading consisted of fi ve learning\nscenarios (Lingel, Neuenhaus, Artelt & Schneider, 2010)[¬e]""']",NA,NA,NA
['Reading comprehension'],NA,it relates to reading comprehension but not actually measures reading comprehension as such,['Yes'],NA,NA,['Cognitive outcomes measured (Please specify)'],"['Page 12:\n[¬s]""(1) the number of times\nthat students found relevant information just before\nanswering a question""\n""(2) the average number of times that students\nfound relevant information just before answering a\nquestion in the training texts""\n""he average time spent searching the text per question\nin the ﬁnal text, as well as (2) in the training texts[¬e]""', 'Page 12:\n[¬s]""When decisions\nTo calculate this online variable, we computed (a) the\ntotal number of search decisions or number of times\nstudents referred back to the text to answer a question\nin the ﬁnal phase of the study (i.e., dichotomous vari-\nable). Additionally, we calculated (b) the average\nsearch decisions per text in the training phase.""\n""What decisions\nWe ﬁrst computed a measure of the use of relevant\ninformation before answering to analyse the search\nprocess[¬e]""']",'when' and 'what' decisions in relation to searching strategies towards answering correctly comprehension questions and therefore processing information,NA,NA
['Reading comprehension'],NA,it relates to reading comprehension but not actually measures reading comprehension as such,['Yes'],NA,NA,['Cognitive outcomes measured (Please specify)'],"['Page 12:\n[¬s]""When decisions\nTo calculate this online variable, we computed (a) the\ntotal number of search decisions or number of times\nstudents referred back to the text to answer a question\nin the ﬁnal phase of the study (i.e., dichotomous vari-\nable). Additionally, we calculated (b) the average\nsearch decisions per text in the training phase.""\n""What decisions\nWe ﬁrst computed a measure of the use of relevant\ninformation before answering to analyse the search\nprocess.[¬e]""']",'when' and 'what' decisions in relation to searching strategies towards answering correctly comprehension questions and therefore processing information,NA,NA
['Reading comprehension'],"['Page 11:\n[¬s]""We computed separately students’ comprehension scores\n(i.e. number of right answers) in both training texts (max-\nimum score was 20 points) and in the transfer text (max-\nimum score was 15 points).[¬e]""']",NA,['Yes'],NA,NA,['Cognitive outcomes measured (Please specify)'],"['Page 10:\n[¬s]""Revisiting the question screen. We computed the total time\nin seconds revisiting the question screen""\n""total number of times\nthat students decided to revisit the text after the feedback[¬e]""', 'Page 11:\n[¬s]""e total number of times that students went back\nto the text t""\n""e total time in seconds reading\nrelevant informatio[¬e]""']",in relation to self-regulation strategies,NA,NA
['Reading comprehension'],NA,NA,['Yes'],NA,NA,['Cognitive outcomes measured (Please specify)'],"['Page 10:\n[¬s]""Revisiting the question screen. We computed the total time\nin seconds revisiting the question screen after receiving\nthe feedback message.""\n""Revisiting the text. We calculated the total number of times\nthat students decided to revisit the text after the feedback\nmessage (i.e. dichotomous variable""\n""On-line processing measures in the transfer phase\nIn the transfer phase, on-line measures focused on stu-\ndents’ search decisions, which indicated the appropriate[¬e]""']",in relation to self-regulation strategies,NA,NA
['Reading comprehension'],NA,NA,['Yes'],NA,NA,['Cognitive outcomes measured (Please specify)'],"['Page 10:\n[¬s]""On-line processing measures in the training phase[¬e]""', 'Page 12:\n[¬s]""The materials (i.e. texts, comprehension questions and the\ncomputer-based system) and the procedure (i.e. including\na training phase and a transfer phase) were exactly the\nsame as described in Experiment 1[¬e]""']",n relation to self-regulation strategies and other cognitive decisions,NA,NA
['Reading comprehension'],NA,NA,['Yes'],NA,NA,['Cognitive outcomes measured (Please specify)'],"['Page 10:\n[¬s]""Revisiting the question screen. We computed the total time\nin seconds revisiting the question screen after receiving\nthe feedback message.""\n""Revisiting the text. We calculated the total number of times\nthat students decided to revisit the text after the feedback\nmessage (i.e. dichotomous variable).""\n""On-line processing measures in the transfer phase\nIn the transfer phase, on-line measures focused on stu-\ndents’ search decisions, which indicated the appropriate[¬e]""', 'Page 11:\n[¬s]""transfer of strategic search decisions. Thus, we consid-\nered the total number of times that students went back\nto the text to answer a question in the transfer phase (i.\ne. when decisions) and the total time in seconds reading\nrelevant information during the search process as an indi-\ncator of the use of relevant information before answering\n(i.e. what decisions).[¬e]""']",in relation to self-regulation strategies and other cognitive decisions,NA,NA
"['Reading other', 'Writing']",NA,NA,['No'],NA,NA,NA,NA,NA,NA,NA
"['Writing', 'Reading other']",NA,NA,['No'],NA,NA,NA,NA,NA,NA,NA
['Other curriculum test'],"['Page 4:\n[¬s]""After the children took the\nfinal general knowledge test[¬e]""']",general knowledge test,['No'],NA,NA,NA,NA,NA,NA,NA
['Other curriculum test'],"['Page 4:\n[¬s]""Forty-eight questions on science, history, geogra-\nphy, and other educational topics were selected\nfrom Brain Quest† flashcards. Brain Quest†[¬e]""']",general knowledge from various curriculum areas,['No'],NA,NA,NA,NA,NA,NA,NA
NA,NA,NA,['Yes'],NA,NA,['Cognitive outcomes measured (Please specify)'],"['Page 9:\n[¬s]""Simple performance task 1""\n""Simple performance task 2""\n""Learning task[¬e]""']",NA,NA,NA
['Reading other'],NA,NA,['Yes'],NA,NA,['Other types of student outcomes (Please specify)'],"['Page 8:\n[¬s]""A questionnaire was completed by each of the peer tutors upon completion of the study. They were asked about the benefits gained both by themselves and their tutees, how they felt about the project and whether they would like to participate in similar research again in the future.[¬e]""']",NA,NA,NA
"['Writing', 'Decoding/phonics', 'Spelling', 'Reading comprehension', 'Speaking and listening/Oral language']",NA,NA,['Yes'],NA,NA,['Cognitive outcomes measured (Please specify)'],"['Page 4:\n[¬s]""Questionnaire data were analyzed by item, to obtain a fine-grained analysis of specific changes in self-regulation that occurred as a result of ePEARL use. [¬e]""']",Self-regulation of learning strategies and behaviours (metacognition) ,NA,NA
"['Reading comprehension', 'Reading other']",NA,NA,['No'],NA,NA,NA,NA,NA,NA,NA
['Spelling'],NA,NA,['No'],NA,NA,NA,NA,NA,NA,NA
NA,NA,NA,['No'],NA,NA,NA,NA,NA,NA,NA
"['Decoding/phonics', 'Spelling', 'Reading comprehension', 'Speaking and listening/Oral language']",NA,NA,['Yes'],NA,NA,['Other types of student outcomes (Please specify)'],"['Page 9:\n[¬s]""Reading Attitude. To measure students’ attitudes toward recreational and\nacademic reading, we used the Elementary Reading Attitude Survey (ERAS)\n(McKenna, Kear, & Ellsworth, 1995).[¬e]""']",NA,"['Page 7:\n[¬s]""We used questionnaires to ask teachers and lab monitors what students did\nduring SSR time, both in class and in the Reading Tutor lab. To monitor treat-\nment fidelity, we complemented these instruments with in-school observations\nof both treatment conditions by the Educational Research Field Coordinator.[¬e]""']",NA
['Other curriculum test'],"['Page 1:\n[¬s]""The Porteus Maze Test ""\n""(b) aqualitative score (Q-score), which is concerned with errors of execution and style (Porteus, 1942). The Q-score mainly deals with how well the subject is able to follow certain instruct[¬e]""']",Psychological planning/IQ test,['No'],NA,NA,NA,NA,NA,NA,NA
NA,NA,NA,['Yes'],NA,NA,['Cognitive outcomes measured (Please specify)'],"['Page 1:\n[¬s]""The Porteus Maze Test consists of aseries of mazes of increasing dif- fic[¬e]""']",NA,NA,NA
['Writing'],NA,NA,['No'],NA,NA,NA,NA,NA,NA,NA
['Mathematics'],NA,NA,['No'],NA,NA,NA,NA,NA,NA,NA
['Mathematics'],NA,A curriculum subject was not tested here. Conservation is more of a general skill than subject-specific. ,['No'],NA,NA,NA,NA,NA,NA,NA
['Writing'],NA,NA,['Yes'],NA,NA,NA,NA,NA,"['Page 4:\n[¬s]""Tutors kept reflection journals and responded in writing to their tutorial experience for approximately 5 minutes after each session. These reflection journals were then used to refresh tutors\x92 memories about previous tutoring interactions and to aid in tutorial devel- opment. [¬e]""']",NA
['Writing'],NA,NA,['No'],NA,NA,NA,NA,NA,NA,NA
['Reading comprehension'],NA,NA,['No'],NA,NA,NA,NA,NA,NA,NA
['Reading comprehension'],NA,"I am not sure about this question as they were not testing reading comprehension (or a curriculum subject) explicitly, rather they were working under the assumption of initial understnding of the reading material and testing for retention of answers after 1 week.",['Yes'],NA,NA,['Cognitive outcomes measured (Please specify)'],"['Page 1:\n[¬s]""Retention of Initial Responses [¬e]""']",NA,NA,NA
['Reading comprehension'],NA,NA,['Yes'],NA,NA,['Other types of student outcomes (Please specify)'],"['Page 3:\n[¬s]"" subjects were asked to indicate for which four questions they had been most eager-at the time of the initial test- to obtain the correct answer. This task was included in order to see whether curiosity to learn the correct answer was in any way related to performance on the delayed test.[¬e]""']",NA,NA,NA
['Decoding/phonics'],NA,NA,['No'],NA,NA,NA,NA,NA,NA,NA
['Reading comprehension'],"['Page 1:\n[¬s]""comprehension skills o[¬e]""']",NA,['No'],NA,NA,NA,NA,NA,NA,NA
['Writing'],NA,NA,['Yes'],NA,NA,['Cognitive outcomes measured (Please specify)'],"['Page 13:\n[¬s]""ith planned comparisons\nwas conducted to explore the effect of Radar and Reﬂector on\ngroup cognitive performance, as measured by the grade given to\ntheir (group) essays. Table 14 shows means and standard devia-\ntions for group performance per condition.[¬e]""']",NA,NA,NA
['Writing'],NA,NA,['No'],NA,NA,NA,NA,NA,NA,NA
['Writing'],NA,NA,['No'],NA,NA,NA,NA,NA,NA,NA
['Writing'],NA,Note  Assessment of writing in this study targetted LEP students - Limited English Proficiency students,['Yes'],NA,NA,['Other types of student outcomes (Please specify)'],"['Page 10:\n[¬s]"" the social benefits of collaboration,""\n"" enhanced fluency[¬e]""']",NA,NA,NA
['Other curriculum test'],NA,learning the functional parts of a microscope,['Yes'],NA,NA,['Other types of student outcomes (Please specify)'],NA,"attitude to leanring task e.g. wanted more info about answers, rather teacher gave lesson",NA,NA
['Other curriculum test'],NA,learning parts and function of microscope,['Yes'],NA,NA,['Other types of student outcomes (Please specify)'],NA,attitudes to learning experience,NA,NA
['Speaking and listening/Oral language'],NA,NA,['No'],NA,NA,NA,NA,NA,NA,NA
['Writing'],NA,NA,['No'],NA,NA,NA,NA,NA,NA,NA
['Reading comprehension'],NA,NA,['Yes'],NA,NA,['Cognitive outcomes measured (Please specify)'],"['Page 10:\n[¬s]""There were 3 non-overlapping measures of intentional learning in this experiment: intentional statements, intentional concepts, and intentional subsumed statements. Also examined were 2 in\xad formationally distinct measures of incidental information: incidental statements and incidental concepts.[¬e]""']",NA,NA,NA
"['Mathematics', 'Reading other']",NA,NA,['No'],NA,NA,NA,NA,NA,NA,NA
"['Writing', 'Reading comprehension']",NA,NA,['Yes'],NA,NA,['Other types of student outcomes (Please specify)'],"['Page 43:\n[¬s]""Academic Competency Assessment. All participants were asked to complete an academic competency assessment. At the onset of the study, all participants were administered four questions about their perceptions and skills in the content area of writing. The items comprising this scale included: (a) \x93In general, how much do you like writing?;\x94 (b) \x93How good do you think you are at writing?;\x94 (c) \x93How much do you like to write stories?;\x94 and (d) How much do you like being timed on writing?\x94 A sample script is located in Appendix E.[¬e]""', 'Page 44:\n[¬s]""Intervention Acceptability Assessment. All participants receiving performance feedback information were asked to complete an intervention acceptability assessment. At the conclusion of the study, students were administered three questions about their perceptions and skills in the content area of writing. The following three questions were asked: (a) \x93How much did you like being told how many words your wrote last time?;\x94 (b) \x93How much did you like being told how many words you spelled correctly last time?;\x94 and (c) \x93How much did you like being told how many sentences you had written last time?\x94 A sample script is located in Appendix G.[¬e]""']",NA,NA,NA
"['Reading other', 'Speaking and listening/Oral language']",NA,NA,['No'],NA,NA,NA,NA,NA,NA,NA
['Science'],NA,NA,['No'],NA,NA,NA,NA,NA,NA,NA
['Mathematics'],NA,NA,['No'],NA,NA,NA,NA,NA,NA,NA
['Other curriculum test'],NA,recall of information presented in a short film,['No'],NA,NA,['Cognitive outcomes measured (Please specify)'],NA,"Recall, rate of learning (items learned divided by instructional time)",NA,NA
['Writing'],NA,NA,['Yes'],NA,NA,['Other types of student outcomes (Please specify)'],"['Page 6:\n[¬s]""When children believe they are learning a useful strategy they feel efficacious about improving their writing and are motivated to apply the strategy, which increases skills and transfer (Borkowski, 1985; Pressley et al., 199[¬e]""', 'Page 7:\n[¬s]"" enhanced perceptions of effi- cacy and learning progress""\n""children receiving strategy goals with feedback judged self-efficacy higher.[¬e]""']",NA,NA,NA
['Writing'],NA,NA,['Yes'],NA,NA,['Other types of student outcomes (Please specify)'],"['Page 11:\n[¬s]"" Students may experience a sense of self-efficacy for attaining the goal, which is substantiated as they work on the task. Students who believe they are learning a useful strategy are apt to feel efficacious about improving their writing and motivated to apply the strategy[¬e]""']",NA,NA,NA
['Writing'],NA,NA,['Yes'],NA,NA,['Other types of student outcomes (Please specify)'],"['Page 5:\n[¬s]"" The test of self-reported use of the steps in the writing strategy included five scales ranging in 10-unit intervals from 0—not at all, to 100—a whole lot. Scale labels were: ’write ideas, pick main idea, plan paragraph, write topic sentence, write other sentences. Children thought about times they wrote paragraphs and marked how often they performed each step. Scores were averaged across the five judgments.""\n""The self-efficacy test assessed children\'s perceived capabilities for performing five tasks associated with paragraph writing: generate ideas, decide on the main idea, plan the paragraph, write the topic sentence, write the supporting sentences. [¬e]""']","Test of self-reported use of the steps in the writing strategy  - ’write ideas,  - pick main idea,  - plan paragraph,  - write topic sentence,  - write other sentences.  Children marked how often they performed each step.   Self-efficacy test, children's perceived capabilities for   - generating ideas, - deciding on the main idea,  - planning the paragraph,  - writing the topic sentence,  - writing the supporting sentences.  ",NA,NA
NA,NA,NA,['No'],NA,NA,NA,NA,NA,NA,NA
['Speaking and listening/Oral language'],NA,NA,['No'],NA,NA,NA,NA,NA,NA,NA
NA,NA,NA,NA,NA,NA,NA,NA,NA,NA,NA
['Other curriculum test'],NA,motivation,['No'],NA,NA,NA,NA,NA,NA,NA
['Science'],NA,NA,['Yes'],NA,NA,['Other types of student outcomes (Please specify)'],"['Page 15:\n[¬s]""It is a distinct possibility that the increased achievement which is demonstrated by mastery strategies is greater than that of the tradi\xad tional strategy in this study due to motivational influence. The knowl\xad edge that students can- improve their grade by remediation and retesting without1 being penalized iJy an.initial low grade may increase student effort and time spen’t in preparation for recycle examinations.[¬e]""']",NA,NA,NA
['Mathematics'],NA,NA,['No'],NA,NA,NA,NA,NA,NA,NA
['Mathematics'],NA,NA,['No'],NA,NA,NA,NA,NA,NA,NA
['Science'],NA,NA,['Yes'],NA,NA,['Other types of student outcomes (Please specify)'],"['Page 67:\n[¬s]""Affective outcomes are attitudes related directly to the content\narea under study. Subject-related affect refers to the desire the student\nhas to study the content area further. Academic self-concepti.is the way in\nwhich the student views himself in the subject matter as compared to his\npeers. Teacher-related affect refers to the feeling a student develops for\nhis teacher\'s characteristics in the content area studied. Intellectual\nachievement responsibility refers to the direction of orientation the student\ndevelops for his achievement in the content area. School-related affect is\ndefined as a general attitude toward school and interest in school le[¬e]""']",NA,NA,NA
['Mathematics'],NA,NA,['Yes'],NA,NA,['Other types of student outcomes (Please specify)'],"['Page 56:\n[¬s]""Affective outcomes in this study were divided into five components:\nacademic self-concept, subject-related affect, teacher-related affect, and\nintellectual achievement responsibility (IAR),[¬e]""']",NA,NA,NA
"['Mathematics', 'Science']",NA,NA,['Yes'],NA,NA,['Cognitive outcomes measured (Please specify)'],"['Page 4:\n[¬s]""Cognitive achievement was examined during (forma- tive evaluation) and at the end of (summative evaluation) the learning process. [¬e]""']",NA,NA,NA
['Other curriculum test'],NA,NA,['No'],NA,NA,NA,NA,NA,NA,NA
['Reading comprehension'],NA,NA,['No'],NA,NA,NA,NA,NA,NA,NA
"['Mathematics', 'Reading comprehension']",NA,NA,['No'],NA,NA,NA,NA,NA,NA,NA
['Science'],NA,NA,['Yes'],NA,NA,['Cognitive outcomes measured (Please specify)'],"['Page 51:\n[¬s]"" 2) performance assessment, 3) misconception diagnostic multiple-choice items, 4) short answer WTSF essay item, and 5) predict-observe-explain item.""\n""designed to assess students’ level of conceptual understanding and conceptual change (e.g. schematic knowledge).[¬e]""']",NA,NA,NA
['Mathematics'],NA,NA,['Yes'],NA,NA,NA,NA,NA,"['Page 60:\n[¬s]""Teacher beliefs and practices were assessed using three forms of data. One assessment took the form of a survey at the beginning and at the end of this trimester study. A second assessment gathered data through the analysis of transcriptions of the FACTS meetings. The third assessment was a voluntary interview at the end of the study, which occurred for 8 of the 11 teachers.[¬e]""']",NA
['Spelling'],NA,NA,['Yes'],NA,NA,"['Other types of student outcomes (Please specify)', 'Cognitive outcomes measured (Please specify)']","['Page 1:\n[¬s]""students\' effort[¬e]""', 'Page 1:\n[¬s]"" reasoning strategy tes[¬e]""']",NA,NA,NA
['Science'],NA,NA,['Yes'],NA,NA,['Other types of student outcomes (Please specify)'],"['Page 119:\n[¬s]""O f all the motivation-related measures, aggregate treatm ent averages showed a significant improvement only in self-efficacy for problem solving. [¬e]""', 'Page 12:\n[¬s]""self- efficacy, goal orientation, affective responses, and preferences regarding feedback.[¬e]""']",NA,NA,NA
['Spelling'],NA,NA,['No'],NA,NA,NA,NA,NA,NA,NA
['Reading comprehension'],NA,NA,['Yes'],NA,NA,['Other types of student outcomes (Please specify)'],NA,students' opinion of the TuinLEC intervention ,NA,NA
['Writing'],NA,NA,['Yes'],NA,NA,['Other types of student outcomes (Please specify)'],NA,Time spent on summarising task,NA,NA
NA,NA,NA,['Yes'],NA,NA,"['Other types of student outcomes (Please specify)', 'Cognitive outcomes measured (Please specify)']","['Page 4:\n[¬s]""The third dependent variable was attitude to- ward instruction. Attitude toward instruction was measured by the Shop and Laboratory Inventory developed by Curtis R. Finch (1969), which was designed to assess a student\'s attitude toward a specific period of instruction which had been com- pleted, i.e., hour, day, week, etc. This instrument was made up of instructionally related statements which were both negative (unfavorable) and posi- tive (favorable). The statements were randomly ordered and placed on forms with a 5-point scale ranging from strongly agree to strongly disagree. Reliability was reported by the Kuder-Richardson Formula 20 as .92 with a sample size of 170.""\n""The last dependent variable under consideration in this study was that of time utilized for instruc- tion. Students were required to keep a record of all time spent upon instruction and testing for each unit on a sheet located at the front of each instructional booklet.[¬e]""', 'Page 4:\n[¬s]"" Immediate cognitive achievement and delayed cognitive achievement related to the composite instructional material were assessed with the same achievement test.[¬e]""']",NA,NA,NA
"['Mathematics', 'Reading other']",NA,NA,['No'],NA,NA,NA,NA,NA,NA,NA
['Reading comprehension'],NA,NA,['No'],NA,NA,NA,NA,NA,NA,NA
['Reading comprehension'],NA,NA,['No'],NA,NA,NA,NA,NA,NA,NA
['Reading comprehension'],NA,NA,['No'],NA,NA,NA,NA,NA,NA,NA
"['Mathematics', 'Science']",NA,NA,['No'],NA,NA,NA,NA,NA,NA,NA
['Writing'],NA,NA,['No'],NA,NA,NA,NA,NA,NA,NA
['Writing'],NA,NA,['No'],NA,NA,NA,NA,NA,NA,NA
['Writing'],NA,NA,['No'],NA,NA,NA,NA,NA,NA,NA
['Reading comprehension'],NA,NA,['No'],NA,NA,NA,NA,NA,NA,NA
['Science'],NA,NA,['Yes'],NA,NA,['Other types of student outcomes (Please specify)'],"['Page 89:\n[¬s]""M otivation Questionnaire The m otivation questionnaire (A ppendix 3.5) consisted o f 46 items (Table 3.8) measuring goal orientation, classroom contextual factors, epistemic beliefs, self- efficacy, interest and values, self-reflection, and peer review.[¬e]""', 'Page 97:\n[¬s]""A t the beginning o f the study, researchers administered the pretest, which included the m otivation survey [¬e]""', 'Page 98:\n[¬s]""researchers administered the posttest. In addition to the same m otivation survey [¬e]""']",Motivation Questionnaire,NA,NA
['Writing'],NA,NA,['Yes'],NA,NA,NA,NA,NA,"['Page 47:\n[¬s]""tea cher and tutor d a i l y logs[¬e]""']",NA
NA,NA,NA,['Yes'],NA,NA,['Cognitive outcomes measured (Please specify)'],NA,NA,NA,NA
