n_treat_ht,n_treat_info,Intervention_Group_Pre-test_Mean_HT,Intervention_Group_Pre-test_Mean_comments,Intervention_Group_Pre-test_SD_HT,Intervention_Group_Pre-test_SD_comments,Intervention_Group_Post-test_Mean_HT,Intervention_Group_Post-test_Mean_comments,Intervention_Group_Post-test_SD_HT,Intervention_Group_Post-test_SD_comments,Intervention_Group_Gain_Score_Mean_HT,Intervention_Group_Gain_Score_Mean_comments,Intervention_Group_Gain_Score_SD_HT,Intervention_Group_Gain_Score_SD_comments,Intervention_Group_Other_Info_HT,Intervention_Group_Other_Info_comments
NA,NA,NA,NA,NA,NA,NA,NA,NA,NA,NA,NA,NA,NA,NA,NA
"['Page 4:\n[¬s]""50 children[¬e]""']",NA,"['Page 9:\n[¬s]""36.70[¬e]""']",36.70,"['Page 9:\n[¬s]""12.66[¬e]""']",12.66,"['Page 9:\n[¬s]""82.12[¬e]""']",82.12,"['Page 9:\n[¬s]""22.01[¬e]""']",22.01,NA,NA,NA,NA,NA,NA
NA,NA,NA,NA,NA,NA,NA,NA,NA,NA,NA,NA,NA,NA,NA,NA
NA,NA,NA,64.8,NA,12.0,NA,75.5,NA,13.8,NA,NA,NA,NA,NA,NA
NA,NA,NA,NA,NA,NA,NA,NA,NA,NA,NA,NA,NA,NA,NA,NA
"['Page 17:\n[¬s]""N = 23""\n""N = 21""\n""N = \'n.\'n.[¬e]""']",66,"['Page 17:\n[¬s]""30.43""\n""31.76""\n""30.22[¬e]""']",30.783,"['Page 17:\n[¬s]""7.19""\n""6.56""\n""6.51[¬e]""']",6.689,"['Page 17:\n[¬s]""35.13**""\n""35.76""\n""35.20**[¬e]""']",35.354,"['Page 17:\n[¬s]""6.75""\n""6.75""\n""7.43[¬e]""']",6.881,NA,NA,NA,NA,NA,NA
NA,NA,NA,NA,NA,NA,NA,NA,NA,NA,NA,NA,NA,NA,NA,NA
"['Page 29:\n[¬s]""40""\n""56[¬e]""']",96,"['Page 29:\n[¬s]""20.15""\n""2).42""\n""18.35""\n""51.42""\n""51.5""\n""49.36[¬e]""']",38.288,"['Page 29:\n[¬s]""9.2""\n""8.87""\n""9.95""\n""20-5""\n""29.07""\n""20.7[¬e]""']",23.838,"['Page 31:\n[¬s]""47.66""\n""37.78""\n""34""\n""51.42""\n""65.61""\n""57.73[¬e]""']",50.330,"['Page 31:\n[¬s]""16.33""\n""19.40""\n""19.8""\n""19.45""\n""21.90""\n""17.76[¬e]""']",21.729,NA,NA,NA,NA,NA,NA
"['Page 8:\n[¬s]""72 participants[¬e]""']",36,NA,NA,NA,NA,"['Page 10:\n[¬s]""43.30[¬e]""']",43.30,"['Page 10:\n[¬s]""12.23[¬e]""']",12.23,NA,NA,NA,NA,NA,NA
NA,79,"['Page 8:\n[¬s]""70.03[¬e]""']",70.03,"['Page 8:\n[¬s]""21.10[¬e]""']",21.10,"['Page 8:\n[¬s]""76.44[¬e]""']",76.44,"['Page 8:\n[¬s]""19.65[¬e]""']",19.65,NA,NA,NA,NA,NA,NA
"['Page 4:\n[¬s]""27[¬e]""']",27,"['Page 3:\n[¬s]""X= 25.00[¬e]""']",25.00,"['Page 3:\n[¬s]""SD = 24.02[¬e]""']",24.02,"['Page 3:\n[¬s]""A""= 42.59[¬e]""']",42.59,"['Page 3:\n[¬s]""SD = 34.5[¬e]""']",34.54,NA,NA,NA,NA,NA,NA
NA,156,"['Page 59:\n[¬s]""TABLE I TREATMENT GROUP MEANS ON THE PRETEST ""OVERALL QUALITY,"" POSTTEST ESSAY, AND ADJUSTED POSTTEST ""OVERALL QUALITY""[¬e]""']",6.31,NA,NA,"['Page 59:\n[¬s]""TREATMENT GROUP MEANS ON THE PRETEST ""OVERALL QUALITY,"" POSTTEST ESSAY, AND ADJUSTED POSTTEST ""OVERALL QUALITY""[¬e]""']",6.88,NA,NA,NA,NA,NA,NA,NA,NA
"['Page 44:\n[¬s]""Treatment""\n""II""\n""22""\n""25""\n""19""\n""25""\n""21""\n""25""\n""17[¬e]""']",137,"['Page 59:\n[¬s]""6.49[¬e]""']",6.49,NA,NA,"['Page 59:\n[¬s]""6.92[¬e]""']",6.92,NA,NA,NA,NA,NA,NA,NA,NA
NA,24,NA,NA,NA,NA,"['Page 5:\n[¬s]""105.0[¬e]""']",105.0,"['Page 5:\n[¬s]""10.45[¬e]""']",10.45,NA,NA,NA,NA,NA,NA
NA,24,NA,NA,NA,NA,"['Page 4:\n[¬s]""7.75""\n""8.08[¬e]""']",7.915,"['Page 4:\n[¬s]""2.99""\n""1.93[¬e]""']",2.462,NA,NA,NA,NA,NA,NA
"['Page 62:\n[¬s]""Experimental""\n""(n = 16)[¬e]""']",16,NA,NA,NA,NA,NA,NA,NA,NA,NA,NA,NA,NA,NA,NA
"['Page 53:\n[¬s]""23[¬e]""']",23,"['Page 54:\n[¬s]""3""\n""3""\n""6""\n""9""\n""6""\n""5""\n""6""\n""7""\n""8""\n""5""\n""7""\n""10""\n""9""\n""6""\n""10""\n""11""\n""23""\n""21""\n""13""\n""17""\n""11""\n""20""\n""28[¬e]""']",10.609,NA,NA,"['Page 54:\n[¬s]""21""\n""20""\n""16""\n""36""\n""31""\n""37""\n""39""\n""30""\n""41""\n""35""\n""38""\n""59""\n""41""\n""40""\n""24""\n""53""\n""43""\n""53""\n""44""\n""50""\n""52""\n""56""\n""56[¬e]""']",39.783,NA,NA,NA,NA,NA,NA,"['Page 58:\n[¬s]"" In interquartile""\n"" ranqe (posttreat)""\n""[yes]""\n""[yes]""\n""yes""\n""yes""\n""yes""\n""yes""\n""yes""\n""yes""\n""yes""\n""yes""\n""yes""\n""yes""\n""yes""\n""yes""\n""yes""\n""yes""\n"" no""\n""yes""\n""yes""\n""yes""\n""yes""\n""yas""\n""yes[¬e]""']",Number of children in the range of scores between the 25%ile and 75%ile of non-SEND children
"['Page 5:\n[¬s]""Written feedback. Students of GE1 fn = 23),[¬e]""']",23,"['Page 6:\n[¬s]""39.4[¬e]""']",39.4,"['Page 6:\n[¬s]""36.7[¬e]""']",36.7,"['Page 6:\n[¬s]""41.5[¬e]""']",41.5,"['Page 6:\n[¬s]""37.9[¬e]""']",37.9,NA,NA,NA,NA,NA,NA
"['Page 5:\n[¬s]""Students of GE2 (n = 30)[¬e]""']",30,"['Page 6:\n[¬s]""42.8[¬e]""']",42.8,"['Page 6:\n[¬s]""37.1[¬e]""']",37.1,"['Page 6:\n[¬s]""53.0[¬e]""']",53.0,"['Page 6:\n[¬s]""40.3[¬e]""']",40.3,NA,NA,NA,NA,NA,NA
"['Page 6:\n[¬s]""23[¬e]""']",23,NA,NA,NA,NA,"['Page 7:\n[¬s]""117.26[¬e]""']",117.26,"['Page 7:\n[¬s]""21.74[¬e]""']",21.74,NA,NA,NA,NA,NA,NA
"['Page 5:\n[¬s]""14[¬e]""']",7,NA,NA,NA,NA,"['Page 5:\n[¬s]""14""\n""12.3 7.0 56 49 10.5 2A 4.0 5A 5.4 69 6.8 6.1 5.1 5.9[¬e]""']",6.3071,NA,2.4046,NA,NA,NA,NA,NA,NA
NA,NA,NA,NA,NA,NA,NA,NA,NA,NA,NA,NA,NA,NA,NA,NA
"['Page 4:\n[¬s]""77[¬e]""']",77,NA,NA,NA,NA,"['Page 4:\n[¬s]""22.62 ""\n""18.46 ""\n""16.08""\n""23.08""\n""22.25""\n""18.00[¬e]""']",19.988,"['Page 4:\n[¬s]""4.29""\n""3.26""\n""4.97""\n""3.85 ""\n""3.17""\n""5.33[¬e]""']",4.918,NA,NA,NA,NA,NA,NA
"['Page 4:\n[¬s]""Failure""\n""77[¬e]""']",77,NA,NA,NA,NA,"['Page 4:\n[¬s]""21.69""\n""19.38""\n""12.33""\n""21.55""\n""20.14""\n""15.21[¬e]""']",18.361,"['Page 4:\n[¬s]""5.41""\n""4.44""\n""6.38""\n""3.24""\n""3.66""\n""4.21[¬e]""']",5.660,NA,NA,NA,NA,NA,NA
"['Page 12:\n[¬s]""31[¬e]""']",31,"['Page 12:\n[¬s]""9.94[¬e]""']",9.94,"['Page 12:\n[¬s]""94 (12.75)[¬e]""']",12.75,"['Page 12:\n[¬s]""47.94[¬e]""']",47.94,"['Page 12:\n[¬s]""(13.67)[¬e]""']",13.67,NA,NA,NA,NA,NA,NA
"['Page 140:\n[¬s]""IS[¬e]""']",18,"['Page 140:\n[¬s]""34.78[¬e]""']",34.78,"['Page 140:\n[¬s]""15.79[¬e]""']",15.79,"['Page 148:\n[¬s]""48.89[¬e]""']",48.89,"['Page 148:\n[¬s]""13.94[¬e]""']",13.94,NA,NA,NA,NA,NA,NA
"['Page 2:\n[¬s]""88""\n""90[¬e]""']",178,"['Page 3:\n[¬s]""38.68[¬e]""']",38.68,"['Page 3:\n[¬s]""14.86[¬e]""']",14.86,"['Page 3:\n[¬s]""55.49[¬e]""']",55.49,"['Page 3:\n[¬s]""19.26[¬e]""']",19.26,NA,NA,NA,NA,NA,NA
"['Page 2:\n[¬s]""90[¬e]""']",90,"['Page 3:\n[¬s]""39.84[¬e]""']",39.84,"['Page 3:\n[¬s]""24.43[¬e]""']",24.43,"['Page 3:\n[¬s]""52.59[¬e]""']",52.59,"['Page 3:\n[¬s]""25.32[¬e]""']",25.32,NA,NA,NA,NA,NA,NA
NA,NA,NA,NA,NA,NA,NA,NA,NA,NA,NA,NA,NA,NA,NA,NA
NA,NA,NA,NA,NA,NA,NA,NA,NA,NA,NA,NA,NA,NA,NA,NA
NA,NA,NA,NA,NA,NA,NA,NA,NA,NA,NA,NA,NA,NA,NA,NA
NA,NA,NA,NA,NA,NA,NA,NA,NA,NA,NA,NA,NA,NA,NA,NA
NA,NA,NA,NA,NA,NA,NA,NA,NA,NA,NA,NA,NA,NA,NA,NA
NA,216,NA,NA,NA,NA,"['Page 7:\n[¬s]""20.52""\n""25.12""\n""27.16""\n""29.06""\n""23.32""\n""24.26""\n""28.41""\n""29.31""\n""29.54""\n""29.20""\n""31.52""\n""31.90[¬e]""']","27.443
","['Page 7:\n[¬s]""6.18""\n""3.71""\n""3.98""\n""3.82""\n""4.30""\n""3.83""\n""3.89""\n""3.27""\n""5.92""\n""3.28""\n""3.33""\n""2.93[¬e]""']","5.231
",NA,NA,NA,NA,NA,NA
"['Page 8:\n[¬s]""19[¬e]""']",19,"['Page 8:\n[¬s]""6.00[¬e]""']",6.0,"['Page 8:\n[¬s]""2.43[¬e]""']",2.43,"['Page 8:\n[¬s]""10.68[¬e]""']",10.68,"['Page 8:\n[¬s]""1.92[¬e]""']",1.92,NA,NA,NA,NA,NA,NA
NA,60,NA,NA,NA,NA,NA,"4.590
",NA,"1.898
",NA,NA,NA,NA,NA,NA
NA,NA,NA,NA,NA,NA,NA,NA,NA,NA,NA,NA,NA,NA,NA,NA
NA,2230,"['Page 61:\n[¬s]"" 3.600[¬e]""']",3.6,NA,NA,"['Page 61:\n[¬s]""3.927[¬e]""']",3.927,NA,NA,NA,NA,NA,NA,NA,NA
NA,NA,NA,NA,NA,NA,NA,NA,NA,NA,NA,NA,NA,NA,NA,NA
"['Page 14:\n[¬s]""182[¬e]""']",182,"['Page 14:\n[¬s]""409.77[¬e]""']",409.77,"['Page 14:\n[¬s]""17.72[¬e]""']",17.72,"['Page 15:\n[¬s]""455.78[¬e]""']",455.78,"['Page 15:\n[¬s]""14.06[¬e]""']",14.06,NA,NA,NA,NA,NA,NA
NA,48,NA,NA,NA,NA,"['Page 8:\n[¬s]""verbal reward\n(M = 4.67), symbolic and self-reward (both\nMs = 4.58), and tangible reward groups\n(M = 4.33).[¬e]""']","4.540
",NA,NA,NA,NA,NA,NA,NA,NA
NA,96,NA,50.2,NA,8.17,NA,111.6,NA,15.56,NA,NA,NA,NA,NA,NA
"['Page 4:\n[¬s]""22[¬e]""']",22,NA,NA,NA,NA,"['Page 4:\n[¬s]""21.63[¬e]""']",21.636,"['Page 4:\n[¬s]""8.409[¬e]""']",8.409,NA,NA,NA,NA,NA,NA
"['Page 145:\n[¬s]""24[¬e]""']",24,NA,NA,NA,NA,"['Page 145:\n[¬s]""20. 17[¬e]""']",20.17,"['Page 145:\n[¬s]""9.15[¬e]""']",9.15,NA,NA,NA,NA,NA,NA
NA,assumed 168 as not specified in text,NA,7.92,NA,3.03,NA,"mean of 3 schools 13.6, 13.6, 14.9 = 14.09",NA,"mean of 3 schools 3.01,3.01,2.69 = 2.9",NA,NA,NA,NA,NA,NA
"['Page 89:\n[¬s]""20[¬e]""']",20,NA,NA,NA,NA,"['Page 89:\n[¬s]""28.85[¬e]""']",28.85,"['Page 89:\n[¬s]""5.79[¬e]""']",5.79,NA,NA,NA,NA,NA,NA
"['Page 71:\n[¬s]""49[¬e]""']",49,"['Page 71:\n[¬s]""300.7[¬e]""']",300.7,"['Page 71:\n[¬s]""18.1[¬e]""']",NA,"['Page 71:\n[¬s]""304.6[¬e]""']",NA,"['Page 71:\n[¬s]""13.3[¬e]""']",NA,NA,NA,NA,NA,NA,NA
"['Page 14:\n[¬s]""12[¬e]""']",12,NA,NA,NA,NA,"['Page 14:\n[¬s]""63.8[¬e]""']",63.8,"['Page 14:\n[¬s]""el[¬e]""']",19.3,NA,NA,NA,NA,NA,NA
"['Page 14:\n[¬s]""14[¬e]""']",14,NA,NA,NA,NA,"['Page 14:\n[¬s]"".3 I[¬e]""']",59.3,"['Page 14:\n[¬s]""el[¬e]""']",23.7,NA,NA,NA,NA,NA,NA
"['Page 14:\n[¬s]""11[¬e]""']",11,NA,NA,NA,NA,"['Page 14:\n[¬s]""48.7[¬e]""']",48.7,"['Page 14:\n[¬s]""20.3[¬e]""']",20,NA,NA,NA,NA,NA,NA
NA,60,NA,NA,NA,NA,"['Page 4:\n[¬s]""8.83\n7.60[¬e]""']",8.83 + 7.6 / 2 = 6.65,NA,3.1 + 3.94 /2 = 3.52,NA,NA,NA,NA,NA,NA
NA,30,"['Page 13:\n[¬s]""384.63[¬e]""']",384.63,"['Page 13:\n[¬s]""21.91[¬e]""']",21.91,"['Page 13:\n[¬s]""411.10[¬e]""']",411.1,"['Page 13:\n[¬s]""28.26[¬e]""']",28.26,"['Page 13:\n[¬s]""26.47[¬e]""']",26.47,"['Page 13:\n[¬s]""15.09[¬e]""']",15.09,NA,NA
NA,NA,NA,NA,NA,NA,NA,NA,NA,NA,NA,NA,NA,NA,NA,NA
"['Page 7:\n[¬s]""54[¬e]""']",54,"['Page 7:\n[¬s]"".40[¬e]""']",0.40,"['Page 7:\n[¬s]"".26[¬e]""']",0.26,"['Page 7:\n[¬s]"".54[¬e]""']",0.54,"['Page 7:\n[¬s]"".26[¬e]""']",0.26,"['Page 7:\n[¬s]"".14[¬e]""']",0.14,"['Page 7:\n[¬s]""25[¬e]""']",0.25,NA,NA
"['Page 7:\n[¬s]""61[¬e]""']",61,"['Page 7:\n[¬s]"".41[¬e]""']",0.41,"['Page 7:\n[¬s]"".23[¬e]""']",0.23,"['Page 7:\n[¬s]"".49[¬e]""']",0.49,"['Page 7:\n[¬s]"".27[¬e]""']",0.27,"['Page 7:\n[¬s]"".08[¬e]""']",0.08,"['Page 7:\n[¬s]"".14[¬e]""']",0.14,NA,NA
"['Page 7:\n[¬s]""56[¬e]""']",56,"['Page 7:\n[¬s]"".31[¬e]""']",0.31,"['Page 7:\n[¬s]"".17[¬e]""']",0.17,"['Page 7:\n[¬s]"".41[¬e]""']",0.41,"['Page 7:\n[¬s]"".23[¬e]""']",0.23,"['Page 7:\n[¬s]"".10[¬e]""']",0.10,"['Page 7:\n[¬s]"".17[¬e]""']",0.17,NA,NA
"['Page 7:\n[¬s]""19""\n""iList-3[¬e]""']",19,"['Page 7:\n[¬s]"".53[¬e]""']",0.53,"['Page 7:\n[¬s]"".29[¬e]""']",0.29,"['Page 7:\n[¬s]"".65[¬e]""']",0.65,"['Page 7:\n[¬s]"".26[¬e]""']",0.26,"['Page 7:\n[¬s]"".12[¬e]""']",0.12,"['Page 7:\n[¬s]"".24[¬e]""']",0.24,NA,NA
NA,NA,NA,NA,NA,NA,NA,NA,NA,NA,NA,NA,NA,NA,NA,NA
"['Page 3:\n[¬s]""51 boys, 13 girls[¬e]""']",64,"['Page 6:\n[¬s]""41.58[¬e]""']",41.58,"['Page 6:\n[¬s]"" 33.72[¬e]""']",33.72,"['Page 6:\n[¬s]""70.23[¬e]""']",70.23,"['Page 6:\n[¬s]""45.75[¬e]""']",45.75,NA,NA,NA,NA,NA,NA
NA,49,NA,NA,NA,NA,NA,62.19,NA,4.97,NA,NA,NA,NA,NA,NA
NA,4,NA,55.50,NA,21.68,NA,NA,NA,NA,NA,NA,NA,NA,NA,NA
NA,NA,NA,NA,NA,NA,NA,NA,NA,NA,NA,NA,NA,NA,NA,NA
NA,19,"['Page 15:\n[¬s]""230.30[¬e]""']",230.30,"['Page 15:\n[¬s]""(63.25)[¬e]""']",63.25,"['Page 15:\n[¬s]""265.05[¬e]""']",265.05,"['Page 15:\n[¬s]""66.72)[¬e]""']",66.72,"['Page 15:\n[¬s]""34.75[¬e]""']",34.75,"['Page 15:\n[¬s]""(12.91)[¬e]""']",12.91,NA,NA
NA,20,"['Page 16:\n[¬s]""38.90[¬e]""']",38.90,"['Page 16:\n[¬s]""16.56[¬e]""']",16.56,"['Page 16:\n[¬s]""56.20[¬e]""']",56.20,"['Page 16:\n[¬s]""21.77[¬e]""']",21.77,"['Page 16:\n[¬s]""17.30[¬e]""']",17.30,"['Page 16:\n[¬s]""10.66[¬e]""']",10.66,NA,NA
"['Page 63:\n[¬s]""80[¬e]""']",80,NA,NA,NA,NA,"['Page 60:\n[¬s]""27.82[¬e]""']",27.825,"['Page 63:\n[¬s]""5.0435[¬e]""']",5.0435,NA,NA,NA,NA,NA,NA
NA,15,NA,NA,NA,NA,"['Page 6:\n[¬s]""13.93[¬e]""']",13.93,"['Page 6:\n[¬s]""2.76[¬e]""']",2.76,NA,NA,NA,NA,NA,NA
NA,100,NA,35.24,"['Page 4:\n[¬s]""8.24[¬e]""']",8.24,NA,NA,NA,NA,NA,NA,NA,NA,NA,NA
NA,NA,NA,NA,NA,NA,NA,NA,NA,NA,NA,NA,NA,NA,NA,NA
NA,27,NA,NA,NA,NA,NA,NA,NA,NA,NA,5.57,NA,3.276,NA,NA
"['Page 4:\n[¬s]""Table 2.-[¬e]""']",26,NA,NA,NA,NA,"['Page 5:\n[¬s]""Table 4.-[¬e]""']","50.239
","['Page 5:\n[¬s]""Table 4.-[¬e]""']","4.944
","['Page 4:\n[¬s]""Table 2.-[¬e]""']","6.296
","['Page 4:\n[¬s]""Table 2.-[¬e]""']","2.876
",NA,NA
"['Page 302:\n[¬s]""97[¬e]""']",97,"['Page 302:\n[¬s]""2.45[¬e]""']",2.45,"['Page 302:\n[¬s]"".42[¬e]""']",0.42,"['Page 302:\n[¬s]""3.22[¬e]""']",3.22,"['Page 302:\n[¬s]"".37[¬e]""']",0.37,NA,NA,NA,NA,NA,NA
NA,389,NA,8.82,NA,3.17,NA,NA,NA,NA,NA,NA,NA,NA,NA,NA
NA,24,NA,1.51,NA,0.58,NA,2.86,NA,0.64,NA,NA,NA,NA,NA,NA
NA,33,"['Page 12:\n[¬s]""4.6[¬e]""']",4.687,"['Page 12:\n[¬s]""16[¬e]""']",1.616,"['Page 12:\n[¬s]""6.2[¬e]""']",6.254,"['Page 12:\n[¬s]""18[¬e]""']",2.018,NA,NA,NA,NA,NA,NA
NA,NA,NA,NA,NA,NA,NA,NA,NA,NA,NA,NA,NA,NA,NA,NA
NA,NA,NA,NA,NA,NA,NA,NA,NA,NA,NA,NA,NA,NA,NA,NA
NA,82,"['Page 8:\n[¬s]""73.56 and 22.10 for the experimental group[¬e]""']",73.56,NA,22.10,"['Page 10:\n[¬s]""40.35[¬e]""']",40.35,"['Page 10:\n[¬s]""6.47[¬e]""']",6.47,NA,NA,NA,NA,NA,NA
NA,NA,NA,NA,NA,NA,NA,NA,NA,NA,NA,NA,NA,NA,NA,NA
NA,NA,NA,NA,NA,NA,NA,NA,NA,NA,NA,NA,NA,NA,NA,NA
NA,NA,NA,NA,NA,NA,NA,NA,NA,NA,NA,NA,NA,NA,NA,NA
NA,NA,NA,NA,NA,NA,NA,NA,NA,NA,NA,NA,NA,NA,NA,NA
"['Page 6:\n[¬s]""34[¬e]""']",34,NA,NA,NA,NA,"['Page 6:\n[¬s]""13.50[¬e]""']",13.5,"['Page 6:\n[¬s]""2.85[¬e]""']",2.85,NA,NA,NA,NA,NA,NA
NA,35,NA,NA,NA,NA,NA,9.85,NA,3.1,NA,NA,NA,NA,NA,NA
NA,NA,NA,NA,NA,NA,NA,NA,NA,NA,NA,NA,NA,NA,NA,NA
"['Page 80:\n[¬s]"" (n = 43) served as the treatment group[¬e]""']",43,NA,NA,NA,NA,"['Page 110:\n[¬s]""83.33[¬e]""']",83.33,"['Page 110:\n[¬s]""7.86[¬e]""']",7.86,NA,NA,NA,NA,NA,NA
NA,947,NA,55.63,NA,NA,NA,51.70,NA,NA,NA,NA,NA,NA,NA,NA
"['Page 4:\n[¬s]""groups of 15[¬e]""']",15,"['Page 4:\n[¬s]""18.53[¬e]""']",18.53,"['Page 4:\n[¬s]""3.81[¬e]""']",3.81,NA,NA,NA,NA,NA,NA,NA,NA,NA,NA
NA,776,NA,3.788,NA,0.817,NA,4.115,NA,0.807,NA,NA,NA,NA,NA,NA
"['Page 15:\n[¬s]""Group feedback (n = 32)[¬e]""']",32,"['Page 14:\n[¬s]""83.30[¬e]""']",83.30,"['Page 14:\n[¬s]""16.80[¬e]""']",16.80,"['Page 17:\n[¬s]""89.17[¬e]""']",89.17,"['Page 17:\n[¬s]""14.30[¬e]""']",14.30,NA,NA,NA,NA,NA,NA
NA,NA,NA,NA,NA,NA,NA,NA,NA,NA,NA,NA,NA,NA,NA,NA
"['Page 11:\n[¬s]""conText (N = 59)[¬e]""']",59,"['Page 11:\n[¬s]""23.1[¬e]""']",23.1,"['Page 11:\n[¬s]""(5.5)[¬e]""']",5.5,"['Page 11:\n[¬s]""26.3[¬e]""']",26.3,"['Page 11:\n[¬s]""(4.6)[¬e]""']",4.6,"['Page 11:\n[¬s]""3.1[¬e]""']",3.1,"['Page 11:\n[¬s]""(4.9[¬e]""']",4.9,NA,NA
NA,34,"['Page 7:\n[¬s]""M= 12.82[¬e]""']",12.82,"['Page 7:\n[¬s]""M= 12.82[¬e]""', 'Page 7:\n[¬s]""sd = 3.6[¬e]""']",3.61,NA,NA,NA,NA,NA,NA,NA,NA,NA,NA
NA,30,"['Page 7:\n[¬s]""M= 12.57[¬e]""']",12.57,"['Page 7:\n[¬s]""sd = 3.57[¬e]""']",3.57,NA,NA,NA,NA,NA,NA,NA,NA,NA,NA
NA,NA,NA,NA,NA,NA,NA,NA,NA,NA,NA,NA,NA,NA,NA,NA
NA,NA,NA,NA,NA,NA,NA,NA,NA,NA,NA,NA,NA,NA,NA,NA
NA,NA,NA,NA,NA,NA,NA,NA,NA,NA,NA,NA,NA,NA,NA,NA
NA,NA,NA,NA,NA,NA,NA,NA,NA,NA,NA,NA,NA,NA,NA,NA
NA,14,NA,3.59,NA,1.16,NA,5,NA,1.75,NA,NA,NA,NA,NA,NA
NA,13,NA,2.77,NA,1.18,NA,4.27,NA,1.25,NA,NA,NA,NA,NA,NA
NA,NA,NA,NA,NA,NA,NA,NA,NA,NA,NA,NA,NA,NA,NA,NA
NA,NA,NA,NA,NA,NA,NA,NA,NA,NA,NA,NA,NA,NA,NA,NA
NA,NA,NA,NA,NA,NA,NA,NA,NA,NA,NA,NA,NA,NA,NA,NA
"['Page 11:\n[¬s]""6[¬e]""']",6,"['Page 11:\n[¬s]""86.7[¬e]""']",86.7,"['Page 11:\n[¬s]""5.58[¬e]""']",5.58,"['Page 11:\n[¬s]""95.8[¬e]""']",95.8,"['Page 11:\n[¬s]""6.5[¬e]""']",NA,NA,NA,NA,NA,NA,NA
NA,121,NA,1.78,NA,0.750,NA,2.11,NA,0.668,NA,0.33,NA,NA,NA,NA
NA,NA,NA,NA,NA,NA,NA,NA,NA,NA,NA,NA,NA,NA,NA,NA
"['Page 3:\n[¬s]""33[¬e]""']",33,NA,NA,NA,NA,"['Page 3:\n[¬s]""2.48[¬e]""']",2.48,NA,NA,NA,NA,NA,NA,NA,NA
"['Page 5:\n[¬s]""14[¬e]""']",14,NA,NA,NA,NA,"['Page 5:\n[¬s]""41.286[¬e]""']",41.286,NA,NA,NA,NA,NA,NA,NA,NA
NA,88,"['Page 10:\n[¬s]""464.26[¬e]""']",464.26,"['Page 10:\n[¬s]""(23.56)[¬e]""']",23.56,"['Page 10:\n[¬s]""482.22[¬e]""']",482.22,"['Page 10:\n[¬s]""(14.86)[¬e]""']",14.86,"['Page 10:\n[¬s]""17.96[¬e]""']",17.96,"['Page 10:\n[¬s]""(12.26)[¬e]""']",12.26,NA,NA
"['Page 4:\n[¬s]""f 1[¬e]""']",15,"['Page 8:\n[¬s]""15.[¬e]""']",15.93,"['Page 8:\n[¬s]""12[¬e]""']",12.89,"['Page 8:\n[¬s]"" 3.[¬e]""']",3.93,"['Page 8:\n[¬s]"" 2.[¬e]""']",2.82,"['Page 8:\n[¬s]""-12[¬e]""']",-12,"['Page 8:\n[¬s]"" 12.[¬e]""']",12.42,NA,NA
"['Page 4:\n[¬s]""f 1[¬e]""']",15,"['Page 8:\n[¬s]""13[¬e]""']",13,"['Page 8:\n[¬s]"" 10.6[¬e]""']",10.68,"['Page 8:\n[¬s]"" 2.[¬e]""']",2.27,"['Page 8:\n[¬s]"" 2.[¬e]""']",2.69,"['Page 8:\n[¬s]""-10.[¬e]""']",-10.73,"['Page 8:\n[¬s]""8.[¬e]""']",8.86,NA,NA
NA,25,NA,98.78,NA,26.81,NA,106.83,NA,19.09,NA,NA,NA,NA,NA,NA
NA,NA,NA,NA,NA,NA,NA,NA,NA,NA,NA,NA,NA,NA,NA,NA
NA,NA,NA,NA,NA,NA,NA,NA,NA,NA,NA,NA,NA,NA,NA,NA
"['Page 6:\n[¬s]""15[¬e]""']",15,"['Page 6:\n[¬s]""3.170[¬e]""']",3.170,"['Page 7:\n[¬s]""0.596[¬e]""']",0.596,"['Page 6:\n[¬s]""3.359[¬e]""']",3.359,"['Page 7:\n[¬s]""0.646[¬e]""']",0.646,NA,NA,NA,NA,NA,NA
"['Page 7:\n[¬s]""25[¬e]""']",25,"['Page 7:\n[¬s]""3.220[¬e]""']",3.220,"['Page 7:\n[¬s]""0.738[¬e]""']",0.738,"['Page 7:\n[¬s]""4.043[¬e]""']",4.043,"['Page 7:\n[¬s]""0.548[¬e]""']",0.548,NA,NA,NA,NA,NA,NA
NA,NA,NA,NA,NA,NA,NA,NA,NA,NA,NA,NA,NA,NA,NA,NA
"['Page 5:\n[¬s]""34)[¬e]""']",NA,"['Page 5:\n[¬s]""9.11 [¬e]""']",9.11,"['Page 5:\n[¬s]""2.31 [¬e]""']",2.31,"['Page 5:\n[¬s]""10.29 [¬e]""']",10.29,"['Page 5:\n[¬s]""1.62 [¬e]""']",1.62,NA,NA,NA,NA,NA,NA
NA,NA,NA,NA,NA,NA,NA,NA,NA,NA,NA,NA,NA,NA,NA,NA
NA,12,NA,9.92,NA,NA,NA,NA,NA,NA,NA,NA,NA,NA,NA,NA
"['Page 6:\n[¬s]""20[¬e]""']",20,"['Page 6:\n[¬s]""23.75[¬e]""']",23.75,"['Page 6:\n[¬s]""8.27[¬e]""']",8.27,"['Page 6:\n[¬s]""25.80[¬e]""']",25.80,"['Page 6:\n[¬s]""5.94[¬e]""']",5.94,NA,NA,NA,NA,NA,NA
NA,NA,NA,NA,NA,NA,NA,NA,NA,NA,NA,NA,NA,NA,NA,NA
NA,46,NA,2.84,NA,1.09,NA,3.33,NA,1.35,NA,NA,NA,NA,NA,NA
NA,44,"['Page 10:\n[¬s]""2.84[¬e]""']",2.84,"['Page 10:\n[¬s]""1.09[¬e]""']",1.09,"['Page 10:\n[¬s]""3.49""\n""3.29[¬e]""']",3.29,"['Page 10:\n[¬s]""1.49[¬e]""']",1.49,NA,NA,NA,NA,NA,NA
"['Page 9:\n[¬s]""N=27[¬e]""']",27,NA,NA,NA,NA,"['Page 9:\n[¬s]"" 2.33[¬e]""']",2.33,"['Page 9:\n[¬s]""1.01[¬e]""']",1.01,NA,NA,NA,NA,NA,NA
"['Page 4:\n[¬s]""TABLE I[¬e]""']",70,NA,NA,NA,NA,"['Page 4:\n[¬s]""TABLE I[¬e]""']",16.79,"['Page 4:\n[¬s]""TABLE I[¬e]""']",2.40,NA,NA,NA,NA,NA,NA
NA,70,NA,NA,NA,NA,"['Page 4:\n[¬s]""TABLE I[¬e]""']",18.54,"['Page 4:\n[¬s]""TABLE I[¬e]""']",2.2,NA,NA,NA,NA,NA,NA
NA,NA,NA,NA,NA,NA,NA,NA,NA,NA,NA,NA,NA,NA,NA,NA
NA,NA,NA,NA,NA,NA,NA,NA,NA,NA,NA,NA,NA,NA,NA,NA
NA,NA,NA,NA,NA,NA,NA,NA,NA,NA,NA,NA,NA,NA,NA,NA
"['Page 23:\n[¬s]""709[¬e]""']",709,NA,NA,NA,NA,"['Page 23:\n[¬s]""100.86[¬e]""']",100.86,"['Page 23:\n[¬s]""14.35[¬e]""']",14.35,NA,NA,NA,NA,NA,NA
"['Page 37:\n[¬s]""multiple feedback group = 14 students[¬e]""']",10,"['Page 107:\n[¬s]""107.3[¬e]""']",107.3,"['Page 107:\n[¬s]""14.1[¬e]""']",14.1,"['Page 107:\n[¬s]""109.2[¬e]""']",109.2,"['Page 107:\n[¬s]""16.2[¬e]""']",16.2,NA,NA,NA,NA,NA,NA
NA,NA,NA,NA,NA,NA,NA,NA,NA,NA,NA,NA,NA,NA,NA,NA
NA,NA,NA,NA,NA,NA,"['Page 3:\n[¬s]""16.03 16.91[¬e]""']",16.483,"['Page 3:\n[¬s]""6.44 7.71[¬e]""']",7.026,NA,NA,NA,NA,NA,NA
NA,1830,NA,NA,NA,NA,"['Page 9:\n[¬s]""Students\ncompleting Cognitive Tutor scored significantly higher (279.1)[¬e]""']",279.1,NA,NA,NA,NA,NA,NA,NA,NA
NA,24,NA,NA,NA,NA,"['Page 4:\n[¬s]""14.04[¬e]""']",NA,"['Page 4:\n[¬s]""4.11[¬e]""']",NA,NA,NA,NA,NA,NA,NA
NA,11,"['Page 5:\n[¬s]""9.3[¬e]""']",9.3,"['Page 5:\n[¬s]""(1.1)[¬e]""']",1.1,"['Page 5:\n[¬s]""13.3[¬e]""']",13.3,"['Page 5:\n[¬s]""(1.2)[¬e]""']",1.2,NA,NA,NA,NA,NA,NA
NA,NA,NA,NA,NA,NA,NA,NA,NA,NA,NA,NA,NA,NA,NA,NA
NA,15,NA,7.7,NA,1.4,NA,NA,NA,NA,NA,NA,NA,NA,NA,NA
NA,NA,NA,NA,NA,NA,NA,NA,NA,NA,NA,NA,NA,NA,NA,NA
NA,NA,NA,NA,NA,NA,NA,NA,NA,NA,NA,NA,NA,NA,NA,NA
NA,NA,NA,NA,NA,NA,NA,NA,NA,NA,NA,NA,NA,NA,NA,NA
NA,NA,NA,NA,NA,NA,NA,NA,NA,NA,NA,NA,NA,NA,NA,NA
NA,NA,NA,NA,NA,NA,NA,NA,NA,NA,NA,NA,NA,NA,NA,NA
"['Page 4:\n[¬s]""The experiment was run in six shifts of from eight to 10 children. Approxi\xad mately equal numbers of children from within each shift received each of the three conditions.[¬e]""']",17,"['Page 4:\n[¬s]""37[¬e]""']",37,NA,NA,"['Page 4:\n[¬s]""59[¬e]""']",59,NA,NA,NA,NA,NA,NA,NA,NA
NA,NA,NA,NA,NA,NA,NA,NA,NA,NA,NA,NA,NA,NA,NA,NA
NA,NA,NA,NA,NA,NA,NA,NA,NA,NA,NA,NA,NA,NA,NA,NA
NA,NA,NA,NA,NA,NA,NA,NA,NA,NA,NA,NA,NA,NA,NA,NA
"['Page 8:\n[¬s]""Enhanced CPR + FB/C""\n""(n = 30)""\n""Enhanced CPR + FB/C""\n""( n = 29)[¬e]""']",59,NA,NA,NA,NA,"['Page 8:\n[¬s]"" 88.27""\n""85.28[¬e]""']",86.800,"['Page 8:\n[¬s]"" 9.86""\n"" 11.72.[¬e]""']",10.826,NA,NA,NA,NA,NA,NA
NA,52,"['Page 3:\n[¬s]""7.3[¬e]""']",7.3,"['Page 3:\n[¬s]""7.9[¬e]""']",7.9,"['Page 3:\n[¬s]""16.1[¬e]""']",16.1,"['Page 3:\n[¬s]""7.9[¬e]""']",7.9,NA,NA,NA,NA,NA,NA
NA,NA,NA,NA,NA,NA,NA,NA,NA,NA,NA,NA,NA,NA,NA,NA
NA,NA,NA,NA,NA,NA,NA,NA,NA,NA,NA,NA,NA,NA,NA,NA
NA,NA,NA,NA,NA,NA,NA,NA,NA,NA,NA,NA,NA,NA,NA,NA
"['Page 92:\n[¬s]""387[¬e]""']",387,"['Page 92:\n[¬s]""17.27*[¬e]""']",17.27,"['Page 92:\n[¬s]""4.99[¬e]""']",4.99,"['Page 95:\n[¬s]""25.63[¬e]""']",25.63,NA,NA,"['Page 95:\n[¬s]""8.37[¬e]""']",8.37,NA,NA,NA,NA
NA,NA,NA,NA,NA,NA,NA,NA,NA,NA,NA,NA,NA,NA,NA,NA
NA,NA,NA,NA,NA,NA,NA,NA,NA,NA,NA,NA,NA,NA,NA,NA
NA,NA,NA,NA,NA,NA,NA,NA,NA,NA,NA,NA,NA,NA,NA,NA
NA,NA,NA,NA,NA,NA,NA,NA,NA,NA,NA,NA,NA,NA,NA,NA
NA,NA,NA,NA,NA,NA,NA,NA,NA,NA,NA,NA,NA,NA,NA,NA
NA,NA,NA,NA,NA,NA,NA,NA,NA,NA,NA,NA,NA,NA,NA,NA
NA,NA,NA,NA,NA,NA,NA,NA,NA,NA,NA,NA,NA,NA,NA,NA
NA,244,"['Page 10:\n[¬s]""21.94[¬e]""']",21.94,"['Page 10:\n[¬s]""10.59[¬e]""']",10.59,"['Page 10:\n[¬s]""29.58[¬e]""']",29.58,"['Page 10:\n[¬s]""11.97[¬e]""']",11.97,NA,NA,NA,NA,NA,NA
NA,1351,"['Page 18:\n[¬s]""28.04[¬e]""']",28.04,"['Page 18:\n[¬s]""11.45[¬e]""']",11.45,"['Page 18:\n[¬s]""35.43[¬e]""']",35.43,"['Page 18:\n[¬s]""11.13[¬e]""']",11.13,NA,NA,NA,NA,NA,NA
NA,1222,"['Page 12:\n[¬s]""36.07[¬e]""']",36.07,"['Page 12:\n[¬s]""11.53[¬e]""']",11.53,"['Page 12:\n[¬s]""40.02[¬e]""']",40.02,"['Page 12:\n[¬s]""11.66[¬e]""']",11.66,NA,NA,NA,NA,NA,NA
NA,NA,NA,NA,NA,NA,NA,NA,NA,NA,NA,NA,NA,NA,NA,NA
NA,NA,NA,NA,NA,NA,NA,NA,NA,NA,NA,NA,NA,NA,NA,NA
"['Page 62:\n[¬s]"" 8[¬e]""']",8,"['Page 62:\n[¬s]""23.5[¬e]""']",23.5,NA,NA,"['Page 62:\n[¬s]"" 28.19[¬e]""']",28.19,NA,NA,NA,NA,NA,NA,NA,NA
"['Page 62:\n[¬s]""9[¬e]""']",9,"['Page 62:\n[¬s]""26.67[¬e]""']",26.67,NA,NA,"['Page 62:\n[¬s]""29.72[¬e]""']",29.72,NA,NA,NA,NA,NA,NA,NA,NA
NA,53,NA,61.088,NA,15.193,NA,70.873,NA,13.782,NA,NA,NA,NA,NA,NA
NA,145,NA,14.22,NA,4.3,NA,22.92,NA,6.59,NA,NA,NA,NA,NA,NA
NA,NA,NA,NA,NA,NA,NA,NA,NA,NA,NA,NA,NA,NA,NA,NA
NA,NA,NA,NA,NA,NA,NA,NA,NA,NA,NA,NA,NA,NA,NA,NA
