id,pub_author,pub_year,strand_raw,strand_info,strand_CLEAN,toolkit_version,sample_analysed_info,sample_analysed_ht,sample_analysed_CLEAN,part_gen_raw,part_gen_ht,part_gen_info,part_gen_CLEAN,fsm_perc_info,fsm_perc_ht,fsm_perc_CLEAN,fsm_info_info,fsm_info_ht,fsm_info_CLEAN,fsm_na_raw,fsm_na_info,fsm_na_CLEAN,base_n_treat_ht,base_n_treat_info,base_n_treat_CLEAN,base_n_cont_ht,base_n_cont_info,base_n_cont_CLEAN,base_n_treat2_ht,base_n_treat2_info,base_n_treat2_CLEAN,base_n_treat3_ht,base_n_treat3_info,base_n_treat3_CLEAN,n_treat_ht,n_treat_info,n_treat_CLEAN,n_cont_ht,n_cont_info,n_cont_CLEAN,n_treat2_ht,n_treat2_info,n_treat2_CLEAN,n_cont2_ht,n_cont2_info,n_cont2_CLEAN,attri_raw,attri_ht,attri_info,attri_CLEAN,attri_treat_ht,attri_treat_info,attri_treat_CLEAN,attri_perc_ht,attri_perc_info,attri_perc_CLEAN
74069942,Alegre (2019),2019,['Peer tutoring'],NA,,['MT_2023 (in progress)'],NA,"['Page 5:\n[¬s]""A total of 380 students participated during the whole peer tutoring program as four students left the school after the beginning (turnover ratio of about 1%).""\n""A total of 130 students\nin 7th grade were assigned to the experimental group and 115 students also in 7th grade were[¬e]""', 'Page 6:\n[¬s]""assigned to the control group. Besides, 70 students in 8th grade were assigned to the\nexperimental group and the remaining 65 students in 8th grade were assigned to the control\ngroup.[¬e]""']",,['Mixed gender'],"['Page 5:\n[¬s]""About 52% were female and 48% were male.[¬e]""']",52,,NA,NA,,NA,"['Page 5:\n[¬s]""Almost all of them came from an urban zone and\ntheir families’ socioeconomic background was average.[¬e]""']",,NA,NA,,"['Page 16:\n[¬s]""130""\n""70[¬e]""']",190,,"['Page 16:\n[¬s]""115""\n""65[¬e]""']",180,,NA,NA,,NA,NA,,NA,NA,,NA,NA,,NA,NA,,NA,NA,,['No'],NA,NA,,NA,NA,,NA,NA,
74069943,Aleid (2015),2015,['Peer tutoring'],NA,,['MT_2023 (in progress)'],640,"['Page 174:\n[¬s]""640""\n""Table 5-1: The main study sample[¬e]""']",,['Male only'],"['Page 150:\n[¬s]""Male students in the fourth year were chosen to represent the elementary school\nstudents in this study.[¬e]""']",NA,,NA,NA,,NA,NA,,['No SES/FSM Information Provided'],NA,,"['Page 159:\n[¬s]""Peer tutoring\n(n=57)""\n""Peer tutoring and\nmanipulatives\n(n=56)[¬e]""']",113,,"['Page 159:\n[¬s]""Control\n(n=47)""\n""Manipulative\n(n=52)[¬e]""']",99,,NA,NA,,NA,NA,,NA,NA,,NA,NA,,NA,NA,,NA,NA,,['No'],NA,NA,,NA,NA,,NA,NA,
74069944,Alwi (2016),2016,['Peer tutoring'],NA,,['MT_2023 (in progress)'],137,"['Page 1:\n[¬s]""A sample of 137 students were taken from one by convince\nrandom sampling method selected school of low economic people\nresident area of Karachi orangi town Karachi.[¬e]""', 'Page 2:\n[¬s]""52 students from class II and III nominated institute were\npretested complete a self-developed accomplishment exam. On the\nbasis of pre- test results and the willingness of the students, paid\nof students were made on both classes. Students were paired as\nlearning partners during the reading sessions.[¬e]""']",,['No information provided'],NA,NA,,NA,NA,,NA,"['Page 1:\n[¬s]""A sample of 137 students were taken from one by convince\nrandom sampling method selected school of low economic people\nresident area of Karachi orangi town Karachi. T[¬e]""']",,NA,NA,,NA,260,,NA,260,,NA,NA,,NA,NA,,NA,NA,,NA,NA,,NA,NA,,NA,NA,,['No'],NA,NA,,NA,NA,,NA,NA,
74069945,Amaka (2013),2013,['Peer tutoring'],NA,,['MT_2023 (in progress)'],NA,"['Page 1:\n[¬s]""145 SS1 students[¬e]""', 'Page 3:\n[¬s]""Group\nN\nExperinmental 75\nControl\n70[¬e]""']",,['No information provided'],NA,NA,,NA,NA,,NA,NA,,['No SES/FSM Information Provided'],NA,,"['Page 3:\n[¬s]""75[¬e]""']",75,,"['Page 3:\n[¬s]""70[¬e]""']",70,,NA,NA,,NA,NA,,NA,NA,,NA,NA,,NA,NA,,NA,NA,,['No'],NA,NA,,NA,NA,,NA,NA,
74069946,Andriana (2018),2018,['Peer tutoring'],NA,,['MT_2023 (in progress)'],56,"['Page 3:\n[¬s]""In this research, the researchers took samples from all\nstudents of class VIII-B as the experimental class and class VIII-C as the control class with\nthe same number of students, namely 28.[¬e]""']",,['No information provided'],NA,NA,,NA,NA,,NA,NA,,['No SES/FSM Information Provided'],NA,,"['Page 3:\n[¬s]""28.[¬e]""']",28,,"['Page 3:\n[¬s]""28.[¬e]""']",28,,NA,NA,,NA,NA,,NA,NA,,NA,NA,,NA,NA,,NA,NA,,['No'],NA,NA,,NA,NA,,NA,NA,
74069947,Bellen (2017),2017,['Peer tutoring'],NA,,['MT_2023 (in progress)'],not specified,NA,,['No information provided'],NA,NA,,NA,NA,,NA,NA,,['No SES/FSM Information Provided'],NA,,"['Page 4:\n[¬s]""Figure 1 . Grouping of Grade 8 Science students[¬e]""']",30,,"['Page 4:\n[¬s]""Figure 1 . Grouping of Grade 8 Science students[¬e]""']",15,,NA,NA,,NA,NA,,NA,NA,,NA,NA,,NA,NA,,NA,NA,,['No'],NA,NA,,NA,NA,,NA,NA,
74069948,Bemboom (2013),2013,['Peer tutoring'],NA,,['MT_2023 (in progress)'],57 ,"['Page 5:\n[¬s]""TABLE 1 Demographic Data by District and Treatment Group""\n""Total N""\n""30""\n""27""\n""Teacher Directed (TD)""\n""Peer Mediated (PM)[¬e]""']",,['Mixed gender'],"['Page 5:\n[¬s]""Males""\n""Teacher Directed (TD)\n20 (67%)""\n""Peer Mediated (PM)\n18 (67%)""\n""Total\n38 (67%)[¬e]""']",33,,30,"['Page 5:\n[¬s]""Free/reduced lunch (FRL)""\n""6 (20%)""\n""11 (41%)""\n""17 (30%)""\n""Total""\n""Peer Mediated (PM)""\n""Teacher Directed (TD)""\n""Demographic Data by District and Treatment Group[¬e]""']",,NA,NA,,NA,NA,,"['Page 5:\n[¬s]""27[¬e]""']",27,,"['Page 5:\n[¬s]""36[¬e]""']",36,,NA,NA,,NA,NA,,NA,27,,NA,36,,NA,NA,,NA,NA,,['Yes'],"['Page 8:\n[¬s]""aMissing one pre-MAP score and two post-MAP scores.[¬e]""']",NA,,NA,0.3,,NA,NA,
74069949,Berso (2020),2020,['Peer tutoring'],NA,,['MT_2023 (in progress)'],not specified,NA,,['No information provided'],NA,NA,,NA,NA,,NA,NA,,['No SES/FSM Information Provided'],NA,,NA,30,,NA,120,,NA,NA,,NA,NA,,NA,NA,,NA,NA,,NA,NA,,NA,NA,,['No'],NA,NA,,NA,NA,,NA,NA,
61218177,Calhoon (2006) PT,2006,['Peer tutoring'],NA,,['MT_2023 (in progress)'],96,"['Page 3:\n[¬s]""96[¬e]""']",,['Mixed gender'],NA,NA,,75,"['Page 3:\n[¬s]""75 percent of students received free and reduced lunch[¬e]""']",,NA,NA,,NA,NA,,"['Page 3:\n[¬s]""41[¬e]""']",41,,"['Page 3:\n[¬s]""37[¬e]""']",37,,NA,NA,,NA,NA,,NA,41,,NA,37,,NA,NA,,NA,NA,,['Yes'],NA,NA,,"['Page 3:\n[¬s]""At the start of the study, there were 96 ﬁrst-grade students;\nduring the course ofimplementation, 18 students moved leav-\ning a total of78 students who began and ﬁnished the projec[¬e]""']",18,,NA,18,
74069950,Connelly (2010),2010,['Peer tutoring'],NA,,['MT_2023 (in progress)'],50,"['Page 26:\n[¬s]""The experimental class used CWPT methods and consisted of\n14 females and 12 male students. In contrast, the traditionally taught class contained 11 female\nstudents and 13 males.[¬e]""']",,['Mixed gender'],"['Page 26:\n[¬s]""The experimental class used CWPT methods and consisted of\n14 females and 12 male students. In contrast, the traditionally taught class contained 11 female\nstudents and 13 males.[¬e]""']",NA,,NA,"['Page 26:\n[¬s]""The majority of the students involved in the study were middle class,\nbut there were 4 students in the experimental class and 3 students in the control class that\nreceived reduced lunch, which indicated that they came from lower-income households.[¬e]""']",,NA,NA,,NA,NA,,"['Page 26:\n[¬s]""experimental class used CWPT methods and consisted of\n14 females and 12 male students[¬e]""']",26,,"['Page 26:\n[¬s]""the traditionally taught class contained 11 female\nstudents and 13 males[¬e]""']",24,,NA,NA,,NA,NA,,NA,26,,NA,24,,NA,NA,,NA,NA,,NA,NA,NA,,NA,NA,,NA,NA,
74069951,Dean (1990),1990,['Peer tutoring'],NA,,NA,64,"['Page 4:\n[¬s]""Table 1""\n""Tutors\nComparison\nTutees\nControl""\n""16\n16\n16\n16[¬e]""']",,['No information provided'],NA,NA,,NA,NA,,NA,"['Page 2:\n[¬s]""The area served by the school is a prosperous one; many of the parents are\nsuccessful in their own careers and ambitious for their children.[¬e]""']",,NA,NA,,"['Page 2:\n[¬s]""Sixteen members of a class of 10-year-olds were randomly\nassigned as tutees[¬e]""']",16,,NA,16,,NA,NA,,NA,NA,,NA,16,,NA,16,,NA,NA,,NA,NA,,['No'],NA,NA,,NA,NA,,NA,na,
74069952,Dill (2000),2000,['Peer tutoring'],NA,,['MT_2023 (in progress)'],72,"['Page 5:\n[¬s]""72 African American students (36\nmales and 36 females)[¬e]""']",,['Mixed gender'],"['Page 5:\n[¬s]""The participants in this study were 72 African American students (36\nmales and 36 females)[¬e]""']",50,,97,"['Page 6:\n[¬s]""indicated by the percentage (97%) ofthe students eligible for free lunch.[¬e]""']",,NA,NA,,NA,NA,,"['Page 7:\n[¬s]""This resulted in 24 (12 males and 12 females) students\nassigned to each context.[¬e]""']",24,,NA,24,,NA,24,,NA,NA,,NA,NA,,NA,NA,,NA,NA,,NA,NA,,['No'],NA,NA,,NA,NA,,NA,NA,
74069953,Ding (2011),2011,['Peer tutoring'],NA,,['MT_2023 (in progress)'],96,"['Page 9:\n[¬s]""In total, 96 eleventh\ngraders, aged around 17, participated in the experiment.[¬e]""']",,['Mixed gender'],"['Page 9:\n[¬s]""There were 44 female\nstudents and 52 male students.[¬e]""']",45.83,,NA,NA,,NA,NA,,['No SES/FSM Information Provided'],NA,,"['Page 15:\n[¬s]""32[¬e]""']",32,,"['Page 15:\n[¬s]""32[¬e]""']",32,,NA,NA,,NA,NA,,"['Page 16:\n[¬s]""32[¬e]""']",32,,NA,32,,NA,NA,,NA,NA,,['Yes'],"['Page 13:\n[¬s]""Due to strict school regulations and the pressure of the NUEE, no student dropped\nout during the experiment[¬e]""']",NA,,NA,0,,NA,0,
74069954,DuPaul (1998),1998,['Peer tutoring'],NA,,['MT_2023 (in progress)'],28,"['Page 2:\n[¬s]""A total of 19\nstudents (16 boys and 3 girls)[¬e]""', 'Page 3:\n[¬s]""In addition, 10 peer comparison children\nwere included in the study[¬e]""', 'Page 3:\n[¬s]""One of the boys dropped out of the project\nafter 2 weeks because his teacher no longer\nwanted to participate. Thus, 18 of 19 chil-\ndren completed the study.[¬e]""']",,['No information provided'],"['Page 2:\n[¬s]""A total of 19\nstudents (16 boys and 3 girls[¬e]""', 'Page 3:\n[¬s]""were included in the study""\n""One of the boys dropped out of the project\nafter 2 weeks because his teacher no longer\nwanted to participate.""\n""In addition, 10 peer comparison children\nwere included in the study[¬e]""']",Gender information only provided for experimental group (16.67% F),,NA,NA,,NA,"['Page 3:\n[¬s]""Most\nchildren were from families in the lower\nmiddle socioeconomic class based on paren-\ntal occupation using the Hollingshead Index[¬e]""']",,NA,NA,,"['Page 2:\n[¬s]""19\nstudents[¬e]""', 'Page 3:\n[¬s]""One of the boys dropped out[¬e]""']",18,,"['Page 3:\n[¬s]""10 peer comparison[¬e]""']",10,,NA,NA,,NA,NA,,NA,NA,,NA,NA,,NA,NA,,NA,NA,,['Yes'],NA,NA,,NA,.5,,NA,.5,
74069956,Ensergueix (2011) 1_1,2011,['Peer tutoring'],NA,,['MT_2023 (in progress)'],72,"['Page 7:\n[¬s]""The majority of the students were from middle- to upper-class socioeco-\nnomic backgrounds. Three classes (i.e., 90 students) taught by the same PE teacher were\ninvolved in the study.[¬e]""']",,['Mixed gender'],"['Page 7:\n[¬s]""The experiment took place in an urban secondary school in France with a predominantly\nWhite population.[¬e]""', 'Page 8:\n[¬s]""These criteria were deﬁned by\na table tennis expert in a pilot study including 24 boys and girls of same age and skill\nlevel.""\n""research has revealed that adolescent students, girls in particular,\nare more comfortable being paired with others of their own gender[¬e]""']",50,,NA,NA,,NA,"['Page 7:\n[¬s]""The experiment took place in an urban secondary school in France with a predominantly\nWhite population.[¬e]""']",,NA,NA,,"['Page 13:\n[¬s]""Trained RPT (n = 24)[¬e]""']",24,,"['Page 13:\n[¬s]""Physical Practice only (individual control condition) (n = 24)[¬e]""']",24,,NA,NA,,NA,NA,,"['Page 13:\n[¬s]""24[¬e]""']",24,,NA,24,,NA,NA,,NA,NA,,['No'],NA,NA,,NA,NA,,NA,NA,
74069957,Ensergueix (2011) 1_2,2011,['Peer tutoring'],NA,,['MT_2023 (in progress)'],72,"['Page 2:\n[¬s]""We assigned 72 ninth-graders\n(36M, 36F), all novices in a table tennis task, to a 2×3 (Gender×Learning Condition: physical\npractice with trained RPT [TRPT] vs. physical practice with spontaneous RPT [SRPT]vs.\nphysical practice without any form ofRPT [PP; individual control condition]) factorial design.[¬e]""', 'Page 7:\n[¬s]""The experiment took place in an urban secondary school in France with a predominantly\nWhite population. The majority of the students were from middle- to upper-class socioeco-\nnomic backgrounds. Three classes (i.e., 90 students) taught by the same PE teacher were\ninvolved in the study. We obtained approval from the school in addition to parental consent\nfrom all students before starting the experiment.[¬e]""']",,['Mixed gender'],"['Page 7:\n[¬s]""The experiment took place in an urban secondary school in France with a predominantly\nWhite population.[¬e]""']",50,,Not specified,"['Page 7:\n[¬s]""The experiment took place in an urban secondary school in France with a predominantly\nWhite population.""\n""The school offered PE units lasting 8weeks with one lesson perweek.[¬e]""']",,NA,NA,,NA,NA,,"['Page 13:\n[¬s]""Spontaneous RPT (n = 24)[¬e]""']",24,,"['Page 13:\n[¬s]""Physical Practice only (individual control condition) (n = 24)[¬e]""']",24,,NA,NA,,NA,NA,,NA,24,,NA,24,,NA,NA,,NA,NA,,['No'],NA,NA,,NA,NA,,NA,NA,
74069958,Flores (2016),2016,['Peer tutoring'],NA,,['MT_2023 (in progress)'],577,"['Page 5:\n[¬s]""The participants were 577 students (aged between 9 and 12 years) and 20 teachers from 10\nprimary schools in Catalonia (Spain).[¬e]""']",,['Mixed gender'],"['Page 5:\n[¬s]""The participants were 577 students (aged between 9 and 12 years) and 20 teachers from 10\nprimary schools in Catalonia (Spain). The groups in the sample were mixed in terms of\ngender, as per the usual distribution in Catalonian schools (48.63% girls), and they were\nalso equally distributed in terms of age.[¬e]""']",48.63,,NA,NA,,NA,NA,,['No SES/FSM Information Provided'],NA,,"['Page 7:\n[¬s]""441[¬e]""']",441,,"['Page 7:\n[¬s]""136[¬e]""']",136,,NA,NA,,NA,NA,,"['Page 7:\n[¬s]""173[¬e]""']",173,,"['Page 7:\n[¬s]""136[¬e]""']",136,,NA,NA,,NA,NA,,['No'],NA,NA,,NA,NA,,NA,NA,
74069960,Greene (2018),2018,['Peer tutoring'],NA,,['MT_2023 (in progress)'],41,"['Page 2:\n[¬s]""y-one elem[¬e]""']",,['Female only'],"['Page 7:\n[¬s]""Forty-four participants were recruited from third, fourth, and fifth grade in an all-\nfemale[¬e]""']",100,,NA,NA,,There was no information specifically relating to the participants of the study. ,"['Page 7:\n[¬s]""The study was conducted in the participants\' school, a Band One school within\nthe School Support Programme (Delivering Equality of Opportunity in Schools,\nDEIS) by the Irish Department of Education (DES 2005). DEIS schools are\nidentified as those with the highest level of disadvantage, who receive additional\nsupports and resources.[¬e]""']",,NA,NA,,"['Page 11:\n[¬s]""There were 15 participants from third and fourth grade in the experimental\ncondition.[¬e]""']",15,,"['Page 11:\n[¬s]""At the beginning of the intervention there were 15 participants in the control\ncondition; however, due to attrition, only data from 14 participants were included in\nthe analysis.[¬e]""']",15,,"['Page 11:\n[¬s]""Fourteen participants began in the tutor condition, but due to attrition, this number\ndecreased to 12 during the intervention. P[¬e]""']",14,,NA,NA,,NA,NA,,NA,14,,NA,12,,NA,NA,,['Yes'],NA,NA,,"['Page 11:\n[¬s]""There were 15 participants from third and fourth grade in the experimental\ncondition.[¬e]""']",0,,"['Page 11:\n[¬s]""At the beginning of the intervention there were 15 participants in the control\ncondition; however, due to attrition, only data from 14 participants were included in\nthe analysis""\n""There were 15 participants from third and fourth grade in the experimental\ncondition. T""\n""Fourteen participants began in the tutor condition, but due to attrition, this number\ndecreased to 12 during the intervention. P[¬e]""']",6,
74069961,Greenwood (1991),1991,['Peer tutoring'],NA,,['MT_2023 (in progress)'],37,"['Page 3:\n[¬s]""16, 21,""\n""r the control,\nexperimental,[¬e]""']",,['Mixed gender'],"['Page 3:\n[¬s]""Chi-square\ntests on gender and racial composition indicated\nno difference on gender,[¬e]""']",NA,,100,"['Page 1:\n[¬s]""(a) an at-risk experimental group oflow-socioeconomic status (SES)\nstudentsfor whom teachers implemented class wide peer tutoring (CWPT) beginning with the sec-\nond semester offirst grade continuing through Grade 3; (b) an equivalent at-risk control group;[¬e]""']",,NA,NA,,NA,NA,,NA,38,,"['Page 3:\n[¬s]""of 115 students, 28% of the total, were randomly\nselected to receive classroom observations[¬e]""']",38,,NA,"no original N for each group given, just overall  ",,NA,NA,,NA,NA,,NA,NA,,NA,NA,,NA,NA,,['Yes'],"['Page 3:\n[¬s]""49% ofthe original target sample, re-\nmained with complete data.[¬e]""']",NA,,NA,44.7,,NA,49,
74069962,Gyanani (1995),1995,['Peer tutoring'],NA,,['MT_2023 (in progress)'],P.470  '415...experimental...214...control...201.',NA,,['Mixed gender'],NA,P.470  'male and female' - No further information provided.,,NA,NA,,NA,NA,,['No SES/FSM Information Provided'],NA,,NA,214,,NA,201,,NA,NA,,NA,NA,,NA,NA,,NA,NA,,NA,NA,,NA,NA,,['No'],NA,NA,,NA,0,,NA,0,
74069963,Hattie (2006),2006,['Peer tutoring'],NA,,['MT_2023 (in progress)'],Number of control students not provided.,"['Page 12:\n[¬s]""124 Grade 2 and 124 Grade 5 students participated in the\nReading Together program. At the beginning of the program, a control group was chosen\nfrom the remainder of the Grade 2 students.[¬e]""']",,['Mixed gender'],"['Page 12:\n[¬s]""The majority of the tutees were male (58%) and the majority of the tutors were\nfemale (75%).[¬e]""']",Not possible to combine as numbers not provided.,,NA,NA,,NA,NA,,['No SES/FSM Information Provided'],NA,,"['Page 12:\n[¬s]""Across 13 schools, 124 Grade 2 and 124 Grade 5 students participated in the\nReading Together program.[¬e]""', 'Page 14:\n[¬s]""73[¬e]""']",73,,"['Page 14:\n[¬s]""72[¬e]""']",72,,NA,NA,,NA,NA,,NA,NA,,NA,NA,,NA,NA,,NA,NA,,['Yes'],NA,NA,,"['Page 14:\n[¬s]""73""\n""63[¬e]""']",14,,"['Page 14:\n[¬s]""72\n73""\n""52\n63[¬e]""']",28,
74069964,Johnson (2011),2011,['Peer tutoring'],NA,,['MT_2023 (in progress)'],NA,"['Page 7:\n[¬s]""131, e[¬e]""']",,['Mixed gender'],"['Page 7:\n[¬s]""% girls, 48[¬e]""']",52,,78,"['Page 2:\n[¬s]""omic (78% free or\nreduced lunc[¬e]""']",,NA,NA,,NA,NA,,"['Page 11:\n[¬s]""Peer-based Instruction[¬e]""']",66,,"['Page 11:\n[¬s]""Traditional Instruction[¬e]""']",65,,NA,NA,,NA,NA,,NA,66,,NA,65,,NA,NA,,NA,NA,,['No'],NA,NA,,NA,0,,NA,0,
74069965,Kotsopoulos (2009),2009,['Peer tutoring'],NA,,NA,43,"['Page 38:\n[¬s]""43[¬e]""', 'Page 39:\n[¬s]""\\ 4*\n""Ohm-*\n11 yiiK[¬e]""']",,['Mixed gender'],"['Page 39:\n[¬s]""\\ 4*\n""Ohm-*\n11 yiiK[¬e]""']",26,,NA,NA,,NA,"['Page 40:\n[¬s]""a variety of socioeconomic (low to middle class) and ethnic\nbackgrounds[¬e]""']",,NA,NA,,"['Page 38:\n[¬s]""24[¬e]""']",24,,"['Page 39:\n[¬s]""12""\n""7[¬e]""']",19,,NA,NA,,NA,NA,,NA,24,,NA,19,,NA,NA,,NA,NA,,['Yes'],"['Page 41:\n[¬s]""Two participants dropped out immediately; both lost interest in\nparticipating in the program. Another two participants only attended 1 and 2 sessions\nrespectively before they decided to drop out of the program. Additionally, two participants\nwho were originally placed in the no treatment control group for the fall term did not complete\nrequired questionnaires and were dropped from this group.[¬e]""']",NA,,"['Page 41:\n[¬s]""Two participants dropped out immediately; both lost interest in\nparticipating in the program. Another two participants only attended 1 and 2 sessions\nrespectively before they decided to drop out of the program[¬e]""']",14,,NA,14,
74069966,Lee (2014),2014,['Peer tutoring'],NA,,['MT_2023 (in progress)'],105,"['Page 4:\n[¬s]""105 third-grade students[¬e]""']",,['Mixed gender'],"['Page 4:\n[¬s]""The male-\nto-female ratio fell at 45% of the students were boys (n =\n47) and 55% were girls (n = 58).[¬e]""']",55,,NA,NA,,NA,NA,,['No SES/FSM Information Provided'],NA,,"['Page 8:\n[¬s]""Treatment group (n = 53)[¬e]""']",53,,"['Page 8:\n[¬s]""Control group (n = 52)[¬e]""']",52,,NA,NA,,NA,NA,,"['Page 8:\n[¬s]""Treatment group (n = 53)[¬e]""']",53,,"['Page 8:\n[¬s]""Control group (n = 52)[¬e]""']",52,,NA,NA,,NA,NA,,['No'],NA,NA,,NA,NA,,NA,NA,
74069967,Li (2006) 1_1,2006,['Peer tutoring'],NA,,NA,167,"['Page 143:\n[¬s]""RSA""\n""115""\n""RS""\n""52[¬e]""']",,['Mixed gender'],"['Page 142:\n[¬s]""About 52% of the students are boys.[¬e]""']","This information is for all of the intervention groups, whereas we are only looking at 2 groups here. I have highlighted to show it was mixed gender, however, specific numbers for the 2 groups are not provided. ",,NA,NA,,NA,NA,,['No SES/FSM Information Provided'],NA,,"['Page 143:\n[¬s]""119[¬e]""']",119,,"['Page 143:\n[¬s]""56[¬e]""']",56,,NA,NA,,NA,NA,,"['Page 143:\n[¬s]""114[¬e]""']",114,,"['Page 143:\n[¬s]""56[¬e]""']",56,,NA,NA,,NA,NA,,['Yes'],"['Page 143:\n[¬s]""119""\n""114[¬e]""']",NA,,NA,4,,"['Page 143:\n[¬s]""119""\n""114[¬e]""']",4,
74069968,Li (2006) 1_2,2006,['Peer tutoring'],NA,,['MT_2023 (in progress)'],624,"['Page 142:\n[¬s]""624 5th graders participated in the study.[¬e]""']",,['Mixed gender'],"['Page 142:\n[¬s]""About 52% of the students are boys.[¬e]""']",48,,NA,NA,,NA,NA,,['No SES/FSM Information Provided'],NA,,"['Page 143:\n[¬s]""166[¬e]""']",166,,"['Page 143:\n[¬s]""56[¬e]""']",56,,NA,NA,,NA,NA,,NA,160,,"['Page 143:\n[¬s]""56[¬e]""']",56,,NA,NA,,NA,NA,,['Yes'],NA,NA,,"['Page 143:\n[¬s]""CA""\n""166""\n""CA""\n""160[¬e]""']",4,,"['Page 143:\n[¬s]""RS""\n""56""\n""RS""\n""56""\n""CA""\n""166""\n""CA""\n""160[¬e]""']",3,
74069969,Li (2006) 1_3,2006,['Peer tutoring'],NA,,NA,900,"['Page 177:\n[¬s]""900 students from 24 classes were involved in the study.[¬e]""']",,['Mixed gender'],"['Page 178:\n[¬s]""Differential growth over time related\nto other variables (e.g., gender or experimental conditions) was investigated by\ncreating interaction terms with both time dummies. Time independent explanatory\nvariables were entered in the model as well.[¬e]""']",NA,,NA,NA,,NA,NA,,['No SES/FSM Information Provided'],NA,,"['Page 176:\n[¬s]""211[¬e]""']",211,,"['Page 176:\n[¬s]""142[¬e]""']",142,,NA,NA,,NA,NA,,"['Page 176:\n[¬s]""191[¬e]""']",191,,"['Page 176:\n[¬s]""132[¬e]""']",132,,NA,NA,,NA,NA,,['Yes'],NA,NA,,"['Page 176:\n[¬s]""211""\n""191[¬e]""']",9,,"['Page 176:\n[¬s]""Pretest""\n""142""\n""211""\n""Posttest""\n""132""\n""191[¬e]""']",8,
74069970,Li (2006) 1_4,2006,['Peer tutoring'],NA,,['MT_2023 (in progress)'],900,"['Page 177:\n[¬s]""About\n900 students from 24 classes were involved in the study.[¬e]""']",,['Mixed gender'],"['Page 177:\n[¬s]""Among the students,\nabout 54% are boys[¬e]""']",46,,NA,"['Page 177:\n[¬s]""About 70% of the students were from working class families\nwith a monthly income of 3,000 to 4,000 RMB ( 375 to 500 USD) or lower that.[¬e]""']",,NA,NA,,NA,NA,,"['Page 176:\n[¬s]""230[¬e]""']",230,,"['Page 176:\n[¬s]""142[¬e]""']",142,,NA,NA,,NA,NA,,"['Page 176:\n[¬s]""204[¬e]""']",204,,"['Page 176:\n[¬s]""132[¬e]""']",132,,NA,NA,,NA,NA,,['Yes'],NA,NA,,"['Page 176:\n[¬s]""Pretest""\n""230""\n""Posttest""\n""204[¬e]""']",11,,"['Page 176:\n[¬s]""Pretest""\n""142""\n""230""\n""Posttest""\n""132""\n""204[¬e]""']",10,
74069971,Li (2012) 1_1,2012,['Peer tutoring'],NA,,NA,136 ,"['Page 9:\n[¬s]""TABLE 1[¬e]""']",,['Mixed gender'],NA,See Table 2 - numbers not clear,,NA,NA,,NA,"['Page 3:\n[¬s]""The majority of migrant children schools is privately owned, and is set up to serve\nthe children of China’s estimated 150 million poor migrant workers. Because they\ncharge migrants much lower fees than local public schools, they are the most\npopular choice for migrants who bring their children to live with them.[¬e]""']",,NA,NA,,"['Page 9:\n[¬s]""36""\n""33""\n""19[¬e]""']",88,,"['Page 9:\n[¬s]""34""\n""70""\n""31""\n""34""\n""70[¬e]""']",135,,NA,NA,,NA,NA,,NA,NA,,NA,NA,,NA,NA,,NA,NA,,['No'],NA,NA,,NA,NA,,NA,NA,
74069972,Li (2012) 1_2,2012,['Peer tutoring'],NA,,['MT_2023 (in progress)'],173,"['Page 9:\n[¬s]""In total, the evaluation sample\nfor monetary program effects in School A included 36 treated students and 34\ncontrol students (columns 4 and 5 of Table 2); the evaluation sample for monetary\nprogram effects in School B included 33 treated students and 70 control students\n(columns 7 and 8 of Table 2).[¬e]""']",,['Mixed gender'],"['Page 9:\n[¬s]""Summary Statistics of Evaluation Samples""\n""TABLE 2[¬e]""']",NA,,NA,NA,,NA,NA,,['No SES/FSM Information Provided'],NA,,"['Page 9:\n[¬s]""36""\n""33[¬e]""']",69,,"['Page 9:\n[¬s]""34""\n""70[¬e]""']",104,,NA,NA,,NA,NA,,NA,NA,,NA,NA,,NA,NA,,NA,NA,,NA,NA,NA,,NA,NA,,NA,NA,
74069973,Mackley (2009),2009,['Peer tutoring'],NA,,NA,NA,"['Page 6:\n[¬s]""48[¬e]""']",,['Mixed gender'],"['Page 63:\n[¬s]""(female n =\n29; male n 19[¬e]""']",60,,83,"['Page 65:\n[¬s]""83[¬e]""']",,NA,NA,,NA,NA,,"['Page 92:\n[¬s]""8[¬e]""']",9,,"['Page 92:\n[¬s]""9[¬e]""']",10,,NA,NA,,NA,NA,,NA,9,,NA,9,,NA,NA,,NA,NA,,['Yes'],NA,NA,,NA,NA,,NA,NA,
74069974,Marshak (2011),2011,['Peer tutoring'],NA,,['MT_2023 (in progress)'],186,"['Page 2:\n[¬s]""186[¬e]""']",,['Mixed gender'],"['Page 5:\n[¬s]""Fifty-four percent of the participants were males,[¬e]""']",46,,NA,NA,,NA,NA,,['No SES/FSM Information Provided'],NA,,"['Page 12:\n[¬s]""72[¬e]""']",72,,"['Page 12:\n[¬s]""72[¬e]""']",72,,NA,NA,,NA,NA,,NA,NA,,NA,72,,NA,NA,,NA,NA,,['No'],NA,NA,,NA,NA,,NA,NA,
74069975,Martí-Alcaide (2021),2021,['Peer tutoring'],NA,,['MT_2023 (in progress)'],NA,"['Page 7:\n[¬s]""18[¬e]""']",,['No information provided'],NA,NA,,NA,NA,,NA,"['Page 2:\n[¬s]""The socioeconomic level of the families is generally medium-low, d[¬e]""']",,NA,NA,,NA,9,,NA,NA,,NA,NA,,NA,NA,,NA,NA,,NA,NA,,NA,NA,,NA,NA,,['No'],NA,NA,,NA,NA,,NA,NA,
74069976,Mastropieri (2005),2005,['Peer tutoring'],NA,,['MT_2023 (in progress)'],NA,"['Page 1:\n[¬s]""Thirty-nine[¬e]""']",,['Mixed gender'],"['Page 4:\n[¬s]""on. Forty-eight\npercent of the participants were males,[¬e]""']",52,,NA,NA,,NA,NA,,['No SES/FSM Information Provided'],NA,,"['Page 4:\n[¬s]""Thirty-nine high school students[¬e]""']",19,,NA,20,,NA,NA,,NA,NA,,NA,19,,NA,20,,NA,NA,,NA,NA,,['No'],NA,NA,,NA,NA,,NA,NA,
74069977,Mattatall (2017),2017,['Peer tutoring'],NA,,['MT_2023 (in progress)'],NA,"['Page 5:\n[¬s]""436[¬e]""']",,['Mixed gender'],"['Page 5:\n[¬s]""234 boys and 202 girls[¬e]""']",46,,NA,NA,,NA,NA,,['No SES/FSM Information Provided'],NA,,"['Page 11:\n[¬s]""436[¬e]""']",436,,NA,"not reported, seems reasonable to infer n was similar to test year as analysis compared cohorts from previous two years prior to the intervention 860",,NA,NA,,NA,NA,,NA,NA,,NA,NA,,NA,NA,,NA,NA,,['No'],NA,NA,,NA,NA,,NA,NA,
74069978,McDuffie (2009),2009,['Peer tutoring'],NA,,['MT_2023 (in progress)'],203,"['Page 15:\n[¬s]""the overall sample size was adequate (n =\n203),[¬e]""', 'Page 5:\n[¬s]""Sixty-two (31%) of the students met Federal and state criteria for disability classifi- cation.""\n""A total of 203 middle school stu-\ndents with and without disabilities participated in\nthe investigation.[¬e]""']",,['Mixed gender'],"['Page 5:\n[¬s]""The total sample in- cluded 106 male participants (52.2%) and 97 female participants (47.8%).[¬e]""']",47.8,,18,"['Page 4:\n[¬s]""The percentage of stu- dents receiving special education services (approximately 14%) and the percentage of stu- dents receiving free or reduced price meals (ap- proximately 18%) was similar across districts.""\n""The percentage of stu-\ndents receiving special education services\n(approximately 14%) and the percentage of stu-\ndents receiving free or reduced price meals (ap-\nproximately 18%) was similar across districts.[¬e]""']",,NA,"['Page 4:\n[¬s]""Classrooms were purpose-\nfully chosen to provide four inclusive middle\nschool science classes that were co-taught and\nfour middle school science classes that were not\nco-taught.[¬e]""']",,NA,NA,,"['Page 12:\n[¬s]""98""\n""Peer Tutoring[¬e]""', 'Page 5:\n[¬s]""Co-taught classes in-\ncluded 55 male participants (48.7%) and 58 fe-\nmale participants[¬e]""']",98,,"['Page 12:\n[¬s]""No Peer Tutoring""\n""96[¬e]""']",96,,NA,NA,,NA,NA,,NA,98,,NA,96,,NA,NA,,NA,NA,,['No'],NA,NA,,NA,NA,,NA,NA,
74069981,Mitchell (2016),2016,['Peer tutoring'],NA,,['MT_2023 (in progress)'],85,"['Page 7:\n[¬s]""Participants were 43 fourth graders\nin two intact classes and 42 second graders in three intact classes.\nThese 85 students included 39 boys and 46 girls; 63 were White\nand 22 were Hispanic; 74% were native English speakers, and 26%\nhad Spanish as their ﬁrst language. The students who participated\nin resource classes or received services as English language learn-\ners totaled 18%.[¬e]""']",,['Mixed gender'],"['Page 7:\n[¬s]""Participants were 43 fourth graders\nin two intact classes and 42 second graders in three intact classes.\nThese 85 students included 39 boys and 46 girls; 63 were White[¬e]""']",54,,Not specified,"['Page 7:\n[¬s]""The current study was conducted at a Title 1 elementary school in\nthe U.S. Intermountain West. Participants were 43 fourth graders\nin two intact classes and 42 second graders in three intact classes.[¬e]""']",,NA,NA,,NA,NA,,"['Page 12:\n[¬s]""42""\n""14[¬e]""', 'Page 7:\n[¬s]""42[¬e]""']",28,,"['Page 12:\n[¬s]""14[¬e]""']",14,,NA,NA,,NA,NA,,NA,NA,,NA,NA,,NA,NA,,NA,NA,,['No'],NA,NA,,NA,NA,,NA,NA,
74069982,Müller (2016),2016,['Peer tutoring'],NA,,['MT_2023 (in progress)'],172,"['Page 8:\n[¬s]""The ﬁve dyads per class were ran-\ndomly allocated at the class level to either the reading strategy group (35 dyads) or the control\ngroup (51 dyads).[¬e]""']",,['Mixed gender'],"['Page 7:\n[¬s]""The 172 fourth-graders originally taking part in this[¬e]""', 'Page 8:\n[¬s]""experimental pre-/posttest study were from 15 schools located in the urban areas of Giessen\nand Kassel (Germany).[¬e]""']",48.5,,28.57,"['Page 8:\n[¬s]""15 schools located in the urban areas of Giessen\nand Kassel (Germany).[¬e]""']",,NA,"['Page 8:\n[¬s]""As a result, the data of 68 dyads (34 reading strategy, 34 controls) from 14 schools were\nincluded in the analysis (68 tutees, 33 female, and 68 tutors, 34 female).[¬e]""']",,NA,NA,,"['Page 8:\n[¬s]""68 dyads (34 reading strategy, 34 controls)[¬e]""']",34,,NA,34,,NA,NA,,NA,NA,,NA,34,,NA,34,,NA,NA,,NA,NA,,['Yes'],"['Page 8:\n[¬s]""One dyad of the reading strategy group was evaluated as an outlier and\nthus excluded, because the pretest reading comprehension score of the tutee was three standard\ndeviations above the mean of the tutees.[¬e]""']",NA,,NA,.3,,NA,.3,
74069983,Nnamani (2020),2020,['Peer tutoring'],NA,,NA,75,"['Page 4:\n[¬s]""The sample for this study was seventy-five\nmale and female (75) students that were drawn from two co-educational secondary schools in the Local\nGovernment area.[¬e]""']",,['Mixed gender'],"['Page 5:\n[¬s]""Male\nFemale\n32\n43[¬e]""']",57.33,,NA,NA,,NA,NA,,['No SES/FSM Information Provided'],NA,,"['Page 4:\n[¬s]""Reciprocal Peer Tutoring""\n""35[¬e]""']",35,,"['Page 4:\n[¬s]""Traditional Teaching Approach""\n""40[¬e]""']",40,,NA,NA,,NA,NA,,NA,35,,NA,40,,NA,NA,,NA,NA,,['No'],NA,NA,,NA,NA,,NA,NA,
74069984,Ohadugha (2020),2020,['Peer tutoring'],NA,,['MT_2023 (in progress)'],NA,"['Page 4:\n[¬s]""80[¬e]""']",,['Mixed gender'],"['Page 4:\n[¬s]""40 males and 40\nfemales[¬e]""']",50,,NA,NA,,NA,NA,,['No SES/FSM Information Provided'],NA,,"['Page 6:\n[¬s]""40[¬e]""']",40,,"['Page 6:\n[¬s]""40[¬e]""']",40,,NA,NA,,NA,NA,,NA,NA,,NA,NA,,NA,NA,,NA,NA,,['No'],NA,NA,,NA,NA,,NA,NA,
74069985,Oloyede (2019),2019,['Peer tutoring'],NA,,['MT_2023 (in progress)'],75,"['Page 7:\n[¬s]""Teacher expository""\n""38""\n""Peer tutoring""\n""37[¬e]""']",,['No information provided'],NA,NA,,NA,NA,,NA,NA,,['No SES/FSM Information Provided'],NA,,"['Page 7:\n[¬s]""37[¬e]""']",37,,"['Page 7:\n[¬s]""38[¬e]""']",38,,"['Page 7:\n[¬s]""36[¬e]""']",36,,NA,NA,,NA,NA,,NA,NA,,NA,NA,,NA,NA,,['No'],NA,NA,,NA,NA,,NA,NA,
74069986,Olulowo (2020),2020,['Peer tutoring'],NA,,['MT_2023 (in progress)'],NA,"['Page 1:\n[¬s]""137[¬e]""']",,['Mixed gender'],"['Page 5:\n[¬s]""postachievement test scores of the male and female\nstudents.[¬e]""']","As shown in the highlighted material, there were male and female participants but figures are not provided.",,NA,NA,,NA,NA,,['No SES/FSM Information Provided'],NA,,"['Page 3:\n[¬s]""(53 students)[¬e]""']",53,,"['Page 3:\n[¬s]""conventional strategy (84 students)[¬e]""']",84,,NA,NA,,NA,NA,,NA,NA,,NA,NA,,NA,NA,,NA,NA,,['No'],NA,NA,,NA,NA,,NA,NA,
74069987,Onabanjo (2006),2006,['Peer tutoring'],NA,,['MT_2023 (in progress)'],199,"['Page 3:\n[¬s]""99 for peer tutoring\nalone and 100 for conventional teaching alone)[¬e]""']",,['Mixed gender'],"['Page 3:\n[¬s]""137 female and 163 male[¬e]""']",46 (please note that this is for the 3 groups involved in the study whereas we are only coding for 2 groups here but a breakdown is not provided for each group),,NA,NA,,NA,NA,,['No SES/FSM Information Provided'],NA,,"['Page 3:\n[¬s]""99 for peer tutoring\nalone[¬e]""']",99,,"['Page 3:\n[¬s]""100 for conventional teaching alone[¬e]""']",100,,NA,NA,,NA,NA,,NA,NA,,NA,NA,,NA,NA,,NA,NA,,['No'],NA,NA,,NA,NA,,NA,NA,
74069988,Pastore (2008),2008,['Peer tutoring'],NA,,['MT_2023 (in progress)'],20,"['Page 33:\n[¬s]""twenty[¬e]""']",,['Mixed gender'],"['Page 33:\n[¬s]""I was certain to include a reasonable,\nrepresentative number of male and female students so as to eliminate gender as a .\npossible construct.[¬e]""']",No further information provided.,,NA,NA,,NA,NA,,['No SES/FSM Information Provided'],NA,,"['Page 39:\n[¬s]""Peer\nTutoring[¬e]""']",4,,"['Page 39:\n[¬s]""Direct\nTutoring[¬e]""']",4,,NA,NA,,NA,NA,,NA,NA,,NA,NA,,NA,NA,,NA,NA,,['No'],NA,NA,,NA,NA,,NA,NA,
74069989,Pilten (2016),2016,['Peer tutoring'],NA,,NA,54,"['Page 4:\n[¬s]""54 students[¬e]""']",,['Mixed gender'],"['Page 4:\n[¬s]""Student Features\nGender""\n""57,69\n57,14""\n""42,31\n42,86[¬e]""']",57.41,,NA,NA,,NA,NA,,['No SES/FSM Information Provided'],NA,,"['Page 4:\n[¬s]""26 formed the experiment group[¬e]""']",26,,"['Page 4:\n[¬s]""28 formed the control group[¬e]""']",28,,NA,NA,,NA,NA,,"['Page 8:\n[¬s]""26[¬e]""']",26,,"['Page 9:\n[¬s]""28[¬e]""']",28,,NA,NA,,NA,NA,,['No'],NA,NA,,NA,NA,,NA,NA,
74069990,Puranik (2017),2017,['Peer tutoring'],NA,,NA,86,"['Page 5:\n[¬s]""86 kindergartners[¬e]""']",,['Mixed gender'],"['Page 5:\n[¬s]""56 % of the children being\nmale.[¬e]""']",44,,NA,NA,,NA,"['Page 5:\n[¬s]""School 1 was a low-SES, high performing (i.e., met the Adequate Yearly\nProgress measures as reported by the Pennsylvania Department of Education for all\nthree of the preceding years) charter school[¬e]""', 'Page 6:\n[¬s]""School 2 was a low-SES, low performing (i.e., did not meet the Adequate Yearly\nProgress measures as reported by the Pennsylvania Department of Education for any\nof the three preceding years), public school[¬e]""']",,NA,NA,,"['Page 6:\n[¬s]""PAWS group""\n""12""\n""10[¬e]""']",22,,"['Page 6:\n[¬s]""Controls[¬e]""']",64,,NA,NA,,NA,NA,,NA,22,,NA,33,,NA,NA,,NA,NA,,"['Yes', 'Unclear (please add notes)']","['Page 6:\n[¬s]""For most tasks, there was a greater attrition rate for control\nparticipants than for the PAWS participants (e.g., 17 vs. 30 %) except for the essay\ntask; the attrition rate for the PAWS participants (50 %) was greater than the\nattrition rate for the control participants (36 %).[¬e]""']","the 50% is for one post-test task, this doesn't represent full intervention attrition ",,NA,50,,NA,43,
74069991,Puranik (2018),2018,['Peer tutoring'],NA,,NA,149,"['Page 6:\n[¬s]""149 students[¬e]""']",,['Mixed gender'],"['Page 6:\n[¬s]""43% female[¬e]""']",43,,NA,NA,,NA,"['Page 6:\n[¬s]""All four schools had medium socioeconomic\nstatus (i.e., 33%–67% of the students received free or reduced lunch)[¬e]""']",,NA,NA,,"['Page 7:\n[¬s]""PAWS\n78[¬e]""']",78,,"['Page 7:\n[¬s]""Controls""\n""71[¬e]""']",71,,NA,NA,,NA,NA,,NA,NA,,NA,NA,,NA,NA,,NA,NA,,['No'],NA,NA,,NA,NA,,NA,NA,
74069993,Rafdal (2011) 1_1,2011,['Peer tutoring'],NA,,NA,89,"['Page 1:\n[¬s]""89 kindergartners[¬e]""']",,['Mixed gender'],"['Page 7:\n[¬s]""7 (33)""\n""12 (35)""\n""12 (35)[¬e]""']",34.83,,39.33,"['Page 7:\n[¬s]""Received free or reduced lunch""\n""11 (52)""\n""10 (29)""\n""14 (41)[¬e]""']",,NA,NA,,NA,NA,,"['Page 7:\n[¬s]""Level 1\n(n = 34)[¬e]""']",34,,"['Page 7:\n[¬s]""Control\n(n = 21)[¬e]""']",21,,NA,NA,,NA,NA,,NA,34,,NA,21,,NA,NA,,NA,NA,,['No'],NA,NA,,NA,NA,,NA,NA,
74069994,Rafdal (2011) 1_2,2011,['Peer tutoring'],NA,,NA,NA,"['Page 1:\n[¬s]""89 kindergartners[¬e]""']",,['Mixed gender'],"['Page 7:\n[¬s]""Female""\n""7 (33)""\n""12 (35)""\n""12 (35)[¬e]""']",34.83,,39.32,"['Page 7:\n[¬s]""Received free or reduced lunch""\n""11 (52)""\n""10 (29)""\n""14 (41)[¬e]""']",,NA,NA,,NA,NA,,NA,34,,NA,21,,NA,NA,,NA,NA,,NA,34,,NA,21,,NA,NA,,NA,NA,,['No'],NA,NA,,NA,NA,,NA,"ethnicity, see table 2 ",
74069995,Rahman (2017),2017,['Peer tutoring'],NA,,NA,9,"['Page 1:\n[¬s]""5\nstudents with LD in the control group and 4 students with LD in the CWPT\nexperimental group;[¬e]""']",,['Female only'],"['Page 4:\n[¬s]""5 female, third grade students with LD from the second\nprimary school in Najran, KSA, and 4 female, third grade students with LD from the\nthirty-seventh primary school[¬e]""']",100,,NA,NA,,NA,NA,,NA,NA,,"['Page 7:\n[¬s]""Experimental\nMeasure\nNumber\nMean\nSD\nPretest\n5\n43.80\n6.907\nPosttest\n5\n49.80\n6.760\nPretest\n4\n41.75\n5.123\nPosttest\n4\n67.50\n1.291[¬e]""']",4,,"['Page 7:\n[¬s]""Control""\n""Pretest\n5""\n""Posttest\n5[¬e]""']",5,,NA,NA,,NA,NA,,NA,5,,NA,5,,NA,NA,,NA,NA,,['Yes'],NA,see table 1,,NA,0,,NA,0,
74069996,Roma (2019),2019,['Peer tutoring'],NA,,NA,58,NA,,['No information provided'],NA,NA,,NA,NA,,NA,NA,,['No SES/FSM Information Provided'],NA,,"['Page 3:\n[¬s]""The researcher found out that the nineteen students in the experimental group from the pre test""\n""Each class consisted of twenty-nine\nstudents[¬e]""']",29,,NA,29,,NA,NA,,NA,NA,,NA,NA,,NA,NA,,NA,NA,,NA,NA,,['No'],NA,NA,,NA,0,,NA,0,
74069997,Scruggs (2012),2012,['Peer tutoring'],NA,,NA,157,"['Page 1:\n[¬s]""133 general education students,\nand 24 students with mild disabilitie[¬e]""']",,['Mixed gender'],"['Page 2:\n[¬s]""76 males and 81 females,[¬e]""']",52,,NA,NA,,NA,NA,,['No SES/FSM Information Provided'],NA,,"['Page 6:\n[¬s]""66[¬e]""']",66,,"['Page 6:\n[¬s]""67[¬e]""']",67,,NA,NA,,NA,NA,,NA,66,,NA,67,,NA,NA,,NA,NA,,['Unclear (please add notes)'],"['Page 2:\n[¬s]""More students than this number were enrolled\nin these classrooms, but are not included here because of\nattrition or missing data across the 18 weeks of interven-\ntion, because the student did not consent, or because the\nstudent did not return the consent form.[¬e]""']",NA,,NA,not reported,,NA,not reported,
74069998,Simpkins (2009),2009,['Peer tutoring'],NA,,NA,61,"['Page 1:\n[¬s]""Sixty-one[¬e]""']",,['Mixed gender'],"['Page 2:\n[¬s]""29 females and 32 males.[¬e]""']",48,,NA,NA,,NA,NA,,['No SES/FSM Information Provided'],NA,,"['Page 7:\n[¬s]""43[¬e]""']",43,,"['Page 7:\n[¬s]""43[¬e]""']",43,,NA,NA,,NA,NA,,NA,43,,NA,43,,NA,NA,,NA,NA,,['No'],NA,NA,,NA,NA,,NA,NA,
74069999,Song (2017),2017,['Peer tutoring'],NA,,NA,458,"['Page 3:\n[¬s]""242 students in the treat-\nment group and 216 students in the control group.[¬e]""']",,['Mixed gender'],NA,Unclear - see Table 1,,NA,NA,,NA,"['Page 3:\n[¬s]""Students\nin these schools are from low-income rural families""\n""40% of students come from households that lack running water.[¬e]""']",,NA,NA,,"['Page 4:\n[¬s]""118[¬e]""']",118,,"['Page 4:\n[¬s]""99[¬e]""']",99,,NA,NA,,NA,NA,,NA,NA,,NA,NA,,NA,NA,,NA,NA,,NA,NA,NA,,NA,NA,,NA,NA,
74070000,Spörer (2009),2009,['Peer tutoring'],NA,,NA,60,"['Page 5:\n[¬s]""60[¬e]""']",,['Mixed gender'],"['Page 5:\n[¬s]""38""\n""Female""\n""Male""\n""22[¬e]""']",63,,NA,NA,,NA,"['Page 4:\n[¬s]""middle-class neighbourhoods""\n""Because we were not allowed to collect data\nabout parents’ household income and education level, as indicator of socioeconomic status we asked the children how many books\ntheir family had at home. Most of the children (47%) indicated that their family had 26e100 books at home. According to\nindependent ANOVA and chi-square tests, respectively, there were no signiﬁcant differences ( p > .05) between conditions in\ndemographic data (see Table 2).[¬e]""']",,NA,NA,,"['Page 5:\n[¬s]""60[¬e]""']",60,,"['Page 5:\n[¬s]""66[¬e]""']",66,,NA,NA,,NA,NA,,NA,60,,NA,66,,NA,NA,,NA,NA,,['No'],NA,NA,,NA,NA,,NA,NA,
74070001,Sumita (2021),2021,['Peer tutoring'],NA,,NA,60,"['Page 2:\n[¬s]""The sample consisted of 60 students[¬e]""']",,['Mixed gender'],"['Page 4:\n[¬s]""Female""\n""22""\n""17[¬e]""']",65,,NA,NA,,NA,NA,,['No SES/FSM Information Provided'],NA,,"['Page 4:\n[¬s]""30[¬e]""']",30,,"['Page 4:\n[¬s]""30[¬e]""']",30,,NA,NA,,NA,NA,,NA,NA,,NA,NA,,NA,NA,,NA,NA,,['No'],NA,NA,,NA,NA,,NA,NA,
74070002,Takala (2006),2006,['Peer tutoring'],NA,,['MT_2023 (in progress)'],204,"['Page 5:\n[¬s]""The socio-economic\nstatus of the area of the mainstream school was middle-class.[¬e]""']",,['Mixed gender'],"['Page 6:\n[¬s]""The average age of the children was 10\nyears in the fourth grade and 12 years in the sixth grade.[¬e]""']",35.5,,Not specified,"['Page 5:\n[¬s]""In January 2003 the intervention started in one fourth-grade and one sixth-grade\nclass in both schools.[¬e]""']",,NA,NA,,NA,NA,,"['Page 6:\n[¬s]""25""\n""26""\n""23[¬e]""']",74,,"['Page 6:\n[¬s]""28""\n""28""\n""24[¬e]""']",80,,NA,NA,,NA,NA,,NA,NA,,NA,80,,NA,NA,,NA,NA,,['No'],NA,NA,,NA,NA,,NA,NA,
74070003,Thomas (2015),2015,['Peer tutoring'],NA,,NA,810,"['Page 10:\n[¬s]""The peer-led Integrated Algebra sample (see Table 2) included 214 students from three\nschools""\n""Integrated Algebra 2011–2012""\n""Integrated Algebra 2012–2013\nThe peer-led Integrated Algebra sample (see Table 2) included 295 students from six\nschools (52.9% male)[¬e]""', 'Page 11:\n[¬s]""Living Environment 2011–2012\nThe peer-led Living Environment sample (Table 3) included 103 students from three\nschools (55.3% male),""\n""Living Environment 2012–2013\nThe peer-led Living Environment sample (Table 3) included 198 students from three\nschools (46% male),[¬e]""']",,['Mixed gender'],"['Page 2:\n[¬s]""The Peer Enabled Restructured Classroom (PERC) is an instructional innovation\ndeveloped to address gaps in science, technology, engineering, and math (STEM) in\nurban high schools.[¬e]""']",48.5,,81.6,"['Page 10:\n[¬s]""Of these students, 67.8% received free or reduced price lunch and 65.4% spoke\nEnglish as their native language.""\n""Integrated Algebra 2011–2012""\n""Integrated Algebra 2012–2013""\n""Of these students, 82.4% received free or reduced price lunch and 60% spoke\nEnglish as their native language[¬e]""', 'Page 11:\n[¬s]""Living Environment 2011–2012""\n""Nearly all of the peer-led Living Environment students received free or reduced\npric lunch (99.0%)""\n""Living Environment 2012–2013""\n""A majority of peer-led Living Environment students received free or reduced\npric lunch (77.3%), and 64.1% spoke English as their native language.[¬e]""']",,NA,"['Page 8:\n[¬s]""For the large pool of NYC student data, we included NYC students from schools that\nwere considered peer schools to the schools participating in the innovation.[¬e]""']",,NA,NA,,"['Page 10:\n[¬s]""214 students from three\nschools""\n""295 students from six\nschools[¬e]""']",509,,"['Page 10:\n[¬s]""19,392 students from 426\nschools""\n""27,548 students from 448\nschools[¬e]""']",46940,,NA,NA,,NA,NA,,NA,NA,,NA,NA,,NA,NA,,NA,NA,,['No'],NA,NA,,NA,NA,,NA,NA,
74070004,Thurston (2019),2019,['Peer tutoring'],NA,,NA,2574,"['Page 4:\n[¬s]""This represented 1338 students randomized to control condition and 1236 randomised to receive the\npaired reading intervention. Retention rate pre to post test was 100% at the class level and>99.99% at the student level (only 5\nstudents were missing from post-test data).""\n""Missing data was treated as missing at random, and estimated value for Standardised\nAssessment Score (SAS) were calculated by the NGRT algorithm using sections of the test that had been completed. This meant that\nthe analysis was completed on a 100% school, class and student sample. Attrition was very low due to this being an electronic test,\nthat could be completed once a student returned to school after illness, and the fact that the time between pre and post-test was about\n8 months so not many students had left the school. The participant ﬂow diagram is shown in Fig. 1.[¬e]""']",,['No information provided'],"['Page 4:\n[¬s]""Data is presented from 1299 Grade 6/Year 7 students (mean age 12.27 years) and 1275 Grade 8/\nYear 9 students (mean age 14.27 years).[¬e]""']",NA,,20.24,"['Page 4:\n[¬s]""The bottom reading attainment\ndecile had FSM of 32.00% (Grade 8/Year 9, 44.18%) (showing it was composed of a higher proportion of high poverty children than\nany other decile) and 34.54% SEN (Grade 8/Year 9, 34.09%), again considerably higher than any other decile.[¬e]""']",,NA,"['Page 4:\n[¬s]""Data was therefore collected from 60, Grade 6/Year 7 and 60, Grade 8/Year 9 classes\ndrawn from 10 high school settings.[¬e]""']",,NA,NA,,NA,1236,,"['Page 4:\n[¬s]""This represented 1338 students randomized to control conditio""\n""and 1236 randomised to receive the\npaired reading intervention.[¬e]""']",1338,,NA,NA,,NA,NA,,NA,1228,,NA,1336,,NA,NA,,NA,NA,,['Yes'],NA,NA,,NA,0.3,,NA,0.2,
74070005,Thurston (2021),2021,['Peer tutoring'],NA,,NA,295,"['Page 1:\n[¬s]""A randomised controlled experimental study was undertaken involving 295, 11- to\n13-year-old students, drawn from 12 classrooms, across three secondary/high schools situated in\nareas of low-socio-economic status, in the north east of England. In total, 146 students engaged\nin cooperative learning for a period of 12 weeks, and 149 students served as a comparison group.[¬e]""', 'Page 4:\n[¬s]""The project comprised 12 classes, including\nsix Year 7 classes and six Year 9 classes, drawn from three of the eight secondary/high\nschools within this geographic area comprising 295 (149 control/146 intervention) students.[¬e]""']",,['No information provided'],"['Page 4:\n[¬s]""The chronological age""\n""The project comprised 12 classes, including\nsix Year 7 classes and six Year 9 classes,[¬e]""', 'Page 5:\n[¬s]""of the sample at pre-test was 155.32 months (SD 12.48),[¬e]""']",NA,,33.56,"['Page 10:\n[¬s]""Findings from this study suggest that peer tutoring/cooperative learning, along with\nextended periods of academic learning comprising language rich experiences, are two core\nelements in developing the linguistic structures and competency to become a successful\ncomprehender of written text.[¬e]""', 'Page 4:\n[¬s]""Free School\nMeals rates were School A = 36.5%, School B = 30.1%, School C = 34.1%, compared to a\nnational average = 28.8%[¬e]""', 'Page 8:\n[¬s]"". In this\nstudy, it was tutors who showed the only signiﬁcant gains.""\n""However, these gains were only evident when students\nwere acting in the role of tutor[¬e]""']",,NA,"['Page 4:\n[¬s]""three of the eight secondary/high\nschools[¬e]""']",,NA,NA,,"['Page 4:\n[¬s]""146 intervention)[¬e]""']",146,,"['Page 4:\n[¬s]""149 control[¬e]""']",149,,NA,NA,,NA,NA,,NA,141,,NA,145,,NA,NA,,NA,NA,,['Yes'],NA,NA,,NA,3.5,,NA,4.7,
74070006,Tsuei (2020),2020,['Peer tutoring'],NA,,NA,73,"['Page 3:\n[¬s]""Three classes of fifth-graders (n = 73) in an elemen-\ntary school in Taipei, Taiwan, participated in this\nstudy for twelve weeks. Using a quasi-experimental\ndesign, two classes were assigned as the experi-\nmental group (48 students) and one class was as-\nsigned as the control group (25 students). An e-book\npeer-tutoring instructional strategy (eBPT) with 10\nreading passages was implemented in the experi-\nmental group. Students in the control group read the\nsame passages, and the teacher implemented whole-\nclass reading strategies teaching. Students in both\ngroups were provided with a mobile tablet for read-\ning.[¬e]""']",,['No information provided'],"['Page 1:\n[¬s]""Three\nclasses of 11–12-year-old students (n = 73) participated in the study for 12 weeks.[¬e]""']",NA,,NA,NA,,NA,NA,,['No SES/FSM Information Provided'],NA,,"['Page 3:\n[¬s]""experi-\nmental group (48 students)[¬e]""']",48,,"['Page 3:\n[¬s]""one class was as-\nsigned as the control group (25 students)[¬e]""']",25,,NA,NA,,NA,NA,,NA,NA,,NA,NA,,NA,NA,,NA,NA,,['No'],NA,NA,,NA,0,,NA,NA,
74070007,Udaka (2009),2009,['Peer tutoring'],NA,,NA,28,"['Page 92:\n[¬s]""15 preschool students in the treatment group,""\n""In the control group, 13 students met the criteria for\ninclusion in the study[¬e]""']",,['No information provided'],NA,NA,,NA,NA,,NA,"['Page 89:\n[¬s]""Students enrolled in the randomly selected elementary school came from\nmoderate to low income families,[¬e]""']",,NA,NA,,"['Page 92:\n[¬s]""15 preschool students in the\ntreatment group[¬e]""']",15,,"['Page 92:\n[¬s]""13 students met the criteria for\ninclusion in the study[¬e]""']",13,,NA,NA,,NA,NA,,"['Page 113:\n[¬s]""(15)[¬e]""']",15,,"['Page 113:\n[¬s]""(13)[¬e]""']",13,,NA,NA,,NA,NA,,['No'],NA,NA,,NA,NA,,NA,NA,
74070008,Ullah (2018),2018,['Peer tutoring'],NA,,['MT_2023 (in progress)'],40,"['Page 4:\n[¬s]""There were 47 students in two sections, 10th Green and\n10th Yellow. The researcher then administered the pretest among the 47 students. Among these, seven\nstudents refused to participate in the study for unknown reasons. Therefore, the sample of the study\nconsisted of forty students.[¬e]""']",,['Male only'],"['Page 4:\n[¬s]""male students at secondary level of 10th grade[¬e]""']",NA,,NA,NA,,NA,NA,,['No SES/FSM Information Provided'],NA,,"['Page 4:\n[¬s]""the sample of the study\nconsisted of forty students. The sample was further divided into two equivalent groups (experimental\nand control groups)[¬e]""']",20,,NA,20,,NA,NA,,NA,NA,,NA,NA,,NA,NA,,NA,NA,,NA,NA,,['Yes'],"['Page 4:\n[¬s]""seven\nstudents refused to participate in the study[¬e]""']",NA,,NA,14,,NA,14,
74070009,Ullah (2020),2020,['Peer tutoring'],NA,,['MT_2023 (in progress)'],40,"['Page 6:\n[¬s]""40 participants[¬e]""']",,['Male only'],"['Page 10:\n[¬s]""the current study focused only male participants[¬e]""']",NA,,NA,NA,,NA,NA,,['No SES/FSM Information Provided'],NA,,NA,NA,,NA,NA,,NA,NA,,NA,NA,,NA,NA,,NA,NA,,NA,NA,,NA,NA,,NA,NA,NA,,NA,NA,,NA,NA,
74578044,Van Keer (2004) 1_2,2004,['Peer tutoring'],NA,,['MT_2023 (in progress)'],454,"['Page 7:\n[¬s]""454 students[¬e]""']",,['Mixed gender'],"['Page 7:\n[¬s]""220 students were\nboys and 234 students were girls.[¬e]""']",51.5,,NA,NA,,NA,"['Page 7:\n[¬s]""Except for one inner-city school with a\npredominantly low SES and ethnic minority population, all classes had a mainly white,\nFlemish population. The majority of the children were from middle-class families.[¬e]""']",,NA,NA,,"['Page 7:\n[¬s]""69[¬e]""']",69,,"['Page 7:\n[¬s]""107[¬e]""']",107,,NA,NA,,NA,NA,,NA,NA,,NA,NA,,NA,NA,,NA,NA,,['No'],"['Page 16:\n[¬s]""the occurrence of missing data\n- assumed they are\nmissing at random - does not constitute a problem for the application of multilevel\nmodels in any way[¬e]""']",NA,,NA,NA,,NA,NA,
74070010,Van Keer (2005) 1_1,2005,['Peer tutoring'],NA,,['MT_2023 (in progress)'],NA,"['Page 7:\n[¬s]""444 second[¬e]""']",,['Mixed gender'],"['Page 8:\n[¬s]""53% (SD = 16.54)""\n""of the students were boys[¬e]""']",47,,NA,NA,,NA,"['Page 8:\n[¬s]""Except for one inner-city school in the STRAT condition with mainly a low so-\ncioeconomic status and ethnic minority population, all schools had a predomi-\nnantly white, Flemish population. The majority of the children were from middle-\nclass families.[¬e]""']",,NA,NA,,"['Page 9:\n[¬s]""91[¬e]""']",91,,"['Page 9:\n[¬s]""124[¬e]""']",124,,NA,NA,,NA,NA,,NA,NA,,NA,NA,,NA,NA,,NA,NA,,['No'],NA,NA,,NA,NA,,NA,NA,
74070011,Van Keer (2005) 1_2,2005,['Peer tutoring'],NA,,['MT_2023 (in progress)'],NA,"['Page 7:\n[¬s]""444 second""\n""graders[¬e]""']",,['Mixed gender'],"['Page 8:\n[¬s]""53% (SD = 16.54)""\n""of the students were boys.[¬e]""']",47,,NA,NA,,NA,"['Page 8:\n[¬s]""Except for one inner-city school in the STRAT condition with mainly a low so-\ncioeconomic status and ethnic minority population, all schools had a predomi-\nnantly white, Flemish population. The majority of the children were from middle-\nclass families.[¬e]""']",,NA,NA,,"['Page 9:\n[¬s]""66[¬e]""']",66,,"['Page 9:\n[¬s]""124[¬e]""']",124,,NA,NA,,NA,NA,,NA,NA,,NA,NA,,NA,NA,,NA,NA,,['No'],NA,NA,,NA,NA,,NA,NA,
74070012,Walker (2008),2008,['Peer tutoring'],NA,,NA,51,"['Page 7:\n[¬s]""The total number of students included in the analysis\nwas 51 (20 in the individual condition, 14 in the fixed collaboration condition, and 17\nin the adaptive collaboration condition).[¬e]""']",,['No information provided'],NA,NA,,NA,NA,,NA,NA,,['No SES/FSM Information Provided'],NA,,"['Page 7:\n[¬s]""14 in the fixed collaboration condition, and 17\nin the adaptive collaboration condition[¬e]""']",31,,"['Page 7:\n[¬s]""(20 in the individual condition[¬e]""']",20,,NA,NA,,NA,NA,,NA,NA,,NA,NA,,NA,NA,,NA,NA,,['No'],NA,NA,,NA,NA,,NA,NA,
74070013,Walker (2009),2009,['Peer tutoring'],NA,,NA,51,"['Page 14:\n[¬s]""The total\nnumber of participants included in the analysis was thus 51 for the pre- and posttest\n(17 students in the adaptive peer tutoring condition, 14 students in the ﬁxed peer\ntutoring condition, and 20 students in the individual use condition), and 39 students\nfor the delayed posttest (11 in the adaptive peer tutoring condition, 10 in the ﬁxed\npeer tutoring condition, and 18 in the individual use condition).[¬e]""']",,['Mixed gender'],"['Page 14:\n[¬s]""Participants were 62 high-school students (34 male, 28 female)[¬e]""']",NA,,NA,NA,,NA,NA,,['No SES/FSM Information Provided'],NA,,"['Page 14:\n[¬s]""14 students in the ﬁxed peer[¬e]""']",14,,"['Page 14:\n[¬s]""20 students in the individual use condition[¬e]""']",20,,NA,NA,,NA,NA,,NA,14,,NA,20,,NA,NA,,NA,NA,,['Yes'],"['Page 14:\n[¬s]""Eleven students were excluded from the analysis because either they were absent\nduring a collaborative part of the intervention, or their partner was absent and\nthey could not be re-paired with another student.[¬e]""']",NA,,NA,NA,,NA,NA,
74070014,Walker (2009),2009,['Peer tutoring'],NA,,NA,39,"['Page 30:\n[¬s]""39 (11 in the adaptive peer tutoring condition, 10 ﬁxed peer tutoring condition, and 18\nin the individual use condition).[¬e]""']",,['No information provided'],NA,NA,,NA,NA,,NA,NA,,['No SES/FSM Information Provided'],NA,,"['Page 30:\n[¬s]""10 ﬁxed peer tutoring condition[¬e]""']",10,,"['Page 30:\n[¬s]""18\nin the individual use condition[¬e]""']",18,,"['Page 30:\n[¬s]""(11 in the adaptive peer tutoring condition[¬e]""']",11,,NA,NA,,"['Page 30:\n[¬s]""10[¬e]""']",10,,"['Page 30:\n[¬s]""18[¬e]""']",18,,NA,NA,,NA,NA,,['No'],NA,NA,,NA,NA,,NA,NA,
74070016,Wang (2021),2021,['Peer tutoring'],NA,,NA,597,"['Page 5:\n[¬s]""Participants were randomly assigned to one of six experimental conditions: (1) peer teaching with teaching expectancy condition (N = 98), (2) peer teaching with testing expectancy condition (N = 97), (3) imagined teaching with teaching expectancy condition (N = 99), (4) imagined teaching with testing expectancy condition (N = 99), (5) no teaching with teaching expectancy (N = 100), and (6) no teaching with testing expectancy (N = 104).""\n""A total of597 students (282 males)[¬e]""']",,['Mixed gender'],"['Page 5:\n[¬s]""f597 students (282 males)[¬e]""']",52.8,,NA,NA,,NA,NA,,['No SES/FSM Information Provided'],NA,,"['Page 5:\n[¬s]""(1) peer\nteaching with teaching expectancy condition (N = 98), (2) peer teaching with testing\nexpectancy condition (N = 97)[¬e]""']",195,,"['Page 5:\n[¬s]""(5) no teaching with teaching expectancy (N = 100), and (6) no teaching with testing\nexpectancy (N = 104)[¬e]""']",204,,NA,NA,,NA,NA,,NA,NA,,NA,NA,,NA,NA,,NA,NA,,['Yes'],"['Page 8:\n[¬s]""Twenty-nine students had missing data on either the immediate test or the delayed test.\nTheir data were excluded from analysis, leaving the ﬁnal sample with 568 students’\ncomplete data[¬e]""']",NA,,"['Page 5:\n[¬s]""(1) peer\nteaching with teaching expectancy condition (N = 98), (2) peer teaching with testing\nexpectancy condition (N = 97)[¬e]""', 'Page 9:\n[¬s]""Peer teaching\n(N = 89)""\n""Peer teaching\n(N = 93)[¬e]""']",2,,"['Page 5:\n[¬s]""(1) peer\nteaching with teaching expectancy condition (N = 98), (2) peer teaching with testing\nexpectancy condition (N = 97)""\n""(5) no teaching with teaching expectancy (N = 100), and (6) no teaching with testing\nexpectancy (N = 104).[¬e]""', 'Page 9:\n[¬s]""Peer teaching\n(N = 89)""\n""Peer teaching\n(N = 93)""\n""No teaching\n(N = 99)""\n""No teaching\n(N = 101)[¬e]""']",4,
74070017,Westera (1995) 1_1,1995,['Peer tutoring'],NA,,NA,46,"['Page 1:\n[¬s]""20 students in all, were exposed to between 12 and\n16 reciprocal teaching\nsessions, while 15 students in the other four groups received between six and eight\nsessions. The remaining 11 students served as a no-treatment comparison group.[¬e]""']",,['No information provided'],NA,NA,,NA,NA,,NA,NA,,['No SES/FSM Information Provided'],NA,,"['Page 4:\n[¬s]""Short program (n = IS)[¬e]""']",15,,"['Page 4:\n[¬s]""Comparison group (n = 10)[¬e]""']",10,,NA,NA,,NA,NA,,"['Page 4:\n[¬s]""(n = IS)[¬e]""']",15,,"['Page 4:\n[¬s]""(n = 10[¬e]""']",10,,NA,NA,,NA,NA,,['No'],NA,NA,,NA,NA,,NA,NA,
74070018,Westera (1995) 1_2,1995,['Peer tutoring'],NA,,NA,46,"['Page 1:\n[¬s]""Forty-six students with the lowest scores on a standardized test of reading comprehension in seven eighth-grade classes participated in the study.""\n""20 students in all, were exposed to between 12 and\n16 reciprocal teaching\nsessions, while 15 students in the other four groups received between six and eight\nsessions. The remaining 11 students served as a no-treatment comparison group.[¬e]""']",,['No information provided'],NA,NA,,NA,NA,,NA,NA,,['No SES/FSM Information Provided'],NA,,"['Page 4:\n[¬s]""Extended program (n = 20)[¬e]""']",20,,"['Page 4:\n[¬s]""Comparison group (n = 10)[¬e]""']",10,,NA,NA,,NA,NA,,"['Page 4:\n[¬s]""(n = 20[¬e]""']",20,,"['Page 4:\n[¬s]""(n = 10[¬e]""']",NA,,NA,NA,,NA,NA,,['No'],NA,NA,,NA,NA,,NA,NA,
74070019,Wood (2020),2020,['Peer tutoring'],NA,,NA,454,"['Page 8:\n[¬s]""Of these students, 27 subsequently left the school district and were therefore no\nlonger in the study (n¼454; 249 in control classrooms; 205 in Math PALS classrooms).[¬e]""']",,['Mixed gender'],"['Page 10:\n[¬s]""All students were individually evaluated during the fall, winter, and spring of their first-\ngrade year.[¬e]""']",55,,45,"['Page 8:\n[¬s]""In the final sample of 454 students, the range of students qualifying for the National\nSchool Lunch Program (NSLP) ranged from 33% to 59% across schools (M¼45%). A\nmoderate level of rural poverty is represented based on the percentage of students in\nthe school qualifying for the NSLP, a widely used marker of poverty.[¬e]""']",,NA,"['Page 8:\n[¬s]""All five schools were located in northern, rural Florida.[¬e]""']",,NA,NA,,"['Page 8:\n[¬s]""205 in Math PALS[¬e]""']",205,,"['Page 8:\n[¬s]""249 in control classrooms[¬e]""']",249,,NA,NA,,NA,NA,,NA,NA,,NA,NA,,NA,NA,,NA,NA,,['Yes'],"['Page 8:\n[¬s]""Of these students, 27 subsequently left the school district and were therefore no\nlonger in the study[¬e]""']",NA,,"['Page 8:\n[¬s]""Math PALS (6.4%)[¬e]""']",6.4,,"['Page 8:\n[¬s]""Of these students, 27 subsequently left the school district and were therefore no\nlonger in the study[¬e]""']",5.7,
74070020,Zambrano (2015),2015,['Peer tutoring'],NA,,NA,202,"['Page 3:\n[¬s]""Students: The intervention group was made up of 127 students (64 boys and 63 girls), enrolled in years 2 to year 5 in\n4 primary schools in Spain. The comparison group was made up of 75 students, also enrolled in years 2 to year 5,\nnone of which participated in the programme, and neither did their teachers.\nTeachers: 8 in total, they were responsible for developing the sessions, and in class they took up the teaching.[¬e]""']",,['Mixed gender'],"['Page 3:\n[¬s]""The intervention group was made up of 127 students (64 boys and 63 girls), enrolled in years 2 to year 5 in\n4 primary schools in Spain. The comparison group was made up of 75 students, also enrolled in years 2 to year 5,[¬e]""']",50,,NA,NA,,NA,NA,,['No SES/FSM Information Provided'],NA,,"['Page 3:\n[¬s]""intervention group was made up of 127 students[¬e]""']",127,,"['Page 3:\n[¬s]""omparison group was made up of 75 students[¬e]""']",75,,NA,NA,,NA,NA,,"['Page 4:\n[¬s]""127[¬e]""']",127,,"['Page 4:\n[¬s]""75[¬e]""']",75,,NA,NA,,NA,NA,,['No'],NA,NA,,NA,NA,,NA,NA,
74070022,Zeneli (2018) 1_2,2018,['Peer tutoring'],NA,,NA,61,"['Page 11:\n[¬s]""Year 7\nstudents""\n""Peer Tutoring""\n""1 missing\n1/36=3%""\n""Control""\n""13 missing\n13/39=34%""\n""Attrition rate[¬e]""', 'Page 4:\n[¬s]""Table 3.[¬e]""']",,['Mixed gender'],"['Page 4:\n[¬s]""Table 3. Gender composition for each group by school and year[¬e]""']",60,,43,"['Page 4:\n[¬s]""For school B, the control group contained 17 FSM\nstudents, and the peer tutoring group of 15 students.""\n""School B[¬e]""']",,NA,NA,,NA,NA,,"['Page 4:\n[¬s]""Peer\nTutorin\ng\nPeer\nTutorin\ng\nGirls 23\nBoys 13[¬e]""']",36,,"['Page 4:\n[¬s]""Control Girls 22\nBoys 17[¬e]""']",39,,NA,NA,,NA,NA,,NA,35,,NA,26,,NA,NA,,NA,NA,,['Yes'],NA,3%,,NA,3%,,NA,18.6,
