ItemID,Author,SMD_1,SESMD_1,SMD_2,SESMD_2,SMD_3,SESMD_3,SMD_4,SESMD_4,SMD_5,SESMD_5,SMD_6,SESMD_6,SMD_7,SESMD_7,SMD_8,SESMD_8,SMD_9,SESMD_9,SMD_10,SESMD_10
37116221,Abbondanza (2013),0.5174,0.5174,-0.0024,-0.0024,0.3551,0.3551,NA,NA,NA,NA,NA,NA,NA,NA,NA,NA,NA,NA,NA,NA
37092570,Adler (1998),0.165,0.165,0.153,0.153,0.1,0.1,-0.458,-0.458,0.428,0.428,NA,NA,NA,NA,NA,NA,NA,NA,NA,NA
39253274,Allen (2003),-0.7288,-0.7288,0.0395,0.0395,NA,NA,NA,NA,NA,NA,NA,NA,NA,NA,NA,NA,NA,NA,NA,NA
37133863,Allsopp (1995),0.1596,0.1596,NA,NA,NA,NA,NA,NA,NA,NA,NA,NA,NA,NA,NA,NA,NA,NA,NA,NA
37092749,Anderson (1973),1.1547,1.1547,NA,NA,NA,NA,NA,NA,NA,NA,NA,NA,NA,NA,NA,NA,NA,NA,NA,NA
37092571,Andrade (2008),0.83,0.83,0.8653,0.8653,NA,NA,NA,NA,NA,NA,NA,NA,NA,NA,NA,NA,NA,NA,NA,NA
37093532,Arblaster (1991),1.687,1.687,NA,NA,NA,NA,NA,NA,NA,NA,NA,NA,NA,NA,NA,NA,NA,NA,NA,NA
37092572,Arter (1994),0.3,0.3,0.3,0.3,0.2,0.2,0.03,0.03,0.14,0.14,0.13,0.13,NA,NA,NA,NA,NA,NA,NA,NA
37093533,Atherley (1989),0.6814,0.6814,NA,NA,NA,NA,NA,NA,NA,NA,NA,NA,NA,NA,NA,NA,NA,NA,NA,NA
37061105,Aumiller (1963),-0.0058,-0.0058,0.0052,0.0052,-0.0271,-0.0271,NA,NA,NA,NA,NA,NA,NA,NA,NA,NA,NA,NA,NA,NA
37092622,Baechie (1990),0.6548,0.6548,0.6661,0.6661,NA,NA,NA,NA,NA,NA,NA,NA,NA,NA,NA,NA,NA,NA,NA,NA
40117187,Baker (1996),0.3006,0.3006,0.3035,0.3035,NA,NA,NA,NA,NA,NA,NA,NA,NA,NA,NA,NA,NA,NA,NA,NA
37133865,Baker (2005),1.0958,1.0958,NA,NA,NA,NA,NA,NA,NA,NA,NA,NA,NA,NA,NA,NA,NA,NA,NA,NA
39253276,Bakle (2010),0.12,0.12,0.04,0.04,-0.2168,-0.2168,0.09,0.09,0.23,0.23,0.23,0.23,0.19,0.19,0.049,0.049,-0.0803,-0.0803,0.11,0.11
37093467,Bar-Eli (1982),1.0033,1.0033,1.1057,1.1057,NA,NA,NA,NA,NA,NA,NA,NA,NA,NA,NA,NA,NA,NA,NA,NA
40117110,Barron (1993),NA,NA,NA,NA,NA,NA,NA,NA,NA,NA,NA,NA,NA,NA,,,,,,
40117111,Bechtel (1991),NA,NA,NA,NA,NA,NA,NA,NA,NA,NA,NA,NA,NA,NA,,,,,,
37671594,Bennett (2013),0.0032,0.0032,-0.3201,-0.3201,-0.4062,-0.4062,-0.4142,-0.4142,NA,NA,NA,NA,NA,NA,NA,NA,NA,NA,NA,NA
37092573,Benson (1979) 1_1,0.22,0.22,0.3,0.3,NA,NA,NA,NA,NA,NA,NA,NA,NA,NA,NA,NA,NA,NA,NA,NA
40294885,Benson (1979) 1_2,0.2115,0.2115,NA,NA,NA,NA,NA,NA,NA,NA,NA,NA,NA,NA,NA,NA,NA,NA,NA,NA
40117190,Bergin (1992),0.8322,0.8322,1.0262,1.0262,NA,NA,NA,NA,NA,NA,NA,NA,NA,NA,NA,NA,NA,NA,NA,NA
40117239,Berninger (2006),0.58,0.58,NA,NA,NA,NA,NA,NA,NA,NA,NA,NA,NA,NA,NA,NA,NA,NA,NA,NA
40117240,Berninger (2006),0.3171,0.3171,NA,NA,NA,NA,NA,NA,NA,NA,NA,NA,NA,NA,NA,NA,NA,NA,NA,NA
37092626,Bethge (1982),0.8552,0.8552,NA,NA,NA,NA,NA,NA,NA,NA,NA,NA,NA,NA,NA,NA,NA,NA,NA,NA
38296603,Biggart (2015),0.1641,0.1641,NA,NA,NA,NA,NA,NA,NA,NA,NA,NA,NA,NA,NA,NA,NA,NA,NA,NA
37092628,Bilsky (1978),2.4289,2.4289,NA,NA,NA,NA,NA,NA,NA,NA,NA,NA,NA,NA,NA,NA,NA,NA,NA,NA
40294886,Bingham (2010) SGT,1.5469,1.5469,NA,NA,NA,NA,NA,NA,NA,NA,NA,NA,NA,NA,NA,NA,NA,NA,NA,NA
37671632,Blatchford (2007),0.0,0.0,-0.002,-0.002,NA,NA,NA,NA,NA,NA,NA,NA,NA,NA,NA,NA,NA,NA,NA,NA
37092755,Block (1970),0.5191,0.5191,NA,NA,NA,NA,NA,NA,NA,NA,NA,NA,NA,NA,NA,NA,NA,NA,NA,NA
40294887,Boggiano (1985) 1_2,NA,NA,NA,NA,NA,NA,NA,NA,NA,NA,NA,NA,NA,NA,,,,,,
37091022,Bohannon (1975),2.75,2.75,1.423,1.423,NA,NA,NA,NA,NA,NA,NA,NA,NA,NA,NA,NA,NA,NA,NA,NA
39253250,Borman (2006),0.0,0.0,NA,NA,NA,NA,NA,NA,NA,NA,NA,NA,NA,NA,NA,NA,NA,NA,NA,NA
39253387,Borman (2009),0.4,0.4,0.27,0.27,NA,NA,NA,NA,NA,NA,NA,NA,NA,NA,NA,NA,NA,NA,NA,NA
37092604,Boulet (1990) 1_1,-0.0329,-0.0329,NA,NA,NA,NA,NA,NA,NA,NA,NA,NA,NA,NA,NA,NA,NA,NA,NA,NA
40294889,Boulet (1990) 1_2,0.2514,0.2514,NA,NA,NA,NA,NA,NA,NA,NA,NA,NA,NA,NA,NA,NA,NA,NA,NA,NA
37093538,Bramlett (1994),0.1019,0.1019,0.0759,0.0759,0.1071,0.1071,0.0368,0.0368,NA,NA,NA,NA,NA,NA,NA,NA,NA,NA,NA,NA
37091024,Brandstetter (1978) 1_1,1.0215,1.0215,NA,NA,NA,NA,NA,NA,NA,NA,NA,NA,NA,NA,NA,NA,NA,NA,NA,NA
40294890,Brandstetter (1978) 1_2,0.37,0.37,NA,NA,NA,NA,NA,NA,NA,NA,NA,NA,NA,NA,NA,NA,NA,NA,NA,NA
37092631,Bridgeman (1974) 1_1,0.206,0.206,NA,NA,NA,NA,NA,NA,NA,NA,NA,NA,NA,NA,NA,NA,NA,NA,NA,NA
40294891,Bridgeman (1974) 1_2,-0.0984,-0.0984,NA,NA,NA,NA,NA,NA,NA,NA,NA,NA,NA,NA,NA,NA,NA,NA,NA,NA
39253196,Brody (1984),0.0224,0.0224,NA,NA,NA,NA,NA,NA,NA,NA,NA,NA,NA,NA,NA,NA,NA,NA,NA,NA
37092605,Brookhart (2008),0.1738,0.1738,0.7575,0.7575,NA,NA,NA,NA,NA,NA,NA,NA,NA,NA,NA,NA,NA,NA,NA,NA
37671541,Brown (2005),1.0488,1.0488,0.4059,0.4059,NA,NA,NA,NA,NA,NA,NA,NA,NA,NA,NA,NA,NA,NA,NA,NA
37133869,Bruno (2004),0.38,0.38,NA,NA,NA,NA,NA,NA,NA,NA,NA,NA,NA,NA,NA,NA,NA,NA,NA,NA
37093539,Brush (1997),0.3167,0.3167,NA,NA,NA,NA,NA,NA,NA,NA,NA,NA,NA,NA,NA,NA,NA,NA,NA,NA
38296605,Buchanan (2015) Pri,-0.08,-0.08,-0.04,-0.04,NA,NA,NA,NA,NA,NA,NA,NA,NA,NA,NA,NA,NA,NA,NA,NA
38296604,Buchanan (2015) Sec,0.051,0.051,-0.16,-0.16,-0.026,-0.026,0.09,0.09,NA,NA,NA,NA,NA,NA,NA,NA,NA,NA,NA,NA
37061108,Bumgarner (1984),-0.2205,-0.2205,NA,NA,NA,NA,NA,NA,NA,NA,NA,NA,NA,NA,NA,NA,NA,NA,NA,NA
37671596,Bunn (2008),0.6266,0.6266,0.8771,0.8771,NA,NA,NA,NA,NA,NA,NA,NA,NA,NA,NA,NA,NA,NA,NA,NA
37671542,Burgoyne (2012),0.0969,0.0969,0.3761,0.3761,NA,NA,NA,NA,NA,NA,NA,NA,NA,NA,NA,NA,NA,NA,NA,NA
37092634,Butler (1986) 1_1,1.539,1.539,NA,NA,NA,NA,NA,NA,NA,NA,NA,NA,NA,NA,NA,NA,NA,NA,NA,NA
40294895,Butler (1986) 1_2,1.1185,1.1185,NA,NA,NA,NA,NA,NA,NA,NA,NA,NA,NA,NA,NA,NA,NA,NA,NA,NA
37092633,Butler (1987) 1_1,2.4566,2.4566,0.584,0.584,NA,NA,NA,NA,NA,NA,NA,NA,NA,NA,NA,NA,NA,NA,NA,NA
40294893,Butler (1987) 1_2,0.541,0.541,-0.3701,-0.3701,NA,NA,NA,NA,NA,NA,NA,NA,NA,NA,NA,NA,NA,NA,NA,NA
40294894,Butler (1987) 1_3,0.3675,0.3675,0.4817,0.4817,0.8497,0.8497,0.2647,0.2647,NA,NA,NA,NA,NA,NA,NA,NA,NA,NA,NA,NA
37092575,Caccamise (2007) 1_1,0.38,0.38,NA,NA,NA,NA,NA,NA,NA,NA,NA,NA,NA,NA,NA,NA,NA,NA,NA,NA
40294896,Caccamise (2007) 1_2,0.4243,0.4243,NA,NA,NA,NA,NA,NA,NA,NA,NA,NA,NA,NA,NA,NA,NA,NA,NA,NA
37093518,Calhoon (2003),0.3997,0.3997,0.2553,0.2553,0.5809,0.5809,-0.0123,-0.0123,NA,NA,NA,NA,NA,NA,NA,NA,NA,NA,NA,NA
40117116,Campbell (1994),NA,NA,NA,NA,NA,NA,NA,NA,NA,NA,NA,NA,NA,NA,,,,,,
37116223,Carberry (2003),0.0342,0.0342,0.1838,0.1838,NA,NA,NA,NA,NA,NA,NA,NA,NA,NA,NA,NA,NA,NA,NA,NA
37093351,Carlton (1985),0.3667,0.3667,0.363,0.363,0.4156,0.4156,0.3806,0.3806,NA,NA,NA,NA,NA,NA,NA,NA,NA,NA,NA,NA
40117117,Cason (1995),0.2031,0.2031,0.1054,0.1054,NA,NA,NA,NA,NA,NA,NA,NA,NA,NA,NA,NA,NA,NA,NA,NA
39253388,Chaplin (2006),NA,NA,NA,NA,NA,NA,NA,NA,NA,NA,NA,NA,NA,NA,,,,,,
40117193,Chase (2000),0.16,0.16,0.6,0.6,0.7,0.7,NA,NA,NA,NA,NA,NA,NA,NA,NA,NA,NA,NA,NA,NA
40117118,Chen (1994),NA,NA,NA,NA,NA,NA,NA,NA,NA,NA,NA,NA,NA,NA,,,,,,
37116229,Chu (2017),0.5242,0.5242,NA,NA,NA,NA,NA,NA,NA,NA,NA,NA,NA,NA,NA,NA,NA,NA,NA,NA
37671546,Clarke (2017),-0.2308,-0.2308,0.4545,0.4545,0.0665,0.0665,0.226,0.226,0.0855,0.0855,NA,NA,NA,NA,NA,NA,NA,NA,NA,NA
39253281,Cleary (2001),0.9813,0.9813,NA,NA,NA,NA,NA,NA,NA,NA,NA,NA,NA,NA,NA,NA,NA,NA,NA,NA
37092576,Coe (2011),0.11,0.11,0.07,0.07,0.117,0.117,0.132,0.132,0.144,0.144,0.112,0.112,0.054,0.054,NA,NA,NA,NA,NA,NA
37671598,Cole (2009),1.4227,1.4227,0.411,0.411,NA,NA,NA,NA,NA,NA,NA,NA,NA,NA,NA,NA,NA,NA,NA,NA
40117120,Consolie (1999),1.027,1.027,NA,NA,NA,NA,NA,NA,NA,NA,NA,NA,NA,NA,NA,NA,NA,NA,NA,NA
43090135,Cooper (2016) PT,0.0836,0.0836,NA,NA,NA,NA,NA,NA,NA,NA,NA,NA,NA,NA,NA,NA,NA,NA,NA,NA
37671620,Cooper (2016) TA,0.0241,0.0241,NA,NA,NA,NA,NA,NA,NA,NA,NA,NA,NA,NA,NA,NA,NA,NA,NA,NA
40117121,Costa (1987),0.0,0.0,0.0,0.0,0.0,0.0,NA,NA,NA,NA,NA,NA,NA,NA,NA,NA,NA,NA,NA,NA
37093542,Craker (1981),0.3321,0.3321,0.5374,0.5374,0.0722,0.0722,0.4057,0.4057,NA,NA,NA,NA,NA,NA,NA,NA,NA,NA,NA,NA
37091026,Crutcher (1975),0.8734,0.8734,0.8215,0.8215,0.8215,0.8215,0.8734,0.8734,NA,NA,NA,NA,NA,NA,NA,NA,NA,NA,NA,NA
39253200,Culp (1973),NA,NA,NA,NA,NA,NA,NA,NA,NA,NA,NA,NA,NA,NA,,,,,,
39253314,D'Agostino (1995),-0.1222,-0.1222,-0.1281,-0.1281,NA,NA,NA,NA,NA,NA,NA,NA,NA,NA,NA,NA,NA,NA,NA,NA
37093543,Davenport (1999),0.4624,0.4624,NA,NA,NA,NA,NA,NA,NA,NA,NA,NA,NA,NA,NA,NA,NA,NA,NA,NA
39253203,David (1974) 1_1,0.3923,0.3923,-0.0344,-0.0344,-0.1053,-0.1053,NA,NA,NA,NA,NA,NA,NA,NA,NA,NA,NA,NA,NA,NA
43090138,David (1974) 1_2,-0.2723,-0.2723,NA,NA,NA,NA,NA,NA,NA,NA,NA,NA,NA,NA,NA,NA,NA,NA,NA,NA
40117246,DeCicca (2007),NA,NA,NA,NA,NA,NA,NA,NA,NA,NA,NA,NA,NA,NA,,,,,,
40117123,DeLaro (1994),NA,NA,NA,NA,NA,NA,NA,NA,NA,NA,NA,NA,NA,NA,,,,,,
37093616,Dion (2011),0.3624,0.3624,0.3624,0.3624,0.2777,0.2777,0.2819,0.2819,NA,NA,NA,NA,NA,NA,NA,NA,NA,NA,NA,NA
37671548,Dockrell (2015),0.4,0.4,0.17,0.17,0.26,0.26,0.2,0.2,0.5,0.5,0.06,0.06,0.1,0.1,NA,NA,NA,NA,NA,NA
43090143,Dorval (1978) TA,1.1638,1.1638,NA,NA,NA,NA,NA,NA,NA,NA,NA,NA,NA,NA,NA,NA,NA,NA,NA,NA
37091027,Dubrule (1984),NA,NA,NA,NA,NA,NA,NA,NA,NA,NA,NA,NA,NA,NA,,,,,,
37093544,Duff (1974),0.7486,0.7486,NA,NA,NA,NA,NA,NA,NA,NA,NA,NA,NA,NA,NA,NA,NA,NA,NA,NA
37671600,Duff (2014),0.0886,0.0886,0.0229,0.0229,0.0,0.0,NA,NA,NA,NA,NA,NA,NA,NA,NA,NA,NA,NA,NA,NA
40117126,Dunn (1996),0.0,0.0,NA,NA,NA,NA,NA,NA,NA,NA,NA,NA,NA,NA,NA,NA,NA,NA,NA,NA
39253282,Durand (2002),0.0547,0.0547,-0.0277,-0.0277,0.0113,0.0113,-0.0463,-0.0463,0.0642,0.0642,-0.0764,-0.0764,NA,NA,NA,NA,NA,NA,NA,NA
39253283,Dwight (2010),0.4945,0.4945,NA,NA,NA,NA,NA,NA,NA,NA,NA,NA,NA,NA,NA,NA,NA,NA,NA,NA
40117194,Dynarski (2004),0.04,0.04,NA,NA,NA,NA,NA,NA,NA,NA,NA,NA,NA,NA,NA,NA,NA,NA,NA,NA
37133886,Early (1998),0.7208,0.7208,1.0479,1.0479,0.5282,0.5282,NA,NA,NA,NA,NA,NA,NA,NA,NA,NA,NA,NA,NA,NA
37092761,Eggen (1978),0.6851,0.6851,0.3952,0.3952,NA,NA,NA,NA,NA,NA,NA,NA,NA,NA,NA,NA,NA,NA,NA,NA
40294902,Ehlinger (1988) FB,-0.0093,-0.0093,0.2369,0.2369,NA,NA,NA,NA,NA,NA,NA,NA,NA,NA,NA,NA,NA,NA,NA,NA
38878251,Ehri (2007) SGT,0.1764,0.1764,0.2253,0.2253,NA,NA,NA,NA,NA,NA,NA,NA,NA,NA,NA,NA,NA,NA,NA,NA
39253253,Ellers (2009),-0.1981,-0.1981,NA,NA,NA,NA,NA,NA,NA,NA,NA,NA,NA,NA,NA,NA,NA,NA,NA,NA
37061114,Elliot (1986),0.0219,0.0219,0.3761,0.3761,0.0192,0.0192,0.2926,0.2926,NA,NA,NA,NA,NA,NA,NA,NA,NA,NA,NA,NA
40117128,Elsberry (1992),0.5468,0.5468,0.2001,0.2001,0.1558,0.1558,0.1554,0.1554,0.7437,0.7437,0.7374,0.7374,NA,NA,NA,NA,NA,NA,NA,NA
37093353,Erickson (1972),-0.1592,-0.1592,0.3986,0.3986,NA,NA,NA,NA,NA,NA,NA,NA,NA,NA,NA,NA,NA,NA,NA,NA
40117129,Espinosa (2000),NA,NA,NA,NA,NA,NA,NA,NA,NA,NA,NA,NA,NA,NA,,,,,,
37093472,Fantuzzo (1992),1.5376,1.5376,0.1665,0.1665,NA,NA,NA,NA,NA,NA,NA,NA,NA,NA,NA,NA,NA,NA,NA,NA
37093471,Fantuzzo (1995),0.342,0.342,0.3467,0.3467,0.7332,0.7332,NA,NA,NA,NA,NA,NA,NA,NA,NA,NA,NA,NA,NA,NA
38878265,Fien (2011),0.5644,0.5644,-0.0452,-0.0452,0.6593,0.6593,NA,NA,NA,NA,NA,NA,NA,NA,NA,NA,NA,NA,NA,NA
40117274,Finch (1997),0.0958,0.0958,NA,NA,NA,NA,NA,NA,NA,NA,NA,NA,NA,NA,NA,NA,NA,NA,NA,NA
37093506,Fisher (2001),2.5755,2.5755,3.0744,3.0744,NA,NA,NA,NA,NA,NA,NA,NA,NA,NA,NA,NA,NA,NA,NA,NA
37092577,Fitzgerald (1987),0.7,0.7,0.8871,0.8871,NA,NA,NA,NA,NA,NA,NA,NA,NA,NA,NA,NA,NA,NA,NA,NA
37133895,Fitz-Gibbon (1990),0.2506,0.2506,NA,NA,NA,NA,NA,NA,NA,NA,NA,NA,NA,NA,NA,NA,NA,NA,NA,NA
39253205,Fonzi (1984),-0.3837,-0.3837,-0.0414,-0.0414,-0.3757,-0.3757,-0.0557,-0.0557,NA,NA,NA,NA,NA,NA,NA,NA,NA,NA,NA,NA
37092578,Franzke (2005),0.11,0.11,NA,NA,NA,NA,NA,NA,NA,NA,NA,NA,NA,NA,NA,NA,NA,NA,NA,NA
37671552,Fricke (2013),0.4,0.4,0.4616,0.4616,0.5184,0.5184,0.97,0.97,NA,NA,NA,NA,NA,NA,NA,NA,NA,NA,NA,NA
37671553,Fricke (2017),0.2842,0.2842,0.2222,0.2222,0.0187,0.0187,0.1743,0.1743,NA,NA,NA,NA,NA,NA,NA,NA,NA,NA,NA,NA
37091029,Fuchs (1984),0.348,0.348,0.169,0.169,0.454,0.454,0.348,0.348,NA,NA,NA,NA,NA,NA,NA,NA,NA,NA,NA,NA
37092579,Fuchs (1989),-0.1053,-0.1053,-0.0925,-0.0925,NA,NA,NA,NA,NA,NA,NA,NA,NA,NA,NA,NA,NA,NA,NA,NA
37092580,Fuchs (1991),-0.6955,-0.6955,NA,NA,NA,NA,NA,NA,NA,NA,NA,NA,NA,NA,NA,NA,NA,NA,NA,NA
37092581,Fuchs (1991),1.5748,1.5748,NA,NA,NA,NA,NA,NA,NA,NA,NA,NA,NA,NA,NA,NA,NA,NA,NA,NA
40294904,Fuchs (1994) FB,0.2685,0.2685,0.6656,0.6656,0.2014,0.2014,-0.0443,-0.0443,0.4374,0.4374,0.9421,0.9421,0.1941,0.1941,1.0513,1.0513,NA,NA,NA,NA
37093553,Fuchs (1995),0.6189,0.6189,0.2699,0.2699,0.1559,0.1559,NA,NA,NA,NA,NA,NA,NA,NA,NA,NA,NA,NA,NA,NA
37093549,Fuchs (1997),0.0,0.0,0.3962,0.3962,0.1222,0.1222,0.4911,0.4911,0.7097,0.7097,0.8046,0.8046,NA,NA,NA,NA,NA,NA,NA,NA
37093550,Fuchs (1997),0.2377,0.2377,0.3538,0.3538,NA,NA,NA,NA,NA,NA,NA,NA,NA,NA,NA,NA,NA,NA,NA,NA
37093524,Fuchs (1997),0.6682,0.6682,-0.0981,-0.0981,0.8444,0.8444,0.2243,0.2243,0.826,0.826,0.5328,0.5328,NA,NA,NA,NA,NA,NA,NA,NA
37133902,Fuchs (1998),-0.3547,-0.3547,0.1136,0.1136,0.0765,0.0765,NA,NA,NA,NA,NA,NA,NA,NA,NA,NA,NA,NA,NA,NA
37093618,Fuchs (1999),0.074,0.074,0.4772,0.4772,NA,NA,NA,NA,NA,NA,NA,NA,NA,NA,NA,NA,NA,NA,NA,NA
37093551,Fuchs (1999),0.0461,0.0461,0.0303,0.0303,NA,NA,NA,NA,NA,NA,NA,NA,NA,NA,NA,NA,NA,NA,NA,NA
37093523,Fuchs (2001),0.418,0.418,NA,NA,NA,NA,NA,NA,NA,NA,NA,NA,NA,NA,NA,NA,NA,NA,NA,NA
37116212,Fuchs (2002),0.2956,0.2956,-0.0373,-0.0373,NA,NA,NA,NA,NA,NA,NA,NA,NA,NA,NA,NA,NA,NA,NA,NA
40117132,Gandara (1994),NA,NA,NA,NA,NA,NA,NA,NA,NA,NA,NA,NA,NA,NA,,,,,,
37133906,Gardner (1973),0.4183,0.4183,0.7808,0.7808,0.8731,0.8731,0.3218,0.3218,0.5703,0.5703,1.3149,1.3149,NA,NA,NA,NA,NA,NA,NA,NA
37093555,Gardner (1982),0.4183,0.4183,0.7808,0.7808,0.8731,0.8731,0.3218,0.3218,0.5703,0.5703,1.3149,1.3149,NA,NA,NA,NA,NA,NA,NA,NA
40117276,Gentilcore (2002),0.0004,0.0004,NA,NA,NA,NA,NA,NA,NA,NA,NA,NA,NA,NA,NA,NA,NA,NA,NA,NA
37061127,Gherfal (1982),0.8758,0.8758,NA,NA,NA,NA,NA,NA,NA,NA,NA,NA,NA,NA,NA,NA,NA,NA,NA,NA
37671623,Gibbs (2001),1.62,1.62,0.47,0.47,1.58,1.58,NA,NA,NA,NA,NA,NA,NA,NA,NA,NA,NA,NA,NA,NA
37093477,Ginsburg-Block (1997),0.6767,0.6767,NA,NA,NA,NA,NA,NA,NA,NA,NA,NA,NA,NA,NA,NA,NA,NA,NA,NA
37093478,Ginsburg-Block (1998),0.6138,0.6138,0.3209,0.3209,0.7152,0.7152,NA,NA,NA,NA,NA,NA,NA,NA,NA,NA,NA,NA,NA,NA
37092650,Glover (1989),0.2862,0.2862,NA,NA,NA,NA,NA,NA,NA,NA,NA,NA,NA,NA,NA,NA,NA,NA,NA,NA
37133911,Gmitter (1989),0.224,0.224,0.9244,0.9244,0.5044,0.5044,0.4748,0.4748,0.2855,0.2855,0.4668,0.4668,0.7778,0.7778,0.6655,0.6655,NA,NA,NA,NA
37671603,Goetz (2008),0.8,0.8,1.03,1.03,NA,NA,NA,NA,NA,NA,NA,NA,NA,NA,NA,NA,NA,NA,NA,NA
38296617,Gorard (2014),0.237,0.237,0.3616,0.3616,0.31,0.31,0.39,0.39,NA,NA,NA,NA,NA,NA,NA,NA,NA,NA,NA,NA
38296615,Gorard (2015),0.2396,0.2396,0.3808,0.3808,NA,NA,NA,NA,NA,NA,NA,NA,NA,NA,NA,NA,NA,NA,NA,NA
38296616,Gorard (2015),0.2392,0.2392,0.2022,0.2022,NA,NA,NA,NA,NA,NA,NA,NA,NA,NA,NA,NA,NA,NA,NA,NA
40117250,Gottfredson (2010),0.0,0.0,NA,NA,NA,NA,NA,NA,NA,NA,NA,NA,NA,NA,NA,NA,NA,NA,NA,NA
38878252,Gottshall (2007),0.1212,0.1212,0.0681,0.0681,0.4741,0.4741,0.0329,0.0329,NA,NA,NA,NA,NA,NA,NA,NA,NA,NA,NA,NA
37093559,Goyen (1994),0.9327,0.9327,2.3005,2.3005,1.2552,1.2552,NA,NA,NA,NA,NA,NA,NA,NA,NA,NA,NA,NA,NA,NA
37671634,Graham (2007),-1.0781,-1.0781,-1.2057,-1.2057,0.738,0.738,0.3553,0.3553,NA,NA,NA,NA,NA,NA,NA,NA,NA,NA,NA,NA
37671557,Graves (2010),0.3178,0.3178,0.2677,0.2677,0.4369,0.4369,0.145,0.145,NA,NA,NA,NA,NA,NA,NA,NA,NA,NA,NA,NA
37671558,Gray (2007),1.1499,1.1499,NA,NA,NA,NA,NA,NA,NA,NA,NA,NA,NA,NA,NA,NA,NA,NA,NA,NA
37093560,Greenwood (1989),0.3778,0.3778,0.6069,0.6069,NA,NA,NA,NA,NA,NA,NA,NA,NA,NA,NA,NA,NA,NA,NA,NA
37133917,Gregg (1994),0.5051,0.5051,1.1317,1.1317,0.8979,0.8979,1.9478,1.9478,NA,NA,NA,NA,NA,NA,NA,NA,NA,NA,NA,NA
40117251,Grolnick (2007),0.0438,0.0438,0.2822,0.2822,0.0493,0.0493,NA,NA,NA,NA,NA,NA,NA,NA,NA,NA,NA,NA,NA,NA
37092582,Guastello (2001) FB,2.18,2.18,NA,NA,NA,NA,NA,NA,NA,NA,NA,NA,NA,NA,NA,NA,NA,NA,NA,NA
37133918,Gudbrandsen (2005) PT,0.4855,0.4855,0.0789,0.0789,NA,NA,NA,NA,NA,NA,NA,NA,NA,NA,NA,NA,NA,NA,NA,NA
37671515,Guerrero (2015),0.4,0.4,0.6,0.6,NA,NA,NA,NA,NA,NA,NA,NA,NA,NA,NA,NA,NA,NA,NA,NA
38878253,Gunn (2005),0.2275,0.2275,0.3065,0.3065,0.2236,0.2236,NA,NA,NA,NA,NA,NA,NA,NA,NA,NA,NA,NA,NA,NA
37671559,Gwernan-Jones (2018),1.8775,1.8775,1.664,1.664,0.6437,0.6437,NA,NA,NA,NA,NA,NA,NA,NA,NA,NA,NA,NA,NA,NA
40117134,Haenn (1996),-0.306,-0.306,0.0133,0.0133,0.0067,0.0067,0.122,0.122,NA,NA,NA,NA,NA,NA,NA,NA,NA,NA,NA,NA
37671520,Haley (2017),-0.0485,-0.0485,0.1044,0.1044,0.2524,0.2524,0.1001,0.1001,0.46,0.46,0.2309,0.2309,NA,NA,NA,NA,NA,NA,NA,NA
37092655,Hanna (1976),0.2276,0.2276,NA,NA,NA,NA,NA,NA,NA,NA,NA,NA,NA,NA,NA,NA,NA,NA,NA,NA
37133919,Hannah (2008),0.6582,0.6582,NA,NA,NA,NA,NA,NA,NA,NA,NA,NA,NA,NA,NA,NA,NA,NA,NA,NA
37116213,Hardegree (2012),0.0,0.0,0.0228,0.0228,-0.2816,-0.2816,NA,NA,NA,NA,NA,NA,NA,NA,NA,NA,NA,NA,NA,NA
37091033,Haring (1975),1.1571,1.1571,NA,NA,NA,NA,NA,NA,NA,NA,NA,NA,NA,NA,NA,NA,NA,NA,NA,NA
39253318,Harlow (2001),NA,NA,NA,NA,NA,NA,NA,NA,NA,NA,NA,NA,NA,NA,,,,,,
40117135,Hasselmeier (1997),0.502,0.502,NA,NA,NA,NA,NA,NA,NA,NA,NA,NA,NA,NA,NA,NA,NA,NA,NA,NA
37671562,Hatcher (2006),0.1236,0.1236,0.69,0.69,0.1795,0.1795,0.79,0.79,NA,NA,NA,NA,NA,NA,NA,NA,NA,NA,NA,NA
40117175,Hausner (2000),0.1394,0.1394,0.3961,0.3961,0.0804,0.0804,0.0165,0.0165,NA,NA,NA,NA,NA,NA,NA,NA,NA,NA,NA,NA
39253285,Haymon (2009),-0.1883,-0.1883,NA,NA,NA,NA,NA,NA,NA,NA,NA,NA,NA,NA,NA,NA,NA,NA,NA,NA
40117136,Heaberlin (2000),-0.5011,-0.5011,0.6356,0.6356,-0.0272,-0.0272,0.2629,0.2629,0.0008,0.0008,-0.337,-0.337,NA,NA,NA,NA,NA,NA,NA,NA
37093480,Heller (1992),0.9424,0.9424,NA,NA,NA,NA,NA,NA,NA,NA,NA,NA,NA,NA,NA,NA,NA,NA,NA,NA
37133921,Hilger (2000),0.2994,0.2994,0.1762,0.1762,NA,NA,NA,NA,NA,NA,NA,NA,NA,NA,NA,NA,NA,NA,NA,NA
39253320,Hink (1986),0.4107,0.4107,-0.0428,-0.0428,NA,NA,NA,NA,NA,NA,NA,NA,NA,NA,NA,NA,NA,NA,NA,NA
40117252,Hirsch (2011),0.1012,0.1012,NA,NA,NA,NA,NA,NA,NA,NA,NA,NA,NA,NA,NA,NA,NA,NA,NA,NA
40117253,Hobbs (2012),0.0354,0.0354,NA,NA,NA,NA,NA,NA,NA,NA,NA,NA,NA,NA,NA,NA,NA,NA,NA,NA
40398941,Hodgen (2019),0.1278,0.1278,NA,NA,NA,NA,NA,NA,NA,NA,NA,NA,NA,NA,NA,NA,NA,NA,NA,NA
37092584,Holman (2011),0.341,0.341,0.2388,0.2388,NA,NA,NA,NA,NA,NA,NA,NA,NA,NA,NA,NA,NA,NA,NA,NA
37671521,Holmes (2013),0.4,0.4,0.47,0.47,NA,NA,NA,NA,NA,NA,NA,NA,NA,NA,NA,NA,NA,NA,NA,NA
39253321,Howes (1989),-0.1407,-0.1407,NA,NA,NA,NA,NA,NA,NA,NA,NA,NA,NA,NA,NA,NA,NA,NA,NA,NA
37092768,Hughes (1973),0.8152,0.8152,NA,NA,NA,NA,NA,NA,NA,NA,NA,NA,NA,NA,NA,NA,NA,NA,NA,NA
37671626,Hund-Reid (2008),1.3878,1.3878,0.4515,0.4515,0.0,0.0,1.6677,1.6677,0.5901,0.5901,NA,NA,NA,NA,NA,NA,NA,NA,NA,NA
37671605,Hund-Reid (2013),2.1,2.1,1.2,1.2,1.0,1.0,1.4,1.4,NA,NA,NA,NA,NA,NA,NA,NA,NA,NA,NA,NA
37061117,Hymel (1980),NA,NA,NA,NA,NA,NA,NA,NA,NA,NA,NA,NA,NA,NA,,,,,,
37133923,Inglis (2002),0.5322,0.5322,NA,NA,NA,NA,NA,NA,NA,NA,NA,NA,NA,NA,NA,NA,NA,NA,NA,NA
37116224,Jackson (2016),0.4846,0.4846,0.2787,0.2787,NA,NA,NA,NA,NA,NA,NA,NA,NA,NA,NA,NA,NA,NA,NA,NA
39253390,Jacob (2004),0.5969,0.5969,0.3302,0.3302,0.173,0.173,0.0984,0.0984,NA,NA,NA,NA,NA,NA,NA,NA,NA,NA,NA,NA
37061115,Jacobs (1966),-0.2093,-0.2093,-0.9136,-0.9136,-0.392,-0.392,NA,NA,NA,NA,NA,NA,NA,NA,NA,NA,NA,NA,NA,NA
37093509,Jacobson (2001),0.4851,0.4851,NA,NA,NA,NA,NA,NA,NA,NA,NA,NA,NA,NA,NA,NA,NA,NA,NA,NA
37671565,Jason (1994),0.3948,0.3948,0.5426,0.5426,0.5906,0.5906,NA,NA,NA,NA,NA,NA,NA,NA,NA,NA,NA,NA,NA,NA
40294914,Jenkins (1991) PT,-0.2185,-0.2185,-0.2185,-0.2185,0.1697,0.1697,0.2264,0.2264,NA,NA,NA,NA,NA,NA,NA,NA,NA,NA,NA,NA
40117256,Jenner (2007),NA,NA,NA,NA,NA,NA,NA,NA,NA,NA,NA,NA,NA,NA,,,,,,
37092585,Jewell (2003),0.1308,0.1308,0.1077,0.1077,NA,NA,NA,NA,NA,NA,NA,NA,NA,NA,NA,NA,NA,NA,NA,NA
40117137,Johnson (1984),1.05,1.05,NA,NA,NA,NA,NA,NA,NA,NA,NA,NA,NA,NA,NA,NA,NA,NA,NA,NA
37671627,Jones (2016),0.3045,0.3045,NA,NA,NA,NA,NA,NA,NA,NA,NA,NA,NA,NA,NA,NA,NA,NA,NA,NA
37093568,Kahl (1994),0.6824,0.6824,NA,NA,NA,NA,NA,NA,NA,NA,NA,NA,NA,NA,NA,NA,NA,NA,NA,NA
37116222,Karagiannakis (2008),0.4138,0.4138,0.1005,0.1005,NA,NA,NA,NA,NA,NA,NA,NA,NA,NA,NA,NA,NA,NA,NA,NA
40117257,Kauh (2011),-0.01,-0.01,0.09,0.09,0.01,0.01,NA,NA,NA,NA,NA,NA,NA,NA,NA,NA,NA,NA,NA,NA
37091034,King (1983),-0.0539,-0.0539,NA,NA,NA,NA,NA,NA,NA,NA,NA,NA,NA,NA,NA,NA,NA,NA,NA,NA
37092606,King (2003),-0.2365,-0.2365,NA,NA,NA,NA,NA,NA,NA,NA,NA,NA,NA,NA,NA,NA,NA,NA,NA,NA
38296632,King (2015),-0.05,-0.05,-0.07,-0.07,0.01,0.01,0.2,0.2,0.17,0.17,0.3,0.3,NA,NA,NA,NA,NA,NA,NA,NA
40117138,Kneese (1996),0.3104,0.3104,0.2817,0.2817,NA,NA,NA,NA,NA,NA,NA,NA,NA,NA,NA,NA,NA,NA,NA,NA
40117141,Kneese (2000),0.0,0.0,NA,NA,NA,NA,NA,NA,NA,NA,NA,NA,NA,NA,NA,NA,NA,NA,NA,NA
39253322,Kociemba (1995),NA,NA,NA,NA,NA,NA,NA,NA,NA,NA,NA,NA,NA,NA,,,,,,
37092607,Koedinger (2010),0.1951,0.1951,NA,NA,NA,NA,NA,NA,NA,NA,NA,NA,NA,NA,NA,NA,NA,NA,NA,NA
40294919,Kolic-Vehovec (2002) FB,NA,NA,NA,NA,NA,NA,NA,NA,NA,NA,NA,NA,NA,NA,,,,,,
37092586,Kozlow (2004),-0.1027,-0.1027,-0.0825,-0.0825,0.0997,0.0997,0.0061,0.0061,0.0642,0.0642,0.0924,0.0924,-0.0531,-0.0531,0.0,0.0,-0.0012,-0.0012,NA,NA
40294920,Kramarski (2009) FB,0.1689,0.1689,0.8312,0.8312,1.4858,1.4858,1.4835,1.4835,0.9732,0.9732,1.3425,1.3425,1.2103,1.2103,NA,NA,NA,NA,NA,NA
40117142,Kuner-Roth (1985),NA,NA,NA,NA,NA,NA,NA,NA,NA,NA,NA,NA,NA,NA,,,,,,
37092670,Lacher (1983),0.5182,0.5182,0.6291,0.6291,NA,NA,NA,NA,NA,NA,NA,NA,NA,NA,NA,NA,NA,NA,NA,NA
37093356,Lamport (1982),-0.2177,-0.2177,0.4748,0.4748,-0.1276,-0.1276,1.1579,1.1579,0.0801,0.0801,0.4254,0.4254,NA,NA,NA,NA,NA,NA,NA,NA
40117259,Langberg (2007),0.3419,0.3419,NA,NA,NA,NA,NA,NA,NA,NA,NA,NA,NA,NA,NA,NA,NA,NA,NA,NA
40117258,Langberg (2008),0.2702,0.2702,-0.6988,-0.6988,NA,NA,NA,NA,NA,NA,NA,NA,NA,NA,NA,NA,NA,NA,NA,NA
40117206,Lauver (2002),0.0639,0.0639,0.1081,0.1081,0.0871,0.0871,NA,NA,NA,NA,NA,NA,NA,NA,NA,NA,NA,NA,NA,NA
39253323,LeBoff (1995),NA,NA,NA,NA,NA,NA,NA,NA,NA,NA,NA,NA,NA,NA,,,,,,
40117260,Lee (2006),0.0,0.0,0.0,0.0,NA,NA,NA,NA,NA,NA,NA,NA,NA,NA,NA,NA,NA,NA,NA,NA
37671606,Lee (2016),0.0408,0.0408,0.228,0.228,0.2445,0.2445,NA,NA,NA,NA,NA,NA,NA,NA,NA,NA,NA,NA,NA,NA
40117283,Legro (1990),0.1887,0.1887,0.1868,0.1868,NA,NA,NA,NA,NA,NA,NA,NA,NA,NA,NA,NA,NA,NA,NA,NA
38878267,Lennon (1999),NA,NA,NA,NA,NA,NA,NA,NA,NA,NA,NA,NA,NA,NA,,,,,,
40117284,Leslie (1998),NA,NA,NA,NA,NA,NA,NA,NA,NA,NA,NA,NA,NA,NA,,,,,,
39253220,Leviton (1973),0.2868,0.2868,0.0312,0.0312,0.8531,0.8531,0.2093,0.2093,NA,NA,NA,NA,NA,NA,NA,NA,NA,NA,NA,NA
39253291,Li (2009),0.3965,0.3965,0.7184,0.7184,NA,NA,NA,NA,NA,NA,NA,NA,NA,NA,NA,NA,NA,NA,NA,NA
40117261,Lightner (2010),0.7923,0.7923,0.6332,0.6332,NA,NA,NA,NA,NA,NA,NA,NA,NA,NA,NA,NA,NA,NA,NA,NA
39253292,Linder (2004),0.62,0.62,NA,NA,NA,NA,NA,NA,NA,NA,NA,NA,NA,NA,NA,NA,NA,NA,NA,NA
38296633,Lloyd (2015),0.02,0.02,-0.06,-0.06,0.0,0.0,-0.13,-0.13,NA,NA,NA,NA,NA,NA,NA,NA,NA,NA,NA,NA
38296634,Lloyd (2015),0.02,0.02,0.01,0.01,-0.05,-0.05,0.05,0.05,NA,NA,NA,NA,NA,NA,NA,NA,NA,NA,NA,NA
40294923,Lowenthal (1981) SGT,NA,NA,NA,NA,NA,NA,NA,NA,NA,NA,NA,NA,NA,NA,,,,,,
39253327,Luftig (2003) 1_1,NA,NA,NA,NA,NA,NA,NA,NA,NA,NA,NA,NA,NA,NA,,,,,,
43090171,Luftig (2003) 1_2,0.87,0.87,1.098,1.098,NA,NA,NA,NA,NA,NA,NA,NA,NA,NA,NA,NA,NA,NA,NA,NA
37092587,Lumbelli (1999),0.6638,0.6638,0.8441,0.8441,NA,NA,NA,NA,NA,NA,NA,NA,NA,NA,NA,NA,NA,NA,NA,NA
37092588,MacArthur (1991),1.059,1.059,-0.6349,-0.6349,1.0056,1.0056,NA,NA,NA,NA,NA,NA,NA,NA,NA,NA,NA,NA,NA,NA
37671566,MacLeod (2007),NA,NA,NA,NA,NA,NA,NA,NA,NA,NA,NA,NA,NA,NA,,,,,,
39253391,Mariano (2013),0.13,0.13,0.069,0.069,NA,NA,NA,NA,NA,NA,NA,NA,NA,NA,NA,NA,NA,NA,NA,NA
37093622,Mathes (1993),0.5,0.5,0.3,0.3,-0.05,-0.05,NA,NA,NA,NA,NA,NA,NA,NA,NA,NA,NA,NA,NA,NA
37093577,Mathes (1998),1.1094,1.1094,0.0868,0.0868,0.7796,0.7796,0.2664,0.2664,0.5307,0.5307,NA,NA,NA,NA,NA,NA,NA,NA,NA,NA
37116235,Mathes (2001) PT 1_1,0.806,0.806,1.1472,1.1472,1.4998,1.4998,0.2691,0.2691,NA,NA,NA,NA,NA,NA,NA,NA,NA,NA,NA,NA
46325689,Mathes (2001) PT 1_2,NA,NA,NA,NA,NA,NA,NA,NA,NA,NA,NA,NA,NA,NA,,,,,,
37116234,Mathes (2003),0.5849,0.5849,1.0131,1.0131,0.6781,0.6781,0.6497,0.6497,0.4878,0.4878,0.7091,0.7091,0.6447,0.6447,0.4079,0.4079,0.6286,0.6286,1.6927,1.6927
38878258,Mathes (2005) 1_1,0.0592,0.0592,0.2222,0.2222,0.2983,0.2983,0.0,0.0,NA,NA,NA,NA,NA,NA,NA,NA,NA,NA,NA,NA
40294924,Mathes (2005) 1_2,0.1894,0.1894,0.1058,0.1058,0.1891,0.1891,0.1249,0.1249,0.3533,0.3533,NA,NA,NA,NA,NA,NA,NA,NA,NA,NA
39253392,Matsudaira (2008),-1.2949,-1.2949,-173.3223,-173.3223,NA,NA,NA,NA,NA,NA,NA,NA,NA,NA,NA,NA,NA,NA,NA,NA
40117146,Matty (1978),0.87,0.87,NA,NA,NA,NA,NA,NA,NA,NA,NA,NA,NA,NA,NA,NA,NA,NA,NA,NA
38296644,Maxwell (2014),0.13,0.13,0.22,0.22,0.26,0.26,-0.1,-0.1,0.19,0.19,-0.2,-0.2,NA,NA,NA,NA,NA,NA,NA,NA
37092684,McClintock (1975),0.9103,0.9103,NA,NA,NA,NA,NA,NA,NA,NA,NA,NA,NA,NA,NA,NA,NA,NA,NA,NA
37093360,McCracken (1979),2.1301,2.1301,1.3667,1.3667,NA,NA,NA,NA,NA,NA,NA,NA,NA,NA,NA,NA,NA,NA,NA,NA
40117357,McKinney (1995),NA,NA,NA,NA,NA,NA,NA,NA,NA,NA,NA,NA,NA,NA,,,,,,
37671568,McNally (2016) Study 1_1,0.231,0.231,0.096,0.096,0.138,0.138,0.107,0.107,0.396,0.396,NA,NA,NA,NA,NA,NA,NA,NA,NA,NA
39253295,Meehan (2005),-0.057,-0.057,NA,NA,NA,NA,NA,NA,NA,NA,NA,NA,NA,NA,NA,NA,NA,NA,NA,NA
40117358,Meier (2001),0.3433,0.3433,0.0882,0.0882,NA,NA,NA,NA,NA,NA,NA,NA,NA,NA,NA,NA,NA,NA,NA,NA
39253296,Melosh (2003),0.44,0.44,0.2,0.2,0.02,0.02,0.1,0.1,NA,NA,NA,NA,NA,NA,NA,NA,NA,NA,NA,NA
37133945,Menesses (2009),1.1215,1.1215,NA,NA,NA,NA,NA,NA,NA,NA,NA,NA,NA,NA,NA,NA,NA,NA,NA,NA
38296647,Menzies (2015),0.09,0.09,0.08,0.08,0.08,0.08,NA,NA,NA,NA,NA,NA,NA,NA,NA,NA,NA,NA,NA,NA
37671570,Merrell (2015),0.43,0.43,0.16,0.16,0.23,0.23,0.38,0.38,0.42,0.42,0.18,0.18,NA,NA,NA,NA,NA,NA,NA,NA
40294926,Merrett (1996) FB,-0.079,-0.079,0.7161,0.7161,NA,NA,NA,NA,NA,NA,NA,NA,NA,NA,NA,NA,NA,NA,NA,NA
37133947,Merrill (2002),0.0347,0.0347,-0.1865,-0.1865,0.3218,0.3218,0.5153,0.5153,0.1932,0.1932,-0.1587,-0.1587,NA,NA,NA,NA,NA,NA,NA,NA
37093581,Mevarech (1991),0.3601,0.3601,NA,NA,NA,NA,NA,NA,NA,NA,NA,NA,NA,NA,NA,NA,NA,NA,NA,NA
37093579,Mevarech (1993),0.2074,0.2074,-0.125,-0.125,1.2893,1.2893,0.0279,0.0279,-0.2525,-0.2525,0.2637,0.2637,NA,NA,NA,NA,NA,NA,NA,NA
37092589,Meyer (2010),0.0177,0.0177,0.08,0.08,0.008,0.008,0.09,0.09,0.3,0.3,NA,NA,NA,NA,NA,NA,NA,NA,NA,NA
37671572,Miller (2003),0.4114,0.4114,0.2357,0.2357,0.763,0.763,NA,NA,NA,NA,NA,NA,NA,NA,NA,NA,NA,NA,NA,NA
37091036,Mirkin (1979),0.3265,0.3265,1.46,1.46,-0.3014,-0.3014,0.4245,0.4245,NA,NA,NA,NA,NA,NA,NA,NA,NA,NA,NA,NA
40117150,Mitchell (1999),-0.0448,-0.0448,-0.0566,-0.0566,NA,NA,NA,NA,NA,NA,NA,NA,NA,NA,NA,NA,NA,NA,NA,NA
40117264,Molina (2008),0.4476,0.4476,0.5682,0.5682,NA,NA,NA,NA,NA,NA,NA,NA,NA,NA,NA,NA,NA,NA,NA,NA
40117289,Mooney (1986),0.5314,0.5314,NA,NA,NA,NA,NA,NA,NA,NA,NA,NA,NA,NA,NA,NA,NA,NA,NA,NA
43090186,Mooney (1986) PT,0.5314,0.5314,NA,NA,NA,NA,NA,NA,NA,NA,NA,NA,NA,NA,NA,NA,NA,NA,NA,NA
37061123,Moore (1961) 1_1,-0.2698,-0.2698,NA,NA,NA,NA,NA,NA,NA,NA,NA,NA,NA,NA,NA,NA,NA,NA,NA,NA
40294931,Moore (1961) 1_2,-0.2721,-0.2721,-0.4422,-0.4422,NA,NA,NA,NA,NA,NA,NA,NA,NA,NA,NA,NA,NA,NA,NA,NA
40294930,Moore (1993) PT,-0.1279,-0.1279,-0.0087,-0.0087,-0.0683,-0.0683,NA,NA,NA,NA,NA,NA,NA,NA,NA,NA,NA,NA,NA,NA
40117359,Morris (1990),0.9071,0.9071,0.7024,0.7024,0.3449,0.3449,0.7451,0.7451,NA,NA,NA,NA,NA,NA,NA,NA,NA,NA,NA,NA
40117214,Morrison (2000),-0.77,-0.77,NA,NA,NA,NA,NA,NA,NA,NA,NA,NA,NA,NA,NA,NA,NA,NA,NA,NA
37671607,Muijs (2003),0.098,0.098,NA,NA,NA,NA,NA,NA,NA,NA,NA,NA,NA,NA,NA,NA,NA,NA,NA,NA
37116214,Naseerali (2013),0.5222,0.5222,NA,NA,NA,NA,NA,NA,NA,NA,NA,NA,NA,NA,NA,NA,NA,NA,NA,NA
37092701,Neenan (1986) 1_1,-1.1446,-1.1446,-1.0621,-1.0621,-0.8421,-0.8421,-0.4809,-0.4809,NA,NA,NA,NA,NA,NA,NA,NA,NA,NA,NA,NA
37671575,Nelson (2010),0.6924,0.6924,-0.2714,-0.2714,0.1774,0.1774,1.3527,1.3527,NA,NA,NA,NA,NA,NA,NA,NA,NA,NA,NA,NA
40117215,Neufeld (1995),1.08,1.08,NA,NA,NA,NA,NA,NA,NA,NA,NA,NA,NA,NA,NA,NA,NA,NA,NA,NA
37133954,Novotni (1985),0.4112,0.4112,NA,NA,NA,NA,NA,NA,NA,NA,NA,NA,NA,NA,NA,NA,NA,NA,NA,NA
38296657,Nunes (2018),0.18,0.18,-0.03,-0.03,0.0,0.0,NA,NA,NA,NA,NA,NA,NA,NA,NA,NA,NA,NA,NA,NA
37093585,Oakland (1975),-0.5462,-0.5462,0.5828,0.5828,NA,NA,NA,NA,NA,NA,NA,NA,NA,NA,NA,NA,NA,NA,NA,NA
37092590,Olson (1990),0.4194,0.4194,NA,NA,NA,NA,NA,NA,NA,NA,NA,NA,NA,NA,NA,NA,NA,NA,NA,NA
37092703,Oner (1977),0.0,0.0,NA,NA,NA,NA,NA,NA,NA,NA,NA,NA,NA,NA,NA,NA,NA,NA,NA,NA
37092704,Onyehalu (1983),0.2499,0.2499,0.2499,0.2499,NA,NA,NA,NA,NA,NA,NA,NA,NA,NA,NA,NA,NA,NA,NA,NA
39253393,Opalinski (2006),-0.1993,-0.1993,-0.0705,-0.0705,NA,NA,NA,NA,NA,NA,NA,NA,NA,NA,NA,NA,NA,NA,NA,NA
40294937,Osguthorpe (1986) PT,0.1405,0.1405,NA,NA,NA,NA,NA,NA,NA,NA,NA,NA,NA,NA,NA,NA,NA,NA,NA,NA
40117154,Paloczy (1997),0.0078,0.0078,0.012,0.012,NA,NA,NA,NA,NA,NA,NA,NA,NA,NA,NA,NA,NA,NA,NA,NA
37133956,Paquette (2003),0.189,0.189,1.2677,1.2677,NA,NA,NA,NA,NA,NA,NA,NA,NA,NA,NA,NA,NA,NA,NA,NA
37092591,Paquette (2009) 1_1,0.0488,0.0488,NA,NA,NA,NA,NA,NA,NA,NA,NA,NA,NA,NA,NA,NA,NA,NA,NA,NA
40294939,Paquette (2009) 1_2,1.2677,1.2677,NA,NA,NA,NA,NA,NA,NA,NA,NA,NA,NA,NA,NA,NA,NA,NA,NA,NA
37133957,Parham (1993),0.2697,0.2697,NA,NA,NA,NA,NA,NA,NA,NA,NA,NA,NA,NA,NA,NA,NA,NA,NA,NA
39253299,Paris (2004),-0.0186,-0.0186,NA,NA,NA,NA,NA,NA,NA,NA,NA,NA,NA,NA,NA,NA,NA,NA,NA,NA
38296659,Patel (2017),0.001,0.001,0.03,0.03,NA,NA,NA,NA,NA,NA,NA,NA,NA,NA,NA,NA,NA,NA,NA,NA
37061141,Peeck (1979),0.2252,0.2252,NA,NA,NA,NA,NA,NA,NA,NA,NA,NA,NA,NA,NA,NA,NA,NA,NA,NA
37061139,Peeck (1985) 1_1,0.7436,0.7436,3.4628,3.4628,NA,NA,NA,NA,NA,NA,NA,NA,NA,NA,NA,NA,NA,NA,NA,NA
40294942,Peeck (1985) 1_2,0.7436,0.7436,0.708,0.708,NA,NA,NA,NA,NA,NA,NA,NA,NA,NA,NA,NA,NA,NA,NA,NA
37092708,Perkins (1988),1.39,1.39,1.0075,1.0075,NA,NA,NA,NA,NA,NA,NA,NA,NA,NA,NA,NA,NA,NA,NA,NA
40294947,Peterson (1979) SGT,-0.0869,-0.0869,-0.0919,-0.0919,-0.0613,-0.0613,NA,NA,NA,NA,NA,NA,NA,NA,NA,NA,NA,NA,NA,NA
37093590,Phelps (1989),0.5565,0.5565,NA,NA,NA,NA,NA,NA,NA,NA,NA,NA,NA,NA,NA,NA,NA,NA,NA,NA
37092592,Philippakos (2012),0.6262,0.6262,NA,NA,NA,NA,NA,NA,NA,NA,NA,NA,NA,NA,NA,NA,NA,NA,NA,NA
38878269,Pinnell (1994),0.2496,0.2496,0.3418,0.3418,NA,NA,NA,NA,NA,NA,NA,NA,NA,NA,NA,NA,NA,NA,NA,NA
40117157,Powers (1974),-0.0522,-0.0522,0.0107,0.0107,NA,NA,NA,NA,NA,NA,NA,NA,NA,NA,NA,NA,NA,NA,NA,NA
37092593,Prater (1993),0.1493,0.1493,0.6183,0.6183,0.6952,0.6952,0.3297,0.3297,NA,NA,NA,NA,NA,NA,NA,NA,NA,NA,NA,NA
40117291,Prenovost (2001),NA,NA,NA,NA,NA,NA,NA,NA,NA,NA,NA,NA,NA,NA,,,,,,
38878270,Ransford-Kaldon (2010),0.1913,0.1913,0.1956,0.1956,NA,NA,NA,NA,NA,NA,NA,NA,NA,NA,NA,NA,NA,NA,NA,NA
38878271,Rashotte (2001),0.5228,0.5228,NA,NA,NA,NA,NA,NA,NA,NA,NA,NA,NA,NA,NA,NA,NA,NA,NA,NA
37671611,Ratcliff (2009),0.1559,0.1559,-0.579,-0.579,-0.2053,-0.2053,0.2725,0.2725,0.0815,0.0815,NA,NA,NA,NA,NA,NA,NA,NA,NA,NA
39253229,Rawson (1993),NA,NA,NA,NA,NA,NA,NA,NA,NA,NA,NA,NA,NA,NA,,,,,,
39253334,Reed (2001),-0.7373,-0.7373,-0.1317,-0.1317,NA,NA,NA,NA,NA,NA,NA,NA,NA,NA,NA,NA,NA,NA,NA,NA
37092715,Reid (1988),0.9,0.9,NA,NA,NA,NA,NA,NA,NA,NA,NA,NA,NA,NA,NA,NA,NA,NA,NA,NA
40117178,Reisner (2004),0.42,0.42,0.79,0.79,NA,NA,NA,NA,NA,NA,NA,NA,NA,NA,NA,NA,NA,NA,NA,NA
39253335,Rembert (1986),NA,NA,NA,NA,NA,NA,NA,NA,NA,NA,NA,NA,NA,NA,,,,,,
37092594,Reynolds (1988),0.2429,0.2429,0.0492,0.0492,NA,NA,NA,NA,NA,NA,NA,NA,NA,NA,NA,NA,NA,NA,NA,NA
37092778,Rickards (1978),0.2122,0.2122,0.1336,0.1336,0.5727,0.5727,-0.338,-0.338,-0.0163,-0.0163,-0.8192,-0.8192,0.0379,0.0379,0.9,0.9,0.3582,0.3582,0.8,0.8
38296661,Rienzo (2016),-0.0208,-0.0208,0.2825,0.2825,0.1445,0.1445,0.265,0.265,NA,NA,NA,NA,NA,NA,NA,NA,NA,NA,NA,NA
39253336,Riley (1997),0.9453,0.9453,NA,NA,NA,NA,NA,NA,NA,NA,NA,NA,NA,NA,NA,NA,NA,NA,NA,NA
40117295,Riley (1997),0.5346,0.5346,NA,NA,NA,NA,NA,NA,NA,NA,NA,NA,NA,NA,NA,NA,NA,NA,NA,NA
40117160,Ritter (1992),-0.0507,-0.0507,NA,NA,NA,NA,NA,NA,NA,NA,NA,NA,NA,NA,NA,NA,NA,NA,NA,NA
37671612,Roberts (2010),0.3967,0.3967,NA,NA,NA,NA,NA,NA,NA,NA,NA,NA,NA,NA,NA,NA,NA,NA,NA,NA
38878272,Rolfhus (2012),0.3373,0.3373,NA,NA,NA,NA,NA,NA,NA,NA,NA,NA,NA,NA,NA,NA,NA,NA,NA,NA
37092595,Rosenthal (2006),0.3872,0.3872,0.2595,0.2595,0.4687,0.4687,0.5217,0.5217,NA,NA,NA,NA,NA,NA,NA,NA,NA,NA,NA,NA
40294951,Roussey (1992) FB,NA,NA,NA,NA,NA,NA,NA,NA,NA,NA,NA,NA,NA,NA,,,,,,
40398944,Roy (2019),0.0709,0.0709,0.1298,0.1298,0.0162,0.0162,0.0632,0.0632,NA,NA,NA,NA,NA,NA,NA,NA,NA,NA,NA,NA
37092719,Rust (1977),0.4451,0.4451,0.2214,0.2214,NA,NA,NA,NA,NA,NA,NA,NA,NA,NA,NA,NA,NA,NA,NA,NA
38296668,Rutt (2014),0.21,0.21,0.27,0.27,0.22,0.22,NA,NA,NA,NA,NA,NA,NA,NA,NA,NA,NA,NA,NA,NA
38296667,Rutt (2015),0.12,0.12,0.004,0.004,NA,NA,NA,NA,NA,NA,NA,NA,NA,NA,NA,NA,NA,NA,NA,NA
37133962,Sanderson (1992),0.1018,0.1018,NA,NA,NA,NA,NA,NA,NA,NA,NA,NA,NA,NA,NA,NA,NA,NA,NA,NA
39253394,Schacter (2005),NA,NA,NA,NA,NA,NA,NA,NA,NA,NA,NA,NA,NA,NA,,,,,,
40117223,Schinke (1988),0.49,0.49,NA,NA,NA,NA,NA,NA,NA,NA,NA,NA,NA,NA,NA,NA,NA,NA,NA,NA
40117180,Schinke (2000),0.3106,0.3106,0.323,0.323,0.4114,0.4114,NA,NA,NA,NA,NA,NA,NA,NA,NA,NA,NA,NA,NA,NA
37092597,Schunk (1993),0.9916,0.9916,0.7896,0.7896,NA,NA,NA,NA,NA,NA,NA,NA,NA,NA,NA,NA,NA,NA,NA,NA
37092598,Schunk (1993) 1_1,1.6684,1.6684,1.6684,1.6684,NA,NA,NA,NA,NA,NA,NA,NA,NA,NA,NA,NA,NA,NA,NA,NA
43090192,Schunk (1993) 1_2,NA,NA,NA,NA,NA,NA,NA,NA,NA,NA,NA,NA,NA,NA,,,,,,
40294954,Scruggs (1986) PT 1_1,0.693,0.693,NA,NA,NA,NA,NA,NA,NA,NA,NA,NA,NA,NA,NA,NA,NA,NA,NA,NA
40294955,Scruggs (1986) PT 1_2,1.1339,1.1339,0.1563,0.1563,NA,NA,NA,NA,NA,NA,NA,NA,NA,NA,NA,NA,NA,NA,NA,NA
38296671,See (2018),0.205,0.205,0.0443,0.0443,0.0098,0.0098,0.1025,0.1025,NA,NA,NA,NA,NA,NA,NA,NA,NA,NA,NA,NA
39253304,Seward (2009),0.1623,0.1623,NA,NA,NA,NA,NA,NA,NA,NA,NA,NA,NA,NA,NA,NA,NA,NA,NA,NA
37093595,Sharpley (1983),1.2841,1.2841,0.8592,0.8592,NA,NA,NA,NA,NA,NA,NA,NA,NA,NA,NA,NA,NA,NA,NA,NA
38296672,Sheard (2015),-0.08,-0.08,-0.21,-0.21,-0.07,-0.07,-0.14,-0.14,NA,NA,NA,NA,NA,NA,NA,NA,NA,NA,NA,NA
40117166,Shields (1996),NA,NA,NA,NA,NA,NA,NA,NA,NA,NA,NA,NA,NA,NA,,,,,,
43090193,Shisler (1986) PT,0.636,0.636,0.9833,0.9833,-0.0983,-0.0983,NA,NA,NA,NA,NA,NA,NA,NA,NA,NA,NA,NA,NA,NA
37671584,Sibieta (2016),0.233,0.233,-0.0266,-0.0266,0.1292,0.1292,-0.275,-0.275,0.51,0.51,0.4941,0.4941,0.33,0.33,NA,NA,NA,NA,NA,NA
37671585,Sibieta (2016),0.27,0.27,0.16,0.16,0.06,0.06,0.127,0.127,NA,NA,NA,NA,NA,NA,NA,NA,NA,NA,NA,NA
38296673,Sibieta (2016),0.233,0.233,0.1292,0.1292,0.33,0.33,NA,NA,NA,NA,NA,NA,NA,NA,NA,NA,NA,NA,NA,NA
38296676,Siddiqui (2014),-0.0023,-0.0023,0.1722,0.1722,0.1619,0.1619,-0.1145,-0.1145,NA,NA,NA,NA,NA,NA,NA,NA,NA,NA,NA,NA
38296677,Siddiqui (2014),-0.0361,-0.0361,0.0365,0.0365,-0.0449,-0.0449,NA,NA,NA,NA,NA,NA,NA,NA,NA,NA,NA,NA,NA,NA
37133964,Siemens (2001),0.0304,0.0304,NA,NA,NA,NA,NA,NA,NA,NA,NA,NA,NA,NA,NA,NA,NA,NA,NA,NA
37093596,Simmons (1995),0.5208,0.5208,NA,NA,NA,NA,NA,NA,NA,NA,NA,NA,NA,NA,NA,NA,NA,NA,NA,NA
38878122,Sindelar (1982),0.1236,0.1236,NA,NA,NA,NA,NA,NA,NA,NA,NA,NA,NA,NA,NA,NA,NA,NA,NA,NA
37093365,Singh (1981),0.9206,0.9206,0.4625,0.4625,0.2866,0.2866,0.8577,0.8577,NA,NA,NA,NA,NA,NA,NA,NA,NA,NA,NA,NA
40117298,Smeallie (1997),-0.4767,-0.4767,NA,NA,NA,NA,NA,NA,NA,NA,NA,NA,NA,NA,NA,NA,NA,NA,NA,NA
37133968,Smith (2010),0.1547,0.1547,0.2843,0.2843,NA,NA,NA,NA,NA,NA,NA,NA,NA,NA,NA,NA,NA,NA,NA,NA
37092727,Sonnenschein (1986),3.71,3.71,2.05,2.05,1.7,1.7,4.8,4.8,NA,NA,NA,NA,NA,NA,NA,NA,NA,NA,NA,NA
40117168,Sorensen (1995),-0.0184,-0.0184,NA,NA,NA,NA,NA,NA,NA,NA,NA,NA,NA,NA,NA,NA,NA,NA,NA,NA
38296682,Speckesser (2018),0.1,0.1,0.07,0.07,NA,NA,NA,NA,NA,NA,NA,NA,NA,NA,NA,NA,NA,NA,NA,NA
37116236,Sp√∂rer (2009),0.31,0.31,NA,NA,NA,NA,NA,NA,NA,NA,NA,NA,NA,NA,NA,NA,NA,NA,NA,NA
40117229,St Pierre (2001),0.4067,0.4067,NA,NA,NA,NA,NA,NA,NA,NA,NA,NA,NA,NA,NA,NA,NA,NA,NA,NA
37093602,Stainback (1972),0.1551,0.1551,0.4829,0.4829,NA,NA,NA,NA,NA,NA,NA,NA,NA,NA,NA,NA,NA,NA,NA,NA
37116233,Stein (2008),0.3635,0.3635,0.5035,0.5035,0.438,0.438,NA,NA,NA,NA,NA,NA,NA,NA,NA,NA,NA,NA,NA,NA
37133971,Stephens (2002),0.64,0.64,0.6,0.6,0.68,0.68,0.0605,0.0605,0.4532,0.4532,0.2918,0.2918,NA,NA,NA,NA,NA,NA,NA,NA
37093603,Stevens (1987),0.1066,0.1066,0.0586,0.0586,0.1679,0.1679,0.2784,0.2784,NA,NA,NA,NA,NA,NA,NA,NA,NA,NA,NA,NA
38296685,Styles (2014),-0.14,-0.14,-0.01,-0.01,-0.3,-0.3,-0.09,-0.09,-0.1,-0.1,-0.03,-0.03,-0.18,-0.18,0.001,0.001,NA,NA,NA,NA
37671586,Styles (2015),0.2,0.2,0.06,0.06,0.33,0.33,0.25,0.25,-0.04,-0.04,0.16,0.16,NA,NA,NA,NA,NA,NA,NA,NA
37093606,Sutherland (1999),0.4808,0.4808,0.4959,0.4959,NA,NA,NA,NA,NA,NA,NA,NA,NA,NA,NA,NA,NA,NA,NA,NA
37671517,Swain (2010),-0.0296,-0.0296,-0.115,-0.115,NA,NA,NA,NA,NA,NA,NA,NA,NA,NA,NA,NA,NA,NA,NA,NA
37092790,Swanson (1977),0.0441,0.0441,0.4733,0.4733,NA,NA,NA,NA,NA,NA,NA,NA,NA,NA,NA,NA,NA,NA,NA,NA
37093367,Swenson (1975),0.2085,0.2085,NA,NA,NA,NA,NA,NA,NA,NA,NA,NA,NA,NA,NA,NA,NA,NA,NA,NA
37061134,Tait (1973) 1_1,0.8139,0.8139,NA,NA,NA,NA,NA,NA,NA,NA,NA,NA,NA,NA,NA,NA,NA,NA,NA,NA
40294957,Tait (1973) 1_2,0.7688,0.7688,NA,NA,NA,NA,NA,NA,NA,NA,NA,NA,NA,NA,NA,NA,NA,NA,NA,NA
37093607,Taylor (1997),1.0368,1.0368,NA,NA,NA,NA,NA,NA,NA,NA,NA,NA,NA,NA,NA,NA,NA,NA,NA,NA
37133974,Taylor (2002),0.5165,0.5165,0.5983,0.5983,0.062,0.062,NA,NA,NA,NA,NA,NA,NA,NA,NA,NA,NA,NA,NA,NA
45336793,Tenenbaum (1982) FB 1_1,NA,NA,NA,NA,NA,NA,NA,NA,NA,NA,NA,NA,NA,NA,,,,,,
45336794,Tenenbaum (1982) FB 1_2,NA,NA,NA,NA,NA,NA,NA,NA,NA,NA,NA,NA,NA,NA,,,,,,
40294958,Tenenbaum (1986) FB,1.9641,1.9641,1.9794,1.9794,1.9279,1.9279,NA,NA,NA,NA,NA,NA,NA,NA,NA,NA,NA,NA,NA,NA
37133976,Tierney (2005),0.1633,0.1633,0.4563,0.4563,1.0755,1.0755,0.9372,0.9372,NA,NA,NA,NA,NA,NA,NA,NA,NA,NA,NA,NA
37061135,Tobias (1984),0.4839,0.4839,NA,NA,NA,NA,NA,NA,NA,NA,NA,NA,NA,NA,NA,NA,NA,NA,NA,NA
37092791,Tokar (1976),0.31,0.31,0.2,0.2,NA,NA,NA,NA,NA,NA,NA,NA,NA,NA,NA,NA,NA,NA,NA,NA
37092612,Tomita (2008),0.7,0.7,0.4,0.4,NA,NA,NA,NA,NA,NA,NA,NA,NA,NA,NA,NA,NA,NA,NA,NA
43090197,Top (1985) PT,1.0518,1.0518,0.542,0.542,1.16,1.16,0.75,0.75,1.14,1.14,1.02,1.02,0.78,0.78,NA,NA,NA,NA,NA,NA
43090198,Top (1987) PT,0.4449,0.4449,-0.2167,-0.2167,NA,NA,NA,NA,NA,NA,NA,NA,NA,NA,NA,NA,NA,NA,NA,NA
37133980,Topping (2004),0.3,0.3,0.8,0.8,NA,NA,NA,NA,NA,NA,NA,NA,NA,NA,NA,NA,NA,NA,NA,NA
37133982,Topping (2004),0.6831,0.6831,0.9822,0.9822,0.5123,0.5123,-0.5133,-0.5133,NA,NA,NA,NA,NA,NA,NA,NA,NA,NA,NA,NA
37116207,Topping (2011),0.183,0.183,-0.048,-0.048,0.201,0.201,0.014,0.014,NA,NA,NA,NA,NA,NA,NA,NA,NA,NA,NA,NA
38296692,Torgerson (2014),NA,NA,NA,NA,NA,NA,NA,NA,NA,NA,NA,NA,NA,NA,,,,,,
38296693,Torgerson (2014),0.1,0.1,0.02,0.02,0.1,0.1,0.01,0.01,NA,NA,NA,NA,NA,NA,NA,NA,NA,NA,NA,NA
38296689,Torgerson (2018),0.19,0.19,0.14,0.14,0.07,0.07,0.25,0.25,NA,NA,NA,NA,NA,NA,NA,NA,NA,NA,NA,NA
38878260,Torgesen (2006),0.22,0.22,0.18,0.18,0.0,0.0,0.0,0.0,NA,NA,NA,NA,NA,NA,NA,NA,NA,NA,NA,NA
38878273,Torgesen (2010),0.5379,0.5379,0.2521,0.2521,0.5703,0.5703,NA,NA,NA,NA,NA,NA,NA,NA,NA,NA,NA,NA,NA,NA
40398947,Tracey (2019),-0.02,-0.02,0.05,0.05,0.01,0.01,-0.06,-0.06,NA,NA,NA,NA,NA,NA,NA,NA,NA,NA,NA,NA
37093368,Truesdale (1976),1.2691,1.2691,1.0313,1.0313,NA,NA,NA,NA,NA,NA,NA,NA,NA,NA,NA,NA,NA,NA,NA,NA
40117231,Tucker (2002),NA,NA,NA,NA,NA,NA,NA,NA,NA,NA,NA,NA,NA,NA,,,,,,
37092613,Tuominen (2008),0.08,0.08,NA,NA,NA,NA,NA,NA,NA,NA,NA,NA,NA,NA,NA,NA,NA,NA,NA,NA
39253235,Tyler (1966),NA,NA,NA,NA,NA,NA,NA,NA,NA,NA,NA,NA,NA,NA,,,,,,
37133983,Tymms (1989),0.044,0.044,NA,NA,NA,NA,NA,NA,NA,NA,NA,NA,NA,NA,NA,NA,NA,NA,NA,NA
37116208,Tymms (2011),0.019,0.019,0.246,0.246,0.001,0.001,-0.008,-0.008,0.246,0.246,0.195,0.195,0.234,0.234,0.234,0.234,-0.099,-0.099,NA,NA
40117363,U. S. (2003),NA,NA,NA,NA,NA,NA,NA,NA,NA,NA,NA,NA,NA,NA,,,,,,
39253306,Ugel (1999),1.7586,1.7586,NA,NA,NA,NA,NA,NA,NA,NA,NA,NA,NA,NA,NA,NA,NA,NA,NA,NA
40117360,Vadasy (1997),NA,NA,NA,NA,NA,NA,NA,NA,NA,NA,NA,NA,NA,NA,,,,,,
37671592,Vadasy (2006),0.9523,0.9523,1.1068,1.1068,0.6134,0.6134,0.2805,0.2805,0.497,0.497,0.7153,0.7153,0.5775,0.5775,1.1035,1.1035,0.8086,0.8086,NA,NA
37671636,Vadasy (2007),0.4676,0.4676,NA,NA,NA,NA,NA,NA,NA,NA,NA,NA,NA,NA,NA,NA,NA,NA,NA,NA
37671638,Vadasy (2008),NA,NA,NA,NA,NA,NA,NA,NA,NA,NA,NA,NA,NA,NA,,,,,,
40294961,Vadasy (2008) SGT,0.41,0.41,NA,NA,NA,NA,NA,NA,NA,NA,NA,NA,NA,NA,NA,NA,NA,NA,NA,NA
37671637,Vadasy (2008) TA,0.4354,0.4354,NA,NA,NA,NA,NA,NA,NA,NA,NA,NA,NA,NA,NA,NA,NA,NA,NA,NA
43090199,Vadasy (2008) TA,NA,NA,NA,NA,NA,NA,NA,NA,NA,NA,NA,NA,NA,NA,,,,,,
37671588,Vadasy (2009),0.0,0.0,0.1816,0.1816,0.1652,0.1652,0.1756,0.1756,0.2562,0.2562,-0.1126,-0.1126,0.2364,0.2364,0.0219,0.0219,0.2454,0.2454,NA,NA
37671589,Vadasy (2010),NA,NA,NA,NA,NA,NA,NA,NA,NA,NA,NA,NA,NA,NA,,,,,,
37671614,Vadasy (2013),0.6942,0.6942,0.3762,0.3762,NA,NA,NA,NA,NA,NA,NA,NA,NA,NA,NA,NA,NA,NA,NA,NA
37133984,Van Keer (2004),0.38,0.38,-0.16,-0.16,0.28,0.28,NA,NA,NA,NA,NA,NA,NA,NA,NA,NA,NA,NA,NA,NA
37116237,Van Keer (2010),0.051,0.051,0.0324,0.0324,0.2178,0.2178,0.0713,0.0713,0.2886,0.2886,0.388,0.388,NA,NA,NA,NA,NA,NA,NA,NA
37093609,van Oudenhoven (1987),0.4424,0.4424,NA,NA,NA,NA,NA,NA,NA,NA,NA,NA,NA,NA,NA,NA,NA,NA,NA,NA
40294962,Van Oudenhoven (1987) FB,0.74,0.74,0.4,0.4,NA,NA,NA,NA,NA,NA,NA,NA,NA,NA,NA,NA,NA,NA,NA,NA
40117232,Vandell (2005),0.108,0.108,0.143,0.143,0.24,0.24,0.059,0.059,NA,NA,NA,NA,NA,NA,NA,NA,NA,NA,NA,NA
37092614,VanEvera (2003),0.6,0.6,NA,NA,NA,NA,NA,NA,NA,NA,NA,NA,NA,NA,NA,NA,NA,NA,NA,NA
37092599,Vellella (1996),-0.1202,-0.1202,0.161,0.161,0.0,0.0,NA,NA,NA,NA,NA,NA,NA,NA,NA,NA,NA,NA,NA,NA
37092600,Wade-Stein (2004),0.6102,0.6102,0.2524,0.2524,NA,NA,NA,NA,NA,NA,NA,NA,NA,NA,NA,NA,NA,NA,NA,NA
40117182,Walker (2004),0.0,0.0,0.0,0.0,0.0,0.0,NA,NA,NA,NA,NA,NA,NA,NA,NA,NA,NA,NA,NA,NA
43090202,Wang (2008) TA,0.194,0.194,NA,NA,NA,NA,NA,NA,NA,NA,NA,NA,NA,NA,NA,NA,NA,NA,NA,NA
39253308,Waters (2004),0.9638,0.9638,0.0081,0.0081,NA,NA,NA,NA,NA,NA,NA,NA,NA,NA,NA,NA,NA,NA,NA,NA
39253238,Welch (1991),NA,NA,NA,NA,NA,NA,NA,NA,NA,NA,NA,NA,NA,NA,,,,,,
37671616,Welch (1995),-0.003,-0.003,-0.0521,-0.0521,NA,NA,NA,NA,NA,NA,NA,NA,NA,NA,NA,NA,NA,NA,NA,NA
37092796,Wentling (1973),-0.3133,-0.3133,NA,NA,NA,NA,NA,NA,NA,NA,NA,NA,NA,NA,NA,NA,NA,NA,NA,NA
37133987,White (2000),1.1343,1.1343,0.8,0.8,NA,NA,NA,NA,NA,NA,NA,NA,NA,NA,NA,NA,NA,NA,NA,NA
37093610,Wiersema (1992),-0.4424,-0.4424,NA,NA,NA,NA,NA,NA,NA,NA,NA,NA,NA,NA,NA,NA,NA,NA,NA,NA
38296697,Wiggins (2017),0.0717,0.0717,0.1028,0.1028,-0.0503,-0.0503,0.0125,0.0125,0.0606,0.0606,0.0571,0.0571,0.0127,0.0127,-0.075,-0.075,NA,NA,NA,NA
37092615,William (2004),0.32,0.32,NA,NA,NA,NA,NA,NA,NA,NA,NA,NA,NA,NA,NA,NA,NA,NA,NA,NA
39253240,Williams (1977),0.1505,0.1505,0.2661,0.2661,0.2046,0.2046,NA,NA,NA,NA,NA,NA,NA,NA,NA,NA,NA,NA,NA,NA
39253241,Winston (1963),0.38,0.38,0.25,0.25,NA,NA,NA,NA,NA,NA,NA,NA,NA,NA,NA,NA,NA,NA,NA,NA
37092601,Wise (1992),0.6564,0.6564,NA,NA,NA,NA,NA,NA,NA,NA,NA,NA,NA,NA,NA,NA,NA,NA,NA,NA
37092602,Wolter (1975) 1_1,0.9577,0.9577,1.8138,1.8138,1.8138,1.8138,NA,NA,NA,NA,NA,NA,NA,NA,NA,NA,NA,NA,NA,NA
40294963,Wolter (1975) 1_2,0.926,0.926,0.926,0.926,1.0393,1.0393,NA,NA,NA,NA,NA,NA,NA,NA,NA,NA,NA,NA,NA,NA
39253243,Womble (1977),NA,NA,NA,NA,NA,NA,NA,NA,NA,NA,NA,NA,NA,NA,,,,,,
40117171,Woolley (1996),-0.0672,-0.0672,-0.0623,-0.0623,NA,NA,NA,NA,NA,NA,NA,NA,NA,NA,NA,NA,NA,NA,NA,NA
37671591,Word (1990),0.018,0.018,0.012,0.012,NA,NA,NA,NA,NA,NA,NA,NA,NA,NA,NA,NA,NA,NA,NA,NA
37092800,Wyne (1979),1.3177,1.3177,0.9761,0.9761,0.5495,0.5495,NA,NA,NA,NA,NA,NA,NA,NA,NA,NA,NA,NA,NA,NA
37116218,Yang (2016),1.5855,1.5855,NA,NA,NA,NA,NA,NA,NA,NA,NA,NA,NA,NA,NA,NA,NA,NA,NA,NA
37133992,Yarrow (2001),1.2653,1.2653,0.8,0.8,0.9845,0.9845,NA,NA,NA,NA,NA,NA,NA,NA,NA,NA,NA,NA,NA,NA
37092616,Yin (2005),-0.3233,-0.3233,NA,NA,NA,NA,NA,NA,NA,NA,NA,NA,NA,NA,NA,NA,NA,NA,NA,NA
37092603,Young (2000),1.2807,1.2807,NA,NA,NA,NA,NA,NA,NA,NA,NA,NA,NA,NA,NA,NA,NA,NA,NA,NA
39253343,Zia (1999),NA,NA,NA,NA,NA,NA,NA,NA,NA,NA,NA,NA,NA,NA,,,,,,
40117237,Zief (2005),NA,NA,NA,NA,NA,NA,NA,NA,NA,NA,NA,NA,NA,NA,,,,,,
40117361,Zimmer (2010),NA,NA,NA,NA,NA,NA,NA,NA,NA,NA,NA,NA,NA,NA,,,,,,
37092801,Zimmerman (1977),1.3324,1.3324,NA,NA,NA,NA,NA,NA,NA,NA,NA,NA,NA,NA,NA,NA,NA,NA,NA,NA
39253395,Zvoch (2011),0.4,0.4,NA,NA,NA,NA,NA,NA,NA,NA,NA,NA,NA,NA,NA,NA,NA,NA,NA,NA
39253396,Zvoch (2013),1.1975,1.1975,1.0504,1.0504,NA,NA,NA,NA,NA,NA,NA,NA,NA,NA,NA,NA,NA,NA,NA,NA
