StudyID,Author,Admin_Strand,ToolkitStrand_Outcome_1,Outcome_1,ToolkitStrand_Outcome_2,Outcome_2,ToolkitStrand_Outcome_3,Outcome_3,ToolkitStrand_Outcome_4,Outcome_4,ToolkitStrand_Outcome_5,Outcome_5,ToolkitStrand_Outcome_6,Outcome_6,ToolkitStrand_Outcome_7,Outcome_7,ToolkitStrand_Outcome_8,Outcome_8,ToolkitStrand_Outcome_9,Outcome_9,ToolkitStrand_Outcome_10,Outcome_10
37116221,Abbondanza (2013),['Peer tutoring'],['Toolkit: Peer Tutoring'],Primary outcome,['Toolkit: Peer Tutoring'],Secondary outcome(s),['Toolkit: Peer Tutoring'],Secondary outcome(s),NA,NA,NA,NA,NA,NA,NA,NA,NA,NA,NA,NA,NA,NA
37092570,Adler (1998),['Feedback'],['Toolkit: Feedback'],Primary outcome,['Toolkit: Feedback'],Secondary outcome(s),['Toolkit: Feedback'],Secondary outcome(s),['Toolkit: Feedback'],Secondary outcome(s),['Toolkit: Feedback'],Secondary outcome(s),NA,NA,NA,NA,NA,NA,NA,NA,NA,NA
39253274,Allen (2003),['Summer schools'],['Toolkit: Summer schools'],Primary outcome,['Toolkit: Summer schools'],Secondary outcome(s),NA,NA,NA,NA,NA,NA,NA,NA,NA,NA,NA,NA,NA,NA,NA,NA
37133863,Allsopp (1995),['Peer tutoring'],['Toolkit: Peer Tutoring'],Primary outcome,NA,NA,NA,NA,NA,NA,NA,NA,NA,NA,NA,NA,NA,NA,NA,NA,NA,NA
37092749,Anderson (1973),['Feedback'],['Toolkit: Feedback'],Primary outcome,NA,NA,NA,NA,NA,NA,NA,NA,NA,NA,NA,NA,NA,NA,NA,NA,NA,NA
37092571,Andrade (2008),['Feedback'],['Toolkit: Feedback'],Primary outcome,['Toolkit: Feedback'],Secondary outcome(s),NA,NA,NA,NA,NA,NA,NA,NA,NA,NA,NA,NA,NA,NA,NA,NA
37093532,Arblaster (1991),['Peer tutoring'],"['Toolkit: Mastery learning', 'Toolkit: Peer Tutoring']",Primary outcome,NA,NA,NA,NA,NA,NA,NA,NA,NA,NA,NA,NA,NA,NA,NA,NA,NA,NA
37092572,Arter (1994),['Feedback'],['Toolkit: Feedback'],Primary outcome,['Toolkit: Feedback'],Secondary outcome(s),['Toolkit: Feedback'],Secondary outcome(s),['Toolkit: Feedback'],Secondary outcome(s),['Toolkit: Feedback'],Secondary outcome(s),['Toolkit: Feedback'],Secondary outcome(s),NA,NA,NA,NA,NA,NA,NA,NA
37093533,Atherley (1989),['Peer tutoring'],['Toolkit: Peer Tutoring'],Primary outcome,NA,NA,NA,NA,NA,NA,NA,NA,NA,NA,NA,NA,NA,NA,NA,NA,NA,NA
37061105,Aumiller (1963),['Feedback'],['Toolkit: Feedback'],Primary outcome,['Toolkit: Feedback'],Secondary outcome(s),['Toolkit: Feedback'],Secondary outcome(s),NA,NA,NA,NA,NA,NA,NA,NA,NA,NA,NA,NA,NA,NA
37092622,Baechie (1990),['Feedback'],['Toolkit: Feedback'],Primary outcome,['Toolkit: Feedback'],Secondary outcome(s),NA,NA,NA,NA,NA,NA,NA,NA,NA,NA,NA,NA,NA,NA,NA,NA
40117187,Baker (1996),['Extending school time'],['Toolkit: Extending school time'],Primary outcome,[],Secondary outcome(s),NA,NA,NA,NA,NA,NA,NA,NA,NA,NA,NA,NA,NA,NA,NA,NA
37133865,Baker (2005),['Peer tutoring'],['Toolkit: Peer Tutoring'],Primary outcome,NA,NA,NA,NA,NA,NA,NA,NA,NA,NA,NA,NA,NA,NA,NA,NA,NA,NA
39253276,Bakle (2010),['Summer schools'],['Toolkit: Summer schools'],Primary outcome,['Toolkit: Summer schools'],Primary outcome,['Toolkit: Summer schools'],Primary outcome,['Toolkit: Summer schools'],Primary outcome,['Toolkit: Summer schools'],Secondary outcome(s),['Toolkit: Summer schools'],Secondary outcome(s),['Toolkit: Summer schools'],Secondary outcome(s),['Toolkit: Summer schools'],Secondary outcome(s),['Toolkit: Summer schools'],Secondary outcome(s),['Toolkit: Summer schools'],Secondary outcome(s)
37093467,Bar-Eli (1982),['Peer tutoring'],['Toolkit: Peer Tutoring'],Primary outcome,['Toolkit: Peer Tutoring'],Primary outcome,NA,NA,NA,NA,NA,NA,NA,NA,NA,NA,NA,NA,NA,NA,NA,NA
40117110,Barron (1993),['Extending school time'],NA,NA,NA,NA,NA,NA,NA,NA,NA,NA,NA,NA,NA,NA,NA,NA,NA,NA,NA,NA
40117111,Bechtel (1991),['Extending school time'],NA,NA,NA,NA,NA,NA,NA,NA,NA,NA,NA,NA,NA,NA,NA,NA,NA,NA,NA,NA
37671594,Bennett (2013),['Teaching assistants'],['Toolkit: Teaching assistants'],Primary outcome,['Toolkit: Teaching assistants'],Secondary outcome(s),['Toolkit: Teaching assistants'],Secondary outcome(s),['Toolkit: Teaching assistants'],Secondary outcome(s),NA,NA,NA,NA,NA,NA,NA,NA,NA,NA,NA,NA
37092573,Benson (1979) 1_1,['Feedback'],['Toolkit: Feedback'],Primary outcome,['Toolkit: Feedback'],Secondary outcome(s),NA,NA,NA,NA,NA,NA,NA,NA,NA,NA,NA,NA,NA,NA,NA,NA
40294885,Benson (1979) 1_2,['Feedback'],['Toolkit: Feedback'],Primary outcome,NA,NA,NA,NA,NA,NA,NA,NA,NA,NA,NA,NA,NA,NA,NA,NA,NA,NA
40117190,Bergin (1992),['Extending school time'],NA,Primary outcome,NA,Primary outcome,NA,NA,NA,NA,NA,NA,NA,NA,NA,NA,NA,NA,NA,NA,NA,NA
40117239,Berninger (2006),['Extending school time'],['Toolkit: Extending school time'],Primary outcome,NA,NA,NA,NA,NA,NA,NA,NA,NA,NA,NA,NA,NA,NA,NA,NA,NA,NA
40117240,Berninger (2006),['Extending school time'],[],Primary outcome,NA,NA,NA,NA,NA,NA,NA,NA,NA,NA,NA,NA,NA,NA,NA,NA,NA,NA
37092626,Bethge (1982),['Feedback'],['Toolkit: Feedback'],Primary outcome,NA,NA,NA,NA,NA,NA,NA,NA,NA,NA,NA,NA,NA,NA,NA,NA,NA,NA
38296603,Biggart (2015),"['Digital technology', 'Teaching assistants']","['Toolkit: Digital technology', 'Toolkit: Teaching assistants']",Primary outcome,NA,NA,NA,NA,NA,NA,NA,NA,NA,NA,NA,NA,NA,NA,NA,NA,NA,NA
37092628,Bilsky (1978),['Feedback'],['Toolkit: Feedback'],Primary outcome,NA,NA,NA,NA,NA,NA,NA,NA,NA,NA,NA,NA,NA,NA,NA,NA,NA,NA
40294886,Bingham (2010) SGT,"['Small group tuition', 'One to one tuition']",['Toolkit: Small Group Tuition'],Primary outcome,NA,NA,NA,NA,NA,NA,NA,NA,NA,NA,NA,NA,NA,NA,NA,NA,NA,NA
37671632,Blatchford (2007),['Teaching assistants'],['Toolkit: Teaching assistants'],Primary outcome,['Toolkit: Teaching assistants'],Secondary outcome(s),NA,NA,NA,NA,NA,NA,NA,NA,NA,NA,NA,NA,NA,NA,NA,NA
37092755,Block (1970),['Feedback'],['Toolkit: Feedback'],Primary outcome,NA,NA,NA,NA,NA,NA,NA,NA,NA,NA,NA,NA,NA,NA,NA,NA,NA,NA
40294887,Boggiano (1985) 1_2,['Feedback'],NA,NA,NA,NA,NA,NA,NA,NA,NA,NA,NA,NA,NA,NA,NA,NA,NA,NA,NA,NA
37091022,Bohannon (1975),['Feedback'],['Toolkit: Feedback'],Primary outcome,['Toolkit: Feedback'],Secondary outcome(s),NA,NA,NA,NA,NA,NA,NA,NA,NA,NA,NA,NA,NA,NA,NA,NA
39253250,Borman (2006),['Summer schools'],['Toolkit: Summer schools'],Primary outcome,NA,NA,NA,NA,NA,NA,NA,NA,NA,NA,NA,NA,NA,NA,NA,NA,NA,NA
39253387,Borman (2009),['Summer schools'],['Toolkit: Summer schools'],Primary outcome,[],Secondary outcome(s),NA,NA,NA,NA,NA,NA,NA,NA,NA,NA,NA,NA,NA,NA,NA,NA
37092604,Boulet (1990) 1_1,['Feedback'],['Toolkit: Feedback'],Primary outcome,NA,NA,NA,NA,NA,NA,NA,NA,NA,NA,NA,NA,NA,NA,NA,NA,NA,NA
40294889,Boulet (1990) 1_2,['Feedback'],['Toolkit: Feedback'],Primary outcome,NA,NA,NA,NA,NA,NA,NA,NA,NA,NA,NA,NA,NA,NA,NA,NA,NA,NA
37093538,Bramlett (1994),['Peer tutoring'],"['Toolkit: Collaborative learning', 'Toolkit: Peer Tutoring']",Primary outcome,"['Toolkit: Collaborative learning', 'Toolkit: Peer Tutoring']",Secondary outcome(s),"['Toolkit: Collaborative learning', 'Toolkit: Peer Tutoring']",Secondary outcome(s),NA,Secondary outcome(s),NA,NA,NA,NA,NA,NA,NA,NA,NA,NA,NA,NA
37091024,Brandstetter (1978) 1_1,['Feedback'],['Toolkit: Feedback'],Primary outcome,NA,NA,NA,NA,NA,NA,NA,NA,NA,NA,NA,NA,NA,NA,NA,NA,NA,NA
40294890,Brandstetter (1978) 1_2,['Feedback'],['Toolkit: Feedback'],Primary outcome,NA,NA,NA,NA,NA,NA,NA,NA,NA,NA,NA,NA,NA,NA,NA,NA,NA,NA
37092631,Bridgeman (1974) 1_1,['Feedback'],['Toolkit: Feedback'],Primary outcome,NA,NA,NA,NA,NA,NA,NA,NA,NA,NA,NA,NA,NA,NA,NA,NA,NA,NA
40294891,Bridgeman (1974) 1_2,['Feedback'],['Toolkit: Feedback'],Primary outcome,NA,NA,NA,NA,NA,NA,NA,NA,NA,NA,NA,NA,NA,NA,NA,NA,NA,NA
39253196,Brody (1984),['Summer schools'],['Toolkit: Summer schools'],Primary outcome,NA,NA,NA,NA,NA,NA,NA,NA,NA,NA,NA,NA,NA,NA,NA,NA,NA,NA
37092605,Brookhart (2008),['Feedback'],['Toolkit: Feedback'],Primary outcome,['Toolkit: Feedback'],Primary outcome,NA,NA,NA,NA,NA,NA,NA,NA,NA,NA,NA,NA,NA,NA,NA,NA
37671541,Brown (2005),['Teaching assistants'],['Toolkit: Teaching assistants'],Primary outcome,['Toolkit: Teaching assistants'],Secondary outcome(s),NA,NA,NA,NA,NA,NA,NA,NA,NA,NA,NA,NA,NA,NA,NA,NA
37133869,Bruno (2004),['Peer tutoring'],['Toolkit: Peer Tutoring'],Primary outcome,NA,NA,NA,NA,NA,NA,NA,NA,NA,NA,NA,NA,NA,NA,NA,NA,NA,NA
37093539,Brush (1997),['Peer tutoring'],['Toolkit: Peer Tutoring'],Primary outcome,NA,NA,NA,NA,NA,NA,NA,NA,NA,NA,NA,NA,NA,NA,NA,NA,NA,NA
38296605,Buchanan (2015) Pri,['Small group tuition'],['Toolkit: Small Group Tuition'],Primary outcome,['Toolkit: Small Group Tuition'],Primary outcome,NA,NA,NA,NA,NA,NA,NA,NA,NA,NA,NA,NA,NA,NA,NA,NA
38296604,Buchanan (2015) Sec,['Small group tuition'],[],Primary outcome,[],Primary outcome,[],SES/FSM outcome,[],SES/FSM outcome,NA,NA,NA,NA,NA,NA,NA,NA,NA,NA,NA,NA
37061108,Bumgarner (1984),['Feedback'],['Toolkit: Feedback'],Primary outcome,NA,NA,NA,NA,NA,NA,NA,NA,NA,NA,NA,NA,NA,NA,NA,NA,NA,NA
37671596,Bunn (2008),['Teaching assistants'],"['Toolkit: Small Group Tuition', 'Toolkit: Teaching assistants']",Primary outcome,"['Toolkit: Small Group Tuition', 'Toolkit: Teaching assistants']",Secondary outcome(s),NA,NA,NA,NA,NA,NA,NA,NA,NA,NA,NA,NA,NA,NA,NA,NA
37671542,Burgoyne (2012),['Teaching assistants'],['Toolkit: Teaching assistants'],Primary outcome,['Toolkit: Teaching assistants'],Secondary outcome(s),NA,NA,NA,NA,NA,NA,NA,NA,NA,NA,NA,NA,NA,NA,NA,NA
37092634,Butler (1986) 1_1,['Feedback'],['Toolkit: Feedback'],Primary outcome,NA,NA,NA,NA,NA,NA,NA,NA,NA,NA,NA,NA,NA,NA,NA,NA,NA,NA
40294895,Butler (1986) 1_2,['Feedback'],['Toolkit: Feedback'],Primary outcome,NA,NA,NA,NA,NA,NA,NA,NA,NA,NA,NA,NA,NA,NA,NA,NA,NA,NA
37092633,Butler (1987) 1_1,['Feedback'],['Toolkit: Feedback'],Primary outcome,['Toolkit: Feedback'],Secondary outcome(s),NA,NA,NA,NA,NA,NA,NA,NA,NA,NA,NA,NA,NA,NA,NA,NA
40294893,Butler (1987) 1_2,['Feedback'],['Toolkit: Feedback'],Primary outcome,['Toolkit: Feedback'],Primary outcome,NA,NA,NA,NA,NA,NA,NA,NA,NA,NA,NA,NA,NA,NA,NA,NA
40294894,Butler (1987) 1_3,['Feedback'],['Toolkit: Feedback'],Primary outcome,['Toolkit: Feedback'],Primary outcome,['Toolkit: Feedback'],Primary outcome,['Toolkit: Feedback'],Secondary outcome(s),NA,NA,NA,NA,NA,NA,NA,NA,NA,NA,NA,NA
37092575,Caccamise (2007) 1_1,['Feedback'],"['Toolkit: Digital technology', 'Toolkit: Feedback']",Primary outcome,NA,NA,NA,NA,NA,NA,NA,NA,NA,NA,NA,NA,NA,NA,NA,NA,NA,NA
40294896,Caccamise (2007) 1_2,['Feedback'],['Toolkit: Feedback'],Primary outcome,NA,NA,NA,NA,NA,NA,NA,NA,NA,NA,NA,NA,NA,NA,NA,NA,NA,NA
37093518,Calhoon (2003),['Peer tutoring'],['Toolkit: Peer Tutoring'],Primary outcome,['Toolkit: Peer Tutoring'],Secondary outcome(s),['Toolkit: Peer Tutoring'],Secondary outcome(s),['Toolkit: Peer Tutoring'],Secondary outcome(s),NA,NA,NA,NA,NA,NA,NA,NA,NA,NA,NA,NA
40117116,Campbell (1994),['Extending school time'],NA,NA,NA,NA,NA,NA,NA,NA,NA,NA,NA,NA,NA,NA,NA,NA,NA,NA,NA,NA
37116223,Carberry (2003),['Peer tutoring'],['Toolkit: Peer Tutoring'],Primary outcome,['Toolkit: Peer Tutoring'],Primary outcome,NA,NA,NA,NA,NA,NA,NA,NA,NA,NA,NA,NA,NA,NA,NA,NA
37093351,Carlton (1985),['Peer tutoring'],['Toolkit: Peer Tutoring'],Primary outcome,['Toolkit: Peer Tutoring'],Primary outcome,['Toolkit: Peer Tutoring'],Secondary outcome(s),['Toolkit: Peer Tutoring'],Secondary outcome(s),NA,NA,NA,NA,NA,NA,NA,NA,NA,NA,NA,NA
40117117,Cason (1995),['Extending school time'],['Toolkit: Extending school time'],Primary outcome,['Toolkit: Extending school time'],Secondary outcome(s),NA,NA,NA,NA,NA,NA,NA,NA,NA,NA,NA,NA,NA,NA,NA,NA
39253388,Chaplin (2006),['Summer schools'],NA,NA,NA,NA,NA,NA,NA,NA,NA,NA,NA,NA,NA,NA,NA,NA,NA,NA,NA,NA
40117193,Chase (2000),['Extending school time'],['Toolkit: Extending school time'],Primary outcome,['Toolkit: Extending school time'],Primary outcome,['Toolkit: Extending school time'],Primary outcome,NA,NA,NA,NA,NA,NA,NA,NA,NA,NA,NA,NA,NA,NA
40117118,Chen (1994),['Extending school time'],NA,NA,NA,NA,NA,NA,NA,NA,NA,NA,NA,NA,NA,NA,NA,NA,NA,NA,NA,NA
37116229,Chu (2017),['Peer tutoring'],['Toolkit: Peer Tutoring'],Primary outcome,NA,NA,NA,NA,NA,NA,NA,NA,NA,NA,NA,NA,NA,NA,NA,NA,NA,NA
37671546,Clarke (2017),['Teaching assistants'],['Toolkit: Teaching assistants'],Primary outcome,['Toolkit: Teaching assistants'],Secondary outcome(s),['Toolkit: Teaching assistants'],Secondary outcome(s),['Toolkit: Teaching assistants'],Secondary outcome(s),['Toolkit: Teaching assistants'],Secondary outcome(s),NA,NA,NA,NA,NA,NA,NA,NA,NA,NA
39253281,Cleary (2001),['Summer schools'],['Toolkit: Summer schools'],Primary outcome,NA,NA,NA,NA,NA,NA,NA,NA,NA,NA,NA,NA,NA,NA,NA,NA,NA,NA
37092576,Coe (2011),['Feedback'],['Toolkit: Feedback'],Primary outcome,['Toolkit: Feedback'],Secondary outcome(s),['Toolkit: Feedback'],Secondary outcome(s),['Toolkit: Feedback'],Secondary outcome(s),['Toolkit: Feedback'],Secondary outcome(s),['Toolkit: Feedback'],Secondary outcome(s),['Toolkit: Feedback'],Secondary outcome(s),NA,NA,NA,NA,NA,NA
37671598,Cole (2009),['Teaching assistants'],['Toolkit: Teaching assistants'],Primary outcome,['Toolkit: Teaching assistants'],Secondary outcome(s),NA,NA,NA,NA,NA,NA,NA,NA,NA,NA,NA,NA,NA,NA,NA,NA
40117120,Consolie (1999),['Extending school time'],['Toolkit: Extending school time'],Primary outcome,NA,NA,NA,NA,NA,NA,NA,NA,NA,NA,NA,NA,NA,NA,NA,NA,NA,NA
43090135,Cooper (2016) PT,['Peer tutoring'],[],Primary outcome,NA,NA,NA,NA,NA,NA,NA,NA,NA,NA,NA,NA,NA,NA,NA,NA,NA,NA
37671620,Cooper (2016) TA,['Teaching assistants'],['Toolkit: Teaching assistants'],Primary outcome,NA,NA,NA,NA,NA,NA,NA,NA,NA,NA,NA,NA,NA,NA,NA,NA,NA,NA
40117121,Costa (1987),['Extending school time'],[],Primary outcome,[],Secondary outcome(s),[],Secondary outcome(s),NA,NA,NA,NA,NA,NA,NA,NA,NA,NA,NA,NA,NA,NA
37093542,Craker (1981),['Peer tutoring'],['Toolkit: Peer Tutoring'],Primary outcome,['Toolkit: Peer Tutoring'],Secondary outcome(s),['Toolkit: Peer Tutoring'],Secondary outcome(s),['Toolkit: Peer Tutoring'],Secondary outcome(s),NA,NA,NA,NA,NA,NA,NA,NA,NA,NA,NA,NA
37091026,Crutcher (1975),['Feedback'],['Toolkit: Feedback'],Primary outcome,['Toolkit: Feedback'],Secondary outcome(s),['Toolkit: Feedback'],Secondary outcome(s),['Toolkit: Feedback'],Secondary outcome(s),NA,NA,NA,NA,NA,NA,NA,NA,NA,NA,NA,NA
39253200,Culp (1973),['Summer schools'],NA,NA,NA,NA,NA,NA,NA,NA,NA,NA,NA,NA,NA,NA,NA,NA,NA,NA,NA,NA
39253314,D'Agostino (1995),['Summer schools'],['Toolkit: Summer schools'],Primary outcome,['Toolkit: Summer schools'],Primary outcome,NA,NA,NA,NA,NA,NA,NA,NA,NA,NA,NA,NA,NA,NA,NA,NA
37093543,Davenport (1999),['Peer tutoring'],['Toolkit: Peer Tutoring'],Primary outcome,NA,NA,NA,NA,NA,NA,NA,NA,NA,NA,NA,NA,NA,NA,NA,NA,NA,NA
39253203,David (1974) 1_1,['Summer schools'],['Toolkit: Summer schools'],Primary outcome,['Toolkit: Summer schools'],Secondary outcome(s),['Toolkit: Summer schools'],Secondary outcome(s),NA,NA,NA,NA,NA,NA,NA,NA,NA,NA,NA,NA,NA,NA
43090138,David (1974) 1_2,['Summer schools'],[],Primary outcome,NA,NA,NA,NA,NA,NA,NA,NA,NA,NA,NA,NA,NA,NA,NA,NA,NA,NA
40117246,DeCicca (2007),['Extending school time'],NA,NA,NA,NA,NA,NA,NA,NA,NA,NA,NA,NA,NA,NA,NA,NA,NA,NA,NA,NA
40117123,DeLaro (1994),['Extending school time'],NA,NA,NA,NA,NA,NA,NA,NA,NA,NA,NA,NA,NA,NA,NA,NA,NA,NA,NA,NA
37093616,Dion (2011),['Peer tutoring'],['Toolkit: Peer Tutoring'],Primary outcome,['Toolkit: Peer Tutoring'],Secondary outcome(s),['Toolkit: Peer Tutoring'],Secondary outcome(s),['Toolkit: Peer Tutoring'],Secondary outcome(s),NA,NA,NA,NA,NA,NA,NA,NA,NA,NA,NA,NA
37671548,Dockrell (2015),['Teaching assistants'],['Toolkit: Teaching assistants'],Primary outcome,['Toolkit: Teaching assistants'],Secondary outcome(s),['Toolkit: Teaching assistants'],Secondary outcome(s),['Toolkit: Teaching assistants'],Secondary outcome(s),['Toolkit: Teaching assistants'],Secondary outcome(s),['Toolkit: Teaching assistants'],Secondary outcome(s),['Toolkit: Teaching assistants'],Secondary outcome(s),NA,NA,NA,NA,NA,NA
43090143,Dorval (1978) TA,['Teaching assistants'],NA,Primary outcome,NA,NA,NA,NA,NA,NA,NA,NA,NA,NA,NA,NA,NA,NA,NA,NA,NA,NA
37091027,Dubrule (1984),['Feedback'],NA,NA,NA,NA,NA,NA,NA,NA,NA,NA,NA,NA,NA,NA,NA,NA,NA,NA,NA,NA
37093544,Duff (1974),['Peer tutoring'],['Toolkit: Peer Tutoring'],Primary outcome,NA,NA,NA,NA,NA,NA,NA,NA,NA,NA,NA,NA,NA,NA,NA,NA,NA,NA
37671600,Duff (2014),['Teaching assistants'],['Toolkit: Teaching assistants'],Primary outcome,['Toolkit: Teaching assistants'],Secondary outcome(s),['Toolkit: Teaching assistants'],Secondary outcome(s),NA,NA,NA,NA,NA,NA,NA,NA,NA,NA,NA,NA,NA,NA
40117126,Dunn (1996),['Extending school time'],NA,NA,NA,NA,NA,NA,NA,NA,NA,NA,NA,NA,NA,NA,NA,NA,NA,NA,NA,NA
39253282,Durand (2002),['Summer schools'],['Toolkit: Summer schools'],Primary outcome,['Toolkit: Summer schools'],Primary outcome,['Toolkit: Summer schools'],Primary outcome,['Toolkit: Summer schools'],Primary outcome,['Toolkit: Summer schools'],Primary outcome,['Toolkit: Summer schools'],Primary outcome,NA,NA,NA,NA,NA,NA,NA,NA
39253283,Dwight (2010),['Summer schools'],['Toolkit: Summer schools'],Primary outcome,NA,NA,NA,NA,NA,NA,NA,NA,NA,NA,NA,NA,NA,NA,NA,NA,NA,NA
40117194,Dynarski (2004),['Extending school time'],NA,Primary outcome,NA,NA,NA,NA,NA,NA,NA,NA,NA,NA,NA,NA,NA,NA,NA,NA,NA,NA
37133886,Early (1998),['Peer tutoring'],['Toolkit: Peer Tutoring'],Primary outcome,['Toolkit: Peer Tutoring'],Primary outcome,['Toolkit: Peer Tutoring'],Secondary outcome(s),NA,NA,NA,NA,NA,NA,NA,NA,NA,NA,NA,NA,NA,NA
37092761,Eggen (1978),['Feedback'],['Toolkit: Feedback'],Primary outcome,['Toolkit: Feedback'],Secondary outcome(s),NA,NA,NA,NA,NA,NA,NA,NA,NA,NA,NA,NA,NA,NA,NA,NA
40294902,Ehlinger (1988) FB,['Feedback'],['Toolkit: Feedback'],Primary outcome,['Toolkit: Feedback'],Secondary outcome(s),NA,NA,NA,NA,NA,NA,NA,NA,NA,NA,NA,NA,NA,NA,NA,NA
38878251,Ehri (2007) SGT,['Small group tuition'],['Toolkit: Small Group Tuition'],Primary outcome,['Toolkit: Small Group Tuition'],Secondary outcome(s),NA,NA,NA,NA,NA,NA,NA,NA,NA,NA,NA,NA,NA,NA,NA,NA
39253253,Ellers (2009),['Summer schools'],['Toolkit: Summer schools'],Primary outcome,NA,NA,NA,NA,NA,NA,NA,NA,NA,NA,NA,NA,NA,NA,NA,NA,NA,NA
37061114,Elliot (1986),['Feedback'],['Toolkit: Feedback'],Primary outcome,['Toolkit: Feedback'],Secondary outcome(s),['Toolkit: Feedback'],Secondary outcome(s),['Toolkit: Feedback'],Secondary outcome(s),NA,NA,NA,NA,NA,NA,NA,NA,NA,NA,NA,NA
40117128,Elsberry (1992),['Extending school time'],['Toolkit: Extending school time'],Primary outcome,['Toolkit: Extending school time'],Primary outcome,['Toolkit: Extending school time'],Primary outcome,['Toolkit: Extending school time'],Primary outcome,['Toolkit: Extending school time'],Primary outcome,['Toolkit: Extending school time'],Primary outcome,NA,NA,NA,NA,NA,NA,NA,NA
37093353,Erickson (1972),['Peer tutoring'],['Toolkit: Peer Tutoring'],Primary outcome,['Toolkit: Peer Tutoring'],Primary outcome,NA,NA,NA,NA,NA,NA,NA,NA,NA,NA,NA,NA,NA,NA,NA,NA
40117129,Espinosa (2000),['Extending school time'],NA,NA,NA,NA,NA,NA,NA,NA,NA,NA,NA,NA,NA,NA,NA,NA,NA,NA,NA,NA
37093472,Fantuzzo (1992),['Peer tutoring'],['Toolkit: Peer Tutoring'],Primary outcome,['Toolkit: Peer Tutoring'],Secondary outcome(s),NA,NA,NA,NA,NA,NA,NA,NA,NA,NA,NA,NA,NA,NA,NA,NA
37093471,Fantuzzo (1995),['Peer tutoring'],['Toolkit: Peer Tutoring'],Primary outcome,['Toolkit: Parental engagement'],Secondary outcome(s),['Toolkit: Peer Tutoring'],Secondary outcome(s),NA,NA,NA,NA,NA,NA,NA,NA,NA,NA,NA,NA,NA,NA
38878265,Fien (2011),['Small group tuition'],['Toolkit: Small Group Tuition'],Primary outcome,['Toolkit: Small Group Tuition'],Secondary outcome(s),['Toolkit: Small Group Tuition'],Secondary outcome(s),NA,NA,NA,NA,NA,NA,NA,NA,NA,NA,NA,NA,NA,NA
40117274,Finch (1997),['Extending school time'],[],Primary outcome,NA,NA,NA,NA,NA,NA,NA,NA,NA,NA,NA,NA,NA,NA,NA,NA,NA,NA
37093506,Fisher (2001),['Peer tutoring'],['Toolkit: Peer Tutoring'],Primary outcome,['Toolkit: Peer Tutoring'],Secondary outcome(s),NA,NA,NA,NA,NA,NA,NA,NA,NA,NA,NA,NA,NA,NA,NA,NA
37092577,Fitzgerald (1987),['Feedback'],['Toolkit: Feedback'],Primary outcome,['Toolkit: Feedback'],Secondary outcome(s),NA,NA,NA,NA,NA,NA,NA,NA,NA,NA,NA,NA,NA,NA,NA,NA
37133895,Fitz-Gibbon (1990),['Peer tutoring'],['Toolkit: Peer Tutoring'],Primary outcome,NA,NA,NA,NA,NA,NA,NA,NA,NA,NA,NA,NA,NA,NA,NA,NA,NA,NA
39253205,Fonzi (1984),['Summer schools'],NA,Primary outcome,NA,Primary outcome,NA,Secondary outcome(s),NA,Secondary outcome(s),NA,NA,NA,NA,NA,NA,NA,NA,NA,NA,NA,NA
37092578,Franzke (2005),['Feedback'],['Toolkit: Feedback'],Primary outcome,NA,NA,NA,NA,NA,NA,NA,NA,NA,NA,NA,NA,NA,NA,NA,NA,NA,NA
37671552,Fricke (2013),['Teaching assistants'],['Toolkit: Teaching assistants'],Primary outcome,['Toolkit: Teaching assistants'],Secondary outcome(s),['Toolkit: Teaching assistants'],Secondary outcome(s),['Toolkit: Teaching assistants'],Secondary outcome(s),NA,NA,NA,NA,NA,NA,NA,NA,NA,NA,NA,NA
37671553,Fricke (2017),['Teaching assistants'],['Toolkit: Teaching assistants'],Primary outcome,['Toolkit: Teaching assistants'],Primary outcome,['Toolkit: Teaching assistants'],Secondary outcome(s),['Toolkit: Teaching assistants'],Secondary outcome(s),NA,NA,NA,NA,NA,NA,NA,NA,NA,NA,NA,NA
37091029,Fuchs (1984),['Feedback'],['Toolkit: Feedback'],Primary outcome,['Toolkit: Feedback'],Secondary outcome(s),['Toolkit: Feedback'],Secondary outcome(s),['Toolkit: Feedback'],Secondary outcome(s),NA,NA,NA,NA,NA,NA,NA,NA,NA,NA,NA,NA
37092579,Fuchs (1989),['Feedback'],['Toolkit: Feedback'],Primary outcome,['Toolkit: Feedback'],Secondary outcome(s),NA,NA,NA,NA,NA,NA,NA,NA,NA,NA,NA,NA,NA,NA,NA,NA
37092580,Fuchs (1991),['Feedback'],['Toolkit: Feedback'],Primary outcome,NA,NA,NA,NA,NA,NA,NA,NA,NA,NA,NA,NA,NA,NA,NA,NA,NA,NA
37092581,Fuchs (1991),['Feedback'],['Toolkit: Feedback'],Primary outcome,NA,NA,NA,NA,NA,NA,NA,NA,NA,NA,NA,NA,NA,NA,NA,NA,NA,NA
40294904,Fuchs (1994) FB,['Feedback'],['Toolkit: Feedback'],Primary outcome,['Toolkit: Feedback'],Secondary outcome(s),['Toolkit: Feedback'],Secondary outcome(s),['Toolkit: Feedback'],Secondary outcome(s),['Toolkit: Feedback'],Secondary outcome(s),['Toolkit: Feedback'],Secondary outcome(s),['Toolkit: Feedback'],Secondary outcome(s),['Toolkit: Feedback'],Secondary outcome(s),NA,NA,NA,NA
37093553,Fuchs (1995),['Peer tutoring'],['Toolkit: Peer Tutoring'],Primary outcome,['Toolkit: Peer Tutoring'],Secondary outcome(s),['Toolkit: Peer Tutoring'],Secondary outcome(s),NA,NA,NA,NA,NA,NA,NA,NA,NA,NA,NA,NA,NA,NA
37093549,Fuchs (1997),['Peer tutoring'],['Toolkit: Peer Tutoring'],Primary outcome,['Toolkit: Peer Tutoring'],Secondary outcome(s),['Toolkit: Peer Tutoring'],Secondary outcome(s),['Toolkit: Peer Tutoring'],Secondary outcome(s),['Toolkit: Peer Tutoring'],Secondary outcome(s),['Toolkit: Peer Tutoring'],Secondary outcome(s),NA,NA,NA,NA,NA,NA,NA,NA
37093550,Fuchs (1997),['Peer tutoring'],['Toolkit: Peer Tutoring'],Primary outcome,['Toolkit: Peer Tutoring'],Secondary outcome(s),NA,NA,NA,NA,NA,NA,NA,NA,NA,NA,NA,NA,NA,NA,NA,NA
37093524,Fuchs (1997),['Peer tutoring'],[],Primary outcome,['Toolkit: Peer Tutoring'],Secondary outcome(s),['Toolkit: Peer Tutoring'],Secondary outcome(s),['Toolkit: Peer Tutoring'],Secondary outcome(s),['Toolkit: Peer Tutoring'],Secondary outcome(s),['Toolkit: Peer Tutoring'],Secondary outcome(s),NA,NA,NA,NA,NA,NA,NA,NA
37133902,Fuchs (1998),['Peer tutoring'],['Toolkit: Peer Tutoring'],Primary outcome,['Toolkit: Peer Tutoring'],Secondary outcome(s),['Toolkit: Peer Tutoring'],Secondary outcome(s),NA,NA,NA,NA,NA,NA,NA,NA,NA,NA,NA,NA,NA,NA
37093618,Fuchs (1999),['Peer tutoring'],['Toolkit: Peer Tutoring'],Primary outcome,['Toolkit: Peer Tutoring'],Secondary outcome(s),NA,NA,NA,NA,NA,NA,NA,NA,NA,NA,NA,NA,NA,NA,NA,NA
37093551,Fuchs (1999),['Peer tutoring'],['Toolkit: Peer Tutoring'],Primary outcome,['Toolkit: Peer Tutoring'],Secondary outcome(s),NA,NA,NA,NA,NA,NA,NA,NA,NA,NA,NA,NA,NA,NA,NA,NA
37093523,Fuchs (2001),['Peer tutoring'],['Toolkit: Peer Tutoring'],Primary outcome,NA,NA,NA,NA,NA,NA,NA,NA,NA,NA,NA,NA,NA,NA,NA,NA,NA,NA
37116212,Fuchs (2002),['Peer tutoring'],['Toolkit: Peer Tutoring'],Primary outcome,['Toolkit: Peer Tutoring'],Secondary outcome(s),NA,NA,NA,NA,NA,NA,NA,NA,NA,NA,NA,NA,NA,NA,NA,NA
40117132,Gandara (1994),['Extending school time'],NA,NA,NA,NA,NA,NA,NA,NA,NA,NA,NA,NA,NA,NA,NA,NA,NA,NA,NA,NA
37133906,Gardner (1973),['Peer tutoring'],['Toolkit: Peer Tutoring'],Primary outcome,['Toolkit: Peer Tutoring'],Primary outcome,['Toolkit: Peer Tutoring'],Secondary outcome(s),['Toolkit: Peer Tutoring'],Secondary outcome(s),['Toolkit: Peer Tutoring'],Secondary outcome(s),['Toolkit: Peer Tutoring'],Secondary outcome(s),NA,NA,NA,NA,NA,NA,NA,NA
37093555,Gardner (1982),['Peer tutoring'],['Toolkit: Peer Tutoring'],Primary outcome,['Toolkit: Peer Tutoring'],Secondary outcome(s),['Toolkit: Peer Tutoring'],Secondary outcome(s),['Toolkit: Peer Tutoring'],Secondary outcome(s),['Toolkit: Peer Tutoring'],Secondary outcome(s),['Toolkit: Peer Tutoring'],Secondary outcome(s),NA,NA,NA,NA,NA,NA,NA,NA
40117276,Gentilcore (2002),['Extending school time'],['Toolkit: Extending school time'],Primary outcome,NA,NA,NA,NA,NA,NA,NA,NA,NA,NA,NA,NA,NA,NA,NA,NA,NA,NA
37061127,Gherfal (1982),['Feedback'],['Toolkit: Feedback'],Primary outcome,NA,NA,NA,NA,NA,NA,NA,NA,NA,NA,NA,NA,NA,NA,NA,NA,NA,NA
37671623,Gibbs (2001),['Teaching assistants'],['Toolkit: Teaching assistants'],Primary outcome,['Toolkit: Teaching assistants'],Secondary outcome(s),['Toolkit: Teaching assistants'],Secondary outcome(s),NA,NA,NA,NA,NA,NA,NA,NA,NA,NA,NA,NA,NA,NA
37093477,Ginsburg-Block (1997),['Peer tutoring'],['Toolkit: Peer Tutoring'],Primary outcome,NA,NA,NA,NA,NA,NA,NA,NA,NA,NA,NA,NA,NA,NA,NA,NA,NA,NA
37093478,Ginsburg-Block (1998),['Peer tutoring'],['Toolkit: Peer Tutoring'],Primary outcome,['Toolkit: Peer Tutoring'],Primary outcome,['Toolkit: Peer Tutoring'],Secondary outcome(s),NA,NA,NA,NA,NA,NA,NA,NA,NA,NA,NA,NA,NA,NA
37092650,Glover (1989),['Feedback'],['Toolkit: Feedback'],Primary outcome,NA,NA,NA,NA,NA,NA,NA,NA,NA,NA,NA,NA,NA,NA,NA,NA,NA,NA
37133911,Gmitter (1989),['Peer tutoring'],['Toolkit: Peer Tutoring'],Primary outcome,['Toolkit: Peer Tutoring'],Secondary outcome(s),['Toolkit: Peer Tutoring'],Secondary outcome(s),['Toolkit: Peer Tutoring'],Secondary outcome(s),['Toolkit: Peer Tutoring'],Secondary outcome(s),['Toolkit: Peer Tutoring'],Secondary outcome(s),['Toolkit: Peer Tutoring'],Secondary outcome(s),['Toolkit: Peer Tutoring'],Secondary outcome(s),NA,NA,NA,NA
37671603,Goetz (2008),['Teaching assistants'],['Toolkit: Teaching assistants'],Primary outcome,['Toolkit: Teaching assistants'],Secondary outcome(s),NA,NA,NA,NA,NA,NA,NA,NA,NA,NA,NA,NA,NA,NA,NA,NA
38296617,Gorard (2014),"['Teaching assistants', 'One to one tuition']","['Toolkit: One to one tuition', 'Toolkit: Teaching assistants']",Primary outcome,"['Toolkit: One to one tuition', 'Toolkit: Teaching assistants']",SES/FSM outcome,"['Toolkit: One to one tuition', 'Toolkit: Teaching assistants']",Secondary outcome(s),"['Toolkit: One to one tuition', 'Toolkit: Teaching assistants']",Secondary outcome(s),NA,NA,NA,NA,NA,NA,NA,NA,NA,NA,NA,NA
38296615,Gorard (2015),"['Digital technology', 'Feedback']",['Toolkit: Feedback'],Primary outcome,['Toolkit: Feedback'],SES/FSM outcome,NA,NA,NA,NA,NA,NA,NA,NA,NA,NA,NA,NA,NA,NA,NA,NA
38296616,Gorard (2015),"['Small group tuition', 'Phonics']",[],Primary outcome,[],SES/FSM outcome,NA,NA,NA,NA,NA,NA,NA,NA,NA,NA,NA,NA,NA,NA,NA,NA
40117250,Gottfredson (2010),['Extending school time'],['Toolkit: Extending school time'],NA,NA,NA,NA,NA,NA,NA,NA,NA,NA,NA,NA,NA,NA,NA,NA,NA,NA,NA
38878252,Gottshall (2007),['Small group tuition'],['Toolkit: Small Group Tuition'],Primary outcome,['Toolkit: Small Group Tuition'],Secondary outcome(s),['Toolkit: Small Group Tuition'],Secondary outcome(s),['Toolkit: Small Group Tuition'],Secondary outcome(s),NA,NA,NA,NA,NA,NA,NA,NA,NA,NA,NA,NA
37093559,Goyen (1994),['Peer tutoring'],['Toolkit: Peer Tutoring'],Primary outcome,['Toolkit: Peer Tutoring'],Secondary outcome(s),['Toolkit: Peer Tutoring'],Secondary outcome(s),NA,NA,NA,NA,NA,NA,NA,NA,NA,NA,NA,NA,NA,NA
37671634,Graham (2007),['Teaching assistants'],['Toolkit: Teaching assistants'],Primary outcome,['Toolkit: Teaching assistants'],Primary outcome,['Toolkit: Teaching assistants'],Secondary outcome(s),['Toolkit: Teaching assistants'],Secondary outcome(s),NA,NA,NA,NA,NA,NA,NA,NA,NA,NA,NA,NA
37671557,Graves (2010),['Teaching assistants'],['Toolkit: Teaching assistants'],Primary outcome,['Toolkit: Teaching assistants'],Secondary outcome(s),['Toolkit: Teaching assistants'],Secondary outcome(s),['Toolkit: Teaching assistants'],Secondary outcome(s),NA,NA,NA,NA,NA,NA,NA,NA,NA,NA,NA,NA
37671558,Gray (2007),['Teaching assistants'],['Toolkit: One to one tuition'],Primary outcome,NA,NA,NA,NA,NA,NA,NA,NA,NA,NA,NA,NA,NA,NA,NA,NA,NA,NA
37093560,Greenwood (1989),['Peer tutoring'],['Toolkit: Peer Tutoring'],Primary outcome,['Toolkit: Peer Tutoring'],Primary outcome,NA,NA,NA,NA,NA,NA,NA,NA,NA,NA,NA,NA,NA,NA,NA,NA
37133917,Gregg (1994),['Peer tutoring'],['Toolkit: Peer Tutoring'],Primary outcome,['Toolkit: Peer Tutoring'],Secondary outcome(s),['Toolkit: Peer Tutoring'],Secondary outcome(s),['Toolkit: Peer Tutoring'],Secondary outcome(s),NA,NA,NA,NA,NA,NA,NA,NA,NA,NA,NA,NA
40117251,Grolnick (2007),['Extending school time'],['Toolkit: Extending school time'],Primary outcome,['Toolkit: Oral language interventions'],Secondary outcome(s),['Toolkit: Oral language interventions'],Secondary outcome(s),NA,NA,NA,NA,NA,NA,NA,NA,NA,NA,NA,NA,NA,NA
37092582,Guastello (2001) FB,['Feedback'],"['Toolkit: Feedback', 'Toolkit: Parental engagement']",Primary outcome,NA,NA,NA,NA,NA,NA,NA,NA,NA,NA,NA,NA,NA,NA,NA,NA,NA,NA
37133918,Gudbrandsen (2005) PT,['Peer tutoring'],['Toolkit: Peer Tutoring'],Primary outcome,['Toolkit: Peer Tutoring'],Secondary outcome(s),NA,NA,NA,NA,NA,NA,NA,NA,NA,NA,NA,NA,NA,NA,NA,NA
37671515,Guerrero (2015),['Teaching assistants'],['Toolkit: Teaching assistants'],Primary outcome,['Toolkit: Teaching assistants'],Secondary outcome(s),NA,NA,NA,NA,NA,NA,NA,NA,NA,NA,NA,NA,NA,NA,NA,NA
38878253,Gunn (2005),['Small group tuition'],['Toolkit: Small Group Tuition'],Primary outcome,['Toolkit: Small Group Tuition'],Secondary outcome(s),['Toolkit: Small Group Tuition'],Secondary outcome(s),NA,NA,NA,NA,NA,NA,NA,NA,NA,NA,NA,NA,NA,NA
37671559,Gwernan-Jones (2018),['Teaching assistants'],"['Toolkit: Phonics', 'Toolkit: Teaching assistants']",Primary outcome,"['Toolkit: Phonics', 'Toolkit: Teaching assistants']",Secondary outcome(s),"['Toolkit: Phonics', 'Toolkit: Teaching assistants']",Secondary outcome(s),NA,NA,NA,NA,NA,NA,NA,NA,NA,NA,NA,NA,NA,NA
40117134,Haenn (1996),['Extending school time'],[],Primary outcome,NA,Primary outcome,NA,Secondary outcome(s),[],Secondary outcome(s),NA,NA,NA,NA,NA,NA,NA,NA,NA,NA,NA,NA
37671520,Haley (2017),['Teaching assistants'],['Toolkit: Teaching assistants'],Primary outcome,['Toolkit: Teaching assistants'],Secondary outcome(s),['Toolkit: Teaching assistants'],Secondary outcome(s),['Toolkit: Teaching assistants'],Secondary outcome(s),['Toolkit: Teaching assistants'],Secondary outcome(s),['Toolkit: Teaching assistants'],Secondary outcome(s),NA,NA,NA,NA,NA,NA,NA,NA
37092655,Hanna (1976),['Feedback'],['Toolkit: Feedback'],Primary outcome,NA,NA,NA,NA,NA,NA,NA,NA,NA,NA,NA,NA,NA,NA,NA,NA,NA,NA
37133919,Hannah (2008),['Peer tutoring'],['Toolkit: Peer Tutoring'],Primary outcome,NA,NA,NA,NA,NA,NA,NA,NA,NA,NA,NA,NA,NA,NA,NA,NA,NA,NA
37116213,Hardegree (2012),['Peer tutoring'],['Toolkit: Peer Tutoring'],Primary outcome,['Toolkit: Peer Tutoring'],Primary outcome,['Toolkit: Peer Tutoring'],Secondary outcome(s),NA,NA,NA,NA,NA,NA,NA,NA,NA,NA,NA,NA,NA,NA
37091033,Haring (1975),['Feedback'],['Toolkit: Feedback'],Primary outcome,NA,NA,NA,NA,NA,NA,NA,NA,NA,NA,NA,NA,NA,NA,NA,NA,NA,NA
39253318,Harlow (2001),['Summer schools'],NA,NA,NA,NA,NA,NA,NA,NA,NA,NA,NA,NA,NA,NA,NA,NA,NA,NA,NA,NA
40117135,Hasselmeier (1997),['Extending school time'],[],Primary outcome,NA,NA,NA,NA,NA,NA,NA,NA,NA,NA,NA,NA,NA,NA,NA,NA,NA,NA
37671562,Hatcher (2006),['Teaching assistants'],['Toolkit: Teaching assistants'],Primary outcome,['Toolkit: Teaching assistants'],Secondary outcome(s),['Toolkit: Teaching assistants'],Secondary outcome(s),['Toolkit: Teaching assistants'],Secondary outcome(s),NA,NA,NA,NA,NA,NA,NA,NA,NA,NA,NA,NA
40117175,Hausner (2000),['Extending school time'],NA,Primary outcome,NA,Secondary outcome(s),NA,Secondary outcome(s),NA,Secondary outcome(s),NA,NA,NA,NA,NA,NA,NA,NA,NA,NA,NA,NA
39253285,Haymon (2009),['Summer schools'],['Toolkit: Summer schools'],Primary outcome,NA,NA,NA,NA,NA,NA,NA,NA,NA,NA,NA,NA,NA,NA,NA,NA,NA,NA
40117136,Heaberlin (2000),['Extending school time'],NA,Primary outcome,NA,Secondary outcome(s),NA,Secondary outcome(s),NA,Secondary outcome(s),NA,Secondary outcome(s),NA,Secondary outcome(s),NA,NA,NA,NA,NA,NA,NA,NA
37093480,Heller (1992),['Peer tutoring'],['Toolkit: Peer Tutoring'],Primary outcome,NA,NA,NA,NA,NA,NA,NA,NA,NA,NA,NA,NA,NA,NA,NA,NA,NA,NA
37133921,Hilger (2000),['Peer tutoring'],['Toolkit: Peer Tutoring'],Primary outcome,['Toolkit: Peer Tutoring'],Secondary outcome(s),NA,NA,NA,NA,NA,NA,NA,NA,NA,NA,NA,NA,NA,NA,NA,NA
39253320,Hink (1986),['Summer schools'],['Toolkit: Summer schools'],Primary outcome,['Toolkit: Summer schools'],Primary outcome,NA,NA,NA,NA,NA,NA,NA,NA,NA,NA,NA,NA,NA,NA,NA,NA
40117252,Hirsch (2011),['Extending school time'],['Toolkit: Extending school time'],Primary outcome,NA,NA,NA,NA,NA,NA,NA,NA,NA,NA,NA,NA,NA,NA,NA,NA,NA,NA
40117253,Hobbs (2012),['Extending school time'],['Toolkit: Extending school time'],Primary outcome,NA,NA,NA,NA,NA,NA,NA,NA,NA,NA,NA,NA,NA,NA,NA,NA,NA,NA
40398941,Hodgen (2019),"['Teaching assistants', 'One to one tuition']","['Toolkit: One to one tuition', 'Toolkit: Teaching assistants']",Primary outcome,NA,NA,NA,NA,NA,NA,NA,NA,NA,NA,NA,NA,NA,NA,NA,NA,NA,NA
37092584,Holman (2011),['Feedback'],"['Toolkit: Digital technology', 'Toolkit: Feedback']",Primary outcome,"['Toolkit: Digital technology', 'Toolkit: Feedback']",SES/FSM outcome,NA,NA,NA,NA,NA,NA,NA,NA,NA,NA,NA,NA,NA,NA,NA,NA
37671521,Holmes (2013),['Teaching assistants'],['Toolkit: Teaching assistants'],Primary outcome,['Toolkit: Teaching assistants'],Secondary outcome(s),NA,NA,NA,NA,NA,NA,NA,NA,NA,NA,NA,NA,NA,NA,NA,NA
39253321,Howes (1989),['Summer schools'],['Toolkit: Summer schools'],Primary outcome,NA,NA,NA,NA,NA,NA,NA,NA,NA,NA,NA,NA,NA,NA,NA,NA,NA,NA
37092768,Hughes (1973),['Feedback'],['Toolkit: Feedback'],Primary outcome,NA,NA,NA,NA,NA,NA,NA,NA,NA,NA,NA,NA,NA,NA,NA,NA,NA,NA
37671626,Hund-Reid (2008),['Teaching assistants'],"['Toolkit: Small Group Tuition', 'Toolkit: Teaching assistants']",Primary outcome,"['Toolkit: Small Group Tuition', 'Toolkit: Teaching assistants']",Secondary outcome(s),['Toolkit: Teaching assistants'],Secondary outcome(s),"['Toolkit: Small Group Tuition', 'Toolkit: Teaching assistants']",Secondary outcome(s),NA,Secondary outcome(s),NA,NA,NA,NA,NA,NA,NA,NA,NA,NA
37671605,Hund-Reid (2013),['Teaching assistants'],['Toolkit: Teaching assistants'],Primary outcome,"['Toolkit: Small Group Tuition', 'Toolkit: Teaching assistants']",Secondary outcome(s),"['Toolkit: Small Group Tuition', 'Toolkit: Teaching assistants']",Secondary outcome(s),['Toolkit: Teaching assistants'],Secondary outcome(s),NA,NA,NA,NA,NA,NA,NA,NA,NA,NA,NA,NA
37061117,Hymel (1980),['Feedback'],NA,NA,NA,NA,NA,NA,NA,NA,NA,NA,NA,NA,NA,NA,NA,NA,NA,NA,NA,NA
37133923,Inglis (2002),['Peer tutoring'],['Toolkit: Peer Tutoring'],Primary outcome,NA,NA,NA,NA,NA,NA,NA,NA,NA,NA,NA,NA,NA,NA,NA,NA,NA,NA
37116224,Jackson (2016),['Peer tutoring'],['Toolkit: Peer Tutoring'],Primary outcome,['Toolkit: Peer Tutoring'],Secondary outcome(s),NA,NA,NA,NA,NA,NA,NA,NA,NA,NA,NA,NA,NA,NA,NA,NA
39253390,Jacob (2004),['Summer schools'],['Toolkit: Summer schools'],Primary outcome,['Toolkit: Summer schools'],Primary outcome,['Toolkit: Summer schools'],Secondary outcome(s),['Toolkit: Summer schools'],Secondary outcome(s),NA,NA,NA,NA,NA,NA,NA,NA,NA,NA,NA,NA
37061115,Jacobs (1966),['Feedback'],['Toolkit: Feedback'],Primary outcome,['Toolkit: Feedback'],Secondary outcome(s),['Toolkit: Feedback'],Secondary outcome(s),NA,NA,NA,NA,NA,NA,NA,NA,NA,NA,NA,NA,NA,NA
37093509,Jacobson (2001),['Peer tutoring'],['Toolkit: Peer Tutoring'],Primary outcome,NA,NA,NA,NA,NA,NA,NA,NA,NA,NA,NA,NA,NA,NA,NA,NA,NA,NA
37671565,Jason (1994),"['Teaching assistants', 'One to one tuition']","['Toolkit: One to one tuition', 'Toolkit: Teaching assistants']",Primary outcome,"['Toolkit: One to one tuition', 'Toolkit: Teaching assistants']",Secondary outcome(s),"['Toolkit: One to one tuition', 'Toolkit: Teaching assistants']",Secondary outcome(s),NA,NA,NA,NA,NA,NA,NA,NA,NA,NA,NA,NA,NA,NA
40294914,Jenkins (1991) PT,['Peer tutoring'],['Toolkit: Collaborative learning'],Primary outcome,['Toolkit: Peer Tutoring'],Primary outcome,['Toolkit: Peer Tutoring'],Secondary outcome(s),['Toolkit: Peer Tutoring'],Secondary outcome(s),NA,NA,NA,NA,NA,NA,NA,NA,NA,NA,NA,NA
40117256,Jenner (2007),['Extending school time'],NA,NA,NA,NA,NA,NA,NA,NA,NA,NA,NA,NA,NA,NA,NA,NA,NA,NA,NA,NA
37092585,Jewell (2003),['Feedback'],['Toolkit: Feedback'],Primary outcome,['Toolkit: Feedback'],Secondary outcome(s),NA,NA,NA,NA,NA,NA,NA,NA,NA,NA,NA,NA,NA,NA,NA,NA
40117137,Johnson (1984),['Extending school time'],NA,Primary outcome,NA,NA,NA,NA,NA,NA,NA,NA,NA,NA,NA,NA,NA,NA,NA,NA,NA,NA
37671627,Jones (2016),['Teaching assistants'],"['Toolkit: One to one tuition', 'Toolkit: Teaching assistants']",Primary outcome,NA,NA,NA,NA,NA,NA,NA,NA,NA,NA,NA,NA,NA,NA,NA,NA,NA,NA
37093568,Kahl (1994),['Peer tutoring'],['Toolkit: Peer Tutoring'],Primary outcome,NA,NA,NA,NA,NA,NA,NA,NA,NA,NA,NA,NA,NA,NA,NA,NA,NA,NA
37116222,Karagiannakis (2008),['Peer tutoring'],['Toolkit: Peer Tutoring'],Primary outcome,['Toolkit: Peer Tutoring'],Secondary outcome(s),NA,NA,NA,NA,NA,NA,NA,NA,NA,NA,NA,NA,NA,NA,NA,NA
40117257,Kauh (2011),['Extending school time'],['Toolkit: Extending school time'],Primary outcome,['Toolkit: Oral language interventions'],Primary outcome,['Toolkit: Extending school time'],Primary outcome,NA,NA,NA,NA,NA,NA,NA,NA,NA,NA,NA,NA,NA,NA
37091034,King (1983),['Feedback'],['Toolkit: Feedback'],Primary outcome,NA,NA,NA,NA,NA,NA,NA,NA,NA,NA,NA,NA,NA,NA,NA,NA,NA,NA
37092606,King (2003),['Feedback'],['Toolkit: Feedback'],Primary outcome,NA,NA,NA,NA,NA,NA,NA,NA,NA,NA,NA,NA,NA,NA,NA,NA,NA,NA
38296632,King (2015),"['Small group tuition', 'Phonics']","['Toolkit: Phonics', 'Toolkit: Small Group Tuition']",Primary outcome,"['Toolkit: Phonics', 'Toolkit: Small Group Tuition']",SES/FSM outcome,"['Toolkit: Phonics', 'Toolkit: Small Group Tuition']",Secondary outcome(s),"['Toolkit: Phonics', 'Toolkit: Small Group Tuition']",SES/FSM outcome,"['Toolkit: Phonics', 'Toolkit: Small Group Tuition']",Secondary outcome(s),"['Toolkit: Phonics', 'Toolkit: Small Group Tuition']",SES/FSM outcome,NA,NA,NA,NA,NA,NA,NA,NA
40117138,Kneese (1996),['Extending school time'],NA,Primary outcome,NA,Primary outcome,NA,NA,NA,NA,NA,NA,NA,NA,NA,NA,NA,NA,NA,NA,NA,NA
40117141,Kneese (2000),['Extending school time'],[],Primary outcome,NA,NA,NA,NA,NA,NA,NA,NA,NA,NA,NA,NA,NA,NA,NA,NA,NA,NA
39253322,Kociemba (1995),['Summer schools'],NA,NA,NA,NA,NA,NA,NA,NA,NA,NA,NA,NA,NA,NA,NA,NA,NA,NA,NA,NA
37092607,Koedinger (2010),['Feedback'],['Toolkit: Feedback'],Primary outcome,NA,NA,NA,NA,NA,NA,NA,NA,NA,NA,NA,NA,NA,NA,NA,NA,NA,NA
40294919,Kolic-Vehovec (2002) FB,['Feedback'],NA,NA,NA,NA,NA,NA,NA,NA,NA,NA,NA,NA,NA,NA,NA,NA,NA,NA,NA,NA
37092586,Kozlow (2004),['Feedback'],['Toolkit: Feedback'],Primary outcome,['Toolkit: Feedback'],Primary outcome,['Toolkit: Feedback'],Primary outcome,['Toolkit: Feedback'],Primary outcome,['Toolkit: Feedback'],Secondary outcome(s),['Toolkit: Feedback'],Secondary outcome(s),['Toolkit: Feedback'],Secondary outcome(s),['Toolkit: Feedback'],Secondary outcome(s),['Toolkit: Feedback'],Secondary outcome(s),NA,NA
40294920,Kramarski (2009) FB,['Feedback'],['Toolkit: Feedback'],Primary outcome,['Toolkit: Feedback'],Secondary outcome(s),['Toolkit: Feedback'],Secondary outcome(s),['Toolkit: Feedback'],Secondary outcome(s),['Toolkit: Feedback'],Secondary outcome(s),['Toolkit: Feedback'],Secondary outcome(s),['Toolkit: Feedback'],Secondary outcome(s),NA,NA,NA,NA,NA,NA
40117142,Kuner-Roth (1985),['Extending school time'],NA,NA,NA,NA,NA,NA,NA,NA,NA,NA,NA,NA,NA,NA,NA,NA,NA,NA,NA,NA
37092670,Lacher (1983),['Feedback'],['Toolkit: Feedback'],Primary outcome,['Toolkit: Feedback'],Secondary outcome(s),NA,NA,NA,NA,NA,NA,NA,NA,NA,NA,NA,NA,NA,NA,NA,NA
37093356,Lamport (1982),['Peer tutoring'],['Toolkit: Peer Tutoring'],Primary outcome,['Toolkit: Peer Tutoring'],Primary outcome,['Toolkit: Peer Tutoring'],Secondary outcome(s),['Toolkit: Peer Tutoring'],Secondary outcome(s),['Toolkit: Peer Tutoring'],Secondary outcome(s),['Toolkit: Peer Tutoring'],Secondary outcome(s),NA,NA,NA,NA,NA,NA,NA,NA
40117259,Langberg (2007),['Extending school time'],['Toolkit: Extending school time'],Primary outcome,NA,NA,NA,NA,NA,NA,NA,NA,NA,NA,NA,NA,NA,NA,NA,NA,NA,NA
40117258,Langberg (2008),['Extending school time'],['Toolkit: Extending school time'],Primary outcome,['Toolkit: Homework'],Secondary outcome(s),NA,NA,NA,NA,NA,NA,NA,NA,NA,NA,NA,NA,NA,NA,NA,NA
40117206,Lauver (2002),['Extending school time'],['Toolkit: Extending school time'],Primary outcome,['Toolkit: Extending school time'],Secondary outcome(s),['Toolkit: Extending school time'],Secondary outcome(s),NA,NA,NA,NA,NA,NA,NA,NA,NA,NA,NA,NA,NA,NA
39253323,LeBoff (1995),['Summer schools'],NA,NA,NA,NA,NA,NA,NA,NA,NA,NA,NA,NA,NA,NA,NA,NA,NA,NA,NA,NA
40117260,Lee (2006),['Extending school time'],[],Primary outcome,[],Secondary outcome(s),NA,NA,NA,NA,NA,NA,NA,NA,NA,NA,NA,NA,NA,NA,NA,NA
37671606,Lee (2016),['Teaching assistants'],['Toolkit: Teaching assistants'],Primary outcome,['Toolkit: Teaching assistants'],Primary outcome,"['Toolkit: One to one tuition', 'Toolkit: Teaching assistants']",Secondary outcome(s),NA,NA,NA,NA,NA,NA,NA,NA,NA,NA,NA,NA,NA,NA
40117283,Legro (1990),['Extending school time'],NA,Primary outcome,NA,Primary outcome,NA,NA,NA,NA,NA,NA,NA,NA,NA,NA,NA,NA,NA,NA,NA,NA
38878267,Lennon (1999),['Small group tuition'],NA,NA,NA,NA,NA,NA,NA,NA,NA,NA,NA,NA,NA,NA,NA,NA,NA,NA,NA,NA
40117284,Leslie (1998),['Extending school time'],NA,NA,NA,NA,NA,NA,NA,NA,NA,NA,NA,NA,NA,NA,NA,NA,NA,NA,NA,NA
39253220,Leviton (1973),['Summer schools'],['Toolkit: Summer schools'],Primary outcome,['Toolkit: Summer schools'],Secondary outcome(s),[],Secondary outcome(s),['Toolkit: Summer schools'],Secondary outcome(s),NA,NA,NA,NA,NA,NA,NA,NA,NA,NA,NA,NA
39253291,Li (2009),['Summer schools'],['Toolkit: Summer schools'],Primary outcome,['Toolkit: Summer schools'],Primary outcome,NA,NA,NA,NA,NA,NA,NA,NA,NA,NA,NA,NA,NA,NA,NA,NA
40117261,Lightner (2010),['Extending school time'],[],Primary outcome,[],Secondary outcome(s),NA,NA,NA,NA,NA,NA,NA,NA,NA,NA,NA,NA,NA,NA,NA,NA
39253292,Linder (2004),['Summer schools'],['Toolkit: Summer schools'],Primary outcome,NA,NA,NA,NA,NA,NA,NA,NA,NA,NA,NA,NA,NA,NA,NA,NA,NA,NA
38296633,Lloyd (2015),['Peer tutoring'],['Toolkit: Peer Tutoring'],Primary outcome,['Toolkit: Peer Tutoring'],Primary outcome,['Toolkit: Peer Tutoring'],SES/FSM outcome,['Toolkit: Peer Tutoring'],SES/FSM outcome,NA,NA,NA,NA,NA,NA,NA,NA,NA,NA,NA,NA
38296634,Lloyd (2015),['Peer tutoring'],['Toolkit: Peer Tutoring'],Primary outcome,['Toolkit: Peer Tutoring'],Primary outcome,['Toolkit: Peer Tutoring'],SES/FSM outcome,['Toolkit: Peer Tutoring'],SES/FSM outcome,NA,NA,NA,NA,NA,NA,NA,NA,NA,NA,NA,NA
40294923,Lowenthal (1981) SGT,['Small group tuition'],NA,NA,NA,NA,NA,NA,NA,NA,NA,NA,NA,NA,NA,NA,NA,NA,NA,NA,NA,NA
39253327,Luftig (2003) 1_1,['Summer schools'],NA,NA,NA,NA,NA,NA,NA,NA,NA,NA,NA,NA,NA,NA,NA,NA,NA,NA,NA,NA
43090171,Luftig (2003) 1_2,['Summer schools'],['Toolkit: Summer schools'],Primary outcome,['Toolkit: Summer schools'],Primary outcome,NA,NA,NA,NA,NA,NA,NA,NA,NA,NA,NA,NA,NA,NA,NA,NA
37092587,Lumbelli (1999),['Feedback'],['Toolkit: Feedback'],Primary outcome,['Toolkit: Feedback'],Secondary outcome(s),NA,NA,NA,NA,NA,NA,NA,NA,NA,NA,NA,NA,NA,NA,NA,NA
37092588,MacArthur (1991),['Feedback'],['Toolkit: Feedback'],Primary outcome,['Toolkit: Feedback'],Secondary outcome(s),['Toolkit: Feedback'],Secondary outcome(s),NA,NA,NA,NA,NA,NA,NA,NA,NA,NA,NA,NA,NA,NA
37671566,MacLeod (2007),['Teaching assistants'],NA,NA,NA,NA,NA,NA,NA,NA,NA,NA,NA,NA,NA,NA,NA,NA,NA,NA,NA,NA
39253391,Mariano (2013),['Summer schools'],['Toolkit: Summer schools'],Primary outcome,['Toolkit: Summer schools'],Primary outcome,NA,NA,NA,NA,NA,NA,NA,NA,NA,NA,NA,NA,NA,NA,NA,NA
37093622,Mathes (1993),['Peer tutoring'],['Toolkit: Peer Tutoring'],Primary outcome,['Toolkit: Peer Tutoring'],Secondary outcome(s),['Toolkit: Peer Tutoring'],Secondary outcome(s),NA,NA,NA,NA,NA,NA,NA,NA,NA,NA,NA,NA,NA,NA
37093577,Mathes (1998),['Peer tutoring'],['Toolkit: Peer Tutoring'],Primary outcome,['Toolkit: Peer Tutoring'],Secondary outcome(s),['Toolkit: Peer Tutoring'],Secondary outcome(s),['Toolkit: Peer Tutoring'],Secondary outcome(s),['Toolkit: Peer Tutoring'],Secondary outcome(s),NA,NA,NA,NA,NA,NA,NA,NA,NA,NA
37116235,Mathes (2001) PT 1_1,['Peer tutoring'],['Toolkit: Peer Tutoring'],Primary outcome,['Toolkit: Peer Tutoring'],Secondary outcome(s),['Toolkit: Peer Tutoring'],Secondary outcome(s),['Toolkit: Peer Tutoring'],Secondary outcome(s),NA,NA,NA,NA,NA,NA,NA,NA,NA,NA,NA,NA
46325689,Mathes (2001) PT 1_2,['Peer tutoring'],NA,NA,NA,NA,NA,NA,NA,NA,NA,NA,NA,NA,NA,NA,NA,NA,NA,NA,NA,NA
37116234,Mathes (2003),['Peer tutoring'],['Toolkit: Peer Tutoring'],Primary outcome,['Toolkit: Peer Tutoring'],Secondary outcome(s),['Toolkit: Peer Tutoring'],Secondary outcome(s),['Toolkit: Peer Tutoring'],Secondary outcome(s),['Toolkit: Peer Tutoring'],Secondary outcome(s),['Toolkit: Peer Tutoring'],Secondary outcome(s),['Toolkit: Peer Tutoring'],Secondary outcome(s),['Toolkit: Peer Tutoring'],Secondary outcome(s),['Toolkit: Peer Tutoring'],Secondary outcome(s),['Toolkit: Peer Tutoring'],Secondary outcome(s)
38878258,Mathes (2005) 1_1,['Small group tuition'],"['Toolkit: Extending school time', 'Toolkit: Phonics', 'Toolkit: Small Group Tuition']",Primary outcome,['Toolkit: Small Group Tuition'],Secondary outcome(s),['Toolkit: Small Group Tuition'],Secondary outcome(s),"['Toolkit: Extending school time', 'Toolkit: Phonics', 'Toolkit: Small Group Tuition']",Secondary outcome(s),NA,NA,NA,NA,NA,NA,NA,NA,NA,NA,NA,NA
40294924,Mathes (2005) 1_2,['Small group tuition'],['Toolkit: Small Group Tuition'],Primary outcome,['Toolkit: Small Group Tuition'],Secondary outcome(s),['Toolkit: Small Group Tuition'],Secondary outcome(s),['Toolkit: Small Group Tuition'],Secondary outcome(s),['Toolkit: Small Group Tuition'],Secondary outcome(s),NA,NA,NA,NA,NA,NA,NA,NA,NA,NA
39253392,Matsudaira (2008),['Summer schools'],['Toolkit: Summer schools'],Primary outcome,[],Primary outcome,NA,NA,NA,NA,NA,NA,NA,NA,NA,NA,NA,NA,NA,NA,NA,NA
40117146,Matty (1978),['Extending school time'],['Toolkit: Extending school time'],Primary outcome,NA,NA,NA,NA,NA,NA,NA,NA,NA,NA,NA,NA,NA,NA,NA,NA,NA,NA
38296644,Maxwell (2014),['Summer schools'],['Toolkit: Summer schools'],Primary outcome,['Toolkit: Summer schools'],SES/FSM outcome,['Toolkit: Summer schools'],Secondary outcome(s),['Toolkit: Summer schools'],SES/FSM outcome,['Toolkit: Summer schools'],Secondary outcome(s),['Toolkit: Summer schools'],SES/FSM outcome,NA,NA,NA,NA,NA,NA,NA,NA
37092684,McClintock (1975),['Feedback'],['Toolkit: Feedback'],Primary outcome,NA,NA,NA,NA,NA,NA,NA,NA,NA,NA,NA,NA,NA,NA,NA,NA,NA,NA
37093360,McCracken (1979),['Peer tutoring'],['Toolkit: Peer Tutoring'],Primary outcome,['Toolkit: Peer Tutoring'],Secondary outcome(s),NA,NA,NA,NA,NA,NA,NA,NA,NA,NA,NA,NA,NA,NA,NA,NA
40117357,McKinney (1995),['Extending school time'],NA,NA,NA,NA,NA,NA,NA,NA,NA,NA,NA,NA,NA,NA,NA,NA,NA,NA,NA,NA
37671568,McNally (2016) Study 1_1,"['Teaching assistants', 'Small group tuition']","['Toolkit: Small Group Tuition', 'Toolkit: Teaching assistants']",Primary outcome,"['Toolkit: Small Group Tuition', 'Toolkit: Teaching assistants']",Primary outcome,['Toolkit: Digital technology'],Secondary outcome(s),['Toolkit: Digital technology'],Secondary outcome(s),"['Toolkit: Small Group Tuition', 'Toolkit: Teaching assistants']",SES/FSM outcome,NA,NA,NA,NA,NA,NA,NA,NA,NA,NA
39253295,Meehan (2005),['Summer schools'],['Toolkit: Summer schools'],Primary outcome,NA,NA,NA,NA,NA,NA,NA,NA,NA,NA,NA,NA,NA,NA,NA,NA,NA,NA
40117358,Meier (2001),['Extending school time'],NA,Primary outcome,NA,Secondary outcome(s),NA,NA,NA,NA,NA,NA,NA,NA,NA,NA,NA,NA,NA,NA,NA,NA
39253296,Melosh (2003),['Summer schools'],['Toolkit: Summer schools'],Primary outcome,['Toolkit: Summer schools'],Secondary outcome(s),['Toolkit: Summer schools'],Secondary outcome(s),['Toolkit: Summer schools'],Secondary outcome(s),NA,NA,NA,NA,NA,NA,NA,NA,NA,NA,NA,NA
37133945,Menesses (2009),['Peer tutoring'],['Toolkit: Peer Tutoring'],Primary outcome,NA,NA,NA,NA,NA,NA,NA,NA,NA,NA,NA,NA,NA,NA,NA,NA,NA,NA
38296647,Menzies (2015),['Extending school time'],['Toolkit: Extending school time'],Primary outcome,['Toolkit: Extending school time'],SES/FSM outcome,['Toolkit: Extending school time'],Secondary outcome(s),NA,NA,NA,NA,NA,NA,NA,NA,NA,NA,NA,NA,NA,NA
37671570,Merrell (2015),"['Teaching assistants', 'Phonics', 'Small group tuition']","['Toolkit: Phonics', 'Toolkit: Small Group Tuition', 'Toolkit: Teaching assistants']",Primary outcome,"['Toolkit: Phonics', 'Toolkit: Small Group Tuition', 'Toolkit: Teaching assistants']",Secondary outcome(s),"['Toolkit: Phonics', 'Toolkit: Small Group Tuition', 'Toolkit: Teaching assistants']",Secondary outcome(s),"['Toolkit: Phonics', 'Toolkit: Small Group Tuition', 'Toolkit: Teaching assistants']",Secondary outcome(s),"['Toolkit: Phonics', 'Toolkit: Small Group Tuition', 'Toolkit: Teaching assistants']",SES/FSM outcome,"['Toolkit: Phonics', 'Toolkit: Small Group Tuition', 'Toolkit: Teaching assistants']",SES/FSM outcome,NA,NA,NA,NA,NA,NA,NA,NA
40294926,Merrett (1996) FB,['Feedback'],['Toolkit: Feedback'],Primary outcome,['Toolkit: Feedback'],Secondary outcome(s),NA,NA,NA,NA,NA,NA,NA,NA,NA,NA,NA,NA,NA,NA,NA,NA
37133947,Merrill (2002),['Peer tutoring'],['Toolkit: Peer Tutoring'],Primary outcome,['Toolkit: Peer Tutoring'],Primary outcome,['Toolkit: Peer Tutoring'],Secondary outcome(s),['Toolkit: Peer Tutoring'],Secondary outcome(s),[],Secondary outcome(s),[],Secondary outcome(s),NA,NA,NA,NA,NA,NA,NA,NA
37093581,Mevarech (1991),['Peer tutoring'],['Toolkit: Peer Tutoring'],Primary outcome,NA,NA,NA,NA,NA,NA,NA,NA,NA,NA,NA,NA,NA,NA,NA,NA,NA,NA
37093579,Mevarech (1993),['Peer tutoring'],['Toolkit: Peer Tutoring'],Primary outcome,['Toolkit: Peer Tutoring'],Secondary outcome(s),['Toolkit: Peer Tutoring'],Secondary outcome(s),['Toolkit: Peer Tutoring'],Secondary outcome(s),['Toolkit: Peer Tutoring'],Secondary outcome(s),['Toolkit: Peer Tutoring'],Secondary outcome(s),NA,NA,NA,NA,NA,NA,NA,NA
37092589,Meyer (2010),['Feedback'],['Toolkit: Feedback'],Primary outcome,['Toolkit: Feedback'],Secondary outcome(s),['Toolkit: Feedback'],Secondary outcome(s),['Toolkit: Feedback'],Secondary outcome(s),['Toolkit: Feedback'],Secondary outcome(s),NA,NA,NA,NA,NA,NA,NA,NA,NA,NA
37671572,Miller (2003),['Teaching assistants'],['Toolkit: Teaching assistants'],Primary outcome,['Toolkit: Teaching assistants'],Secondary outcome(s),['Toolkit: Teaching assistants'],Secondary outcome(s),NA,NA,NA,NA,NA,NA,NA,NA,NA,NA,NA,NA,NA,NA
37091036,Mirkin (1979),['Feedback'],['Toolkit: Feedback'],Primary outcome,['Toolkit: Feedback'],Secondary outcome(s),['Toolkit: Feedback'],Secondary outcome(s),['Toolkit: Feedback'],Secondary outcome(s),NA,NA,NA,NA,NA,NA,NA,NA,NA,NA,NA,NA
40117150,Mitchell (1999),['Extending school time'],['Toolkit: Extending school time'],Primary outcome,['Toolkit: Extending school time'],Primary outcome,NA,NA,NA,NA,NA,NA,NA,NA,NA,NA,NA,NA,NA,NA,NA,NA
40117264,Molina (2008),['Extending school time'],['Toolkit: Extending school time'],Primary outcome,['Toolkit: Extending school time'],Secondary outcome(s),NA,NA,NA,NA,NA,NA,NA,NA,NA,NA,NA,NA,NA,NA,NA,NA
40117289,Mooney (1986),['Extending school time'],[],Primary outcome,NA,NA,NA,NA,NA,NA,NA,NA,NA,NA,NA,NA,NA,NA,NA,NA,NA,NA
43090186,Mooney (1986) PT,['Peer tutoring'],NA,Primary outcome,NA,NA,NA,NA,NA,NA,NA,NA,NA,NA,NA,NA,NA,NA,NA,NA,NA,NA
37061123,Moore (1961) 1_1,['Feedback'],['Toolkit: Feedback'],Primary outcome,NA,NA,NA,NA,NA,NA,NA,NA,NA,NA,NA,NA,NA,NA,NA,NA,NA,NA
40294931,Moore (1961) 1_2,['Feedback'],['Toolkit: Feedback'],Primary outcome,['Toolkit: Feedback'],Secondary outcome(s),NA,NA,NA,NA,NA,NA,NA,NA,NA,NA,NA,NA,NA,NA,NA,NA
40294930,Moore (1993) PT,['Peer tutoring'],['Toolkit: Peer Tutoring'],Primary outcome,['Toolkit: Peer Tutoring'],Secondary outcome(s),['Toolkit: Peer Tutoring'],Secondary outcome(s),NA,NA,NA,NA,NA,NA,NA,NA,NA,NA,NA,NA,NA,NA
40117359,Morris (1990),['Extending school time'],NA,Primary outcome,NA,Secondary outcome(s),NA,Secondary outcome(s),NA,Secondary outcome(s),NA,NA,NA,NA,NA,NA,NA,NA,NA,NA,NA,NA
40117214,Morrison (2000),['Extending school time'],['Toolkit: Extending school time'],Primary outcome,NA,NA,NA,NA,NA,NA,NA,NA,NA,NA,NA,NA,NA,NA,NA,NA,NA,NA
37671607,Muijs (2003),['Teaching assistants'],['Toolkit: Teaching assistants'],Primary outcome,NA,NA,NA,NA,NA,NA,NA,NA,NA,NA,NA,NA,NA,NA,NA,NA,NA,NA
37116214,Naseerali (2013),['Peer tutoring'],['Toolkit: Peer Tutoring'],Primary outcome,NA,NA,NA,NA,NA,NA,NA,NA,NA,NA,NA,NA,NA,NA,NA,NA,NA,NA
37092701,Neenan (1986) 1_1,['Feedback'],['Toolkit: Feedback'],Primary outcome,['Toolkit: Feedback'],Secondary outcome(s),['Toolkit: Feedback'],Secondary outcome(s),['Toolkit: Feedback'],Secondary outcome(s),NA,NA,NA,NA,NA,NA,NA,NA,NA,NA,NA,NA
37671575,Nelson (2010),['Teaching assistants'],"['Toolkit: Phonics', 'Toolkit: Small Group Tuition', 'Toolkit: Teaching assistants']",Primary outcome,"['Toolkit: Phonics', 'Toolkit: Small Group Tuition', 'Toolkit: Teaching assistants']",Secondary outcome(s),"['Toolkit: Phonics', 'Toolkit: Small Group Tuition', 'Toolkit: Teaching assistants']",Secondary outcome(s),"['Toolkit: Phonics', 'Toolkit: Small Group Tuition', 'Toolkit: Teaching assistants']",Secondary outcome(s),NA,NA,NA,NA,NA,NA,NA,NA,NA,NA,NA,NA
40117215,Neufeld (1995),['Extending school time'],NA,NA,NA,NA,NA,NA,NA,NA,NA,NA,NA,NA,NA,NA,NA,NA,NA,NA,NA,NA
37133954,Novotni (1985),['Peer tutoring'],['Toolkit: Peer Tutoring'],Primary outcome,NA,NA,NA,NA,NA,NA,NA,NA,NA,NA,NA,NA,NA,NA,NA,NA,NA,NA
38296657,Nunes (2018),"['Small group tuition', 'Teaching assistants']","['Toolkit: Small Group Tuition', 'Toolkit: Teaching assistants']",Primary outcome,"['Toolkit: Small Group Tuition', 'Toolkit: Teaching assistants']",SES/FSM outcome,"['Toolkit: Small Group Tuition', 'Toolkit: Teaching assistants']",Secondary outcome(s),NA,NA,NA,NA,NA,NA,NA,NA,NA,NA,NA,NA,NA,NA
37093585,Oakland (1975),['Peer tutoring'],['Toolkit: Peer Tutoring'],Primary outcome,['Toolkit: Peer Tutoring'],Secondary outcome(s),NA,NA,NA,NA,NA,NA,NA,NA,NA,NA,NA,NA,NA,NA,NA,NA
37092590,Olson (1990),['Feedback'],['Toolkit: Feedback'],Primary outcome,NA,NA,NA,NA,NA,NA,NA,NA,NA,NA,NA,NA,NA,NA,NA,NA,NA,NA
37092703,Oner (1977),['Feedback'],['Toolkit: Feedback'],Primary outcome,NA,NA,NA,NA,NA,NA,NA,NA,NA,NA,NA,NA,NA,NA,NA,NA,NA,NA
37092704,Onyehalu (1983),['Feedback'],['Toolkit: Feedback'],Primary outcome,[],Secondary outcome(s),NA,NA,NA,NA,NA,NA,NA,NA,NA,NA,NA,NA,NA,NA,NA,NA
39253393,Opalinski (2006),['Summer schools'],['Toolkit: Summer schools'],Primary outcome,['Toolkit: Summer schools'],SES/FSM outcome,NA,NA,NA,NA,NA,NA,NA,NA,NA,NA,NA,NA,NA,NA,NA,NA
40294937,Osguthorpe (1986) PT,['Peer tutoring'],['Toolkit: Peer Tutoring'],Primary outcome,NA,NA,NA,NA,NA,NA,NA,NA,NA,NA,NA,NA,NA,NA,NA,NA,NA,NA
40117154,Paloczy (1997),['Extending school time'],['Toolkit: Extending school time'],Primary outcome,['Toolkit: Extending school time'],Primary outcome,NA,NA,NA,NA,NA,NA,NA,NA,NA,NA,NA,NA,NA,NA,NA,NA
37133956,Paquette (2003),['Peer tutoring'],['Toolkit: Peer Tutoring'],Primary outcome,['Toolkit: Peer Tutoring'],Primary outcome,NA,NA,NA,NA,NA,NA,NA,NA,NA,NA,NA,NA,NA,NA,NA,NA
37092591,Paquette (2009) 1_1,"['Feedback', 'Peer tutoring']","['Toolkit: Feedback', 'Toolkit: Peer Tutoring']",Primary outcome,NA,NA,NA,NA,NA,NA,NA,NA,NA,NA,NA,NA,NA,NA,NA,NA,NA,NA
40294939,Paquette (2009) 1_2,"['Peer tutoring', 'Feedback']","['Toolkit: Feedback', 'Toolkit: Peer Tutoring']",Primary outcome,NA,NA,NA,NA,NA,NA,NA,NA,NA,NA,NA,NA,NA,NA,NA,NA,NA,NA
37133957,Parham (1993),['Peer tutoring'],['Toolkit: Peer Tutoring'],Primary outcome,NA,NA,NA,NA,NA,NA,NA,NA,NA,NA,NA,NA,NA,NA,NA,NA,NA,NA
39253299,Paris (2004),['Summer schools'],['Toolkit: Summer schools'],Primary outcome,NA,NA,NA,NA,NA,NA,NA,NA,NA,NA,NA,NA,NA,NA,NA,NA,NA,NA
38296659,Patel (2017),"['Teaching assistants', 'One to one tuition']","['Toolkit: One to one tuition', 'Toolkit: Teaching assistants']",Primary outcome,"['Toolkit: One to one tuition', 'Toolkit: Teaching assistants']",SES/FSM outcome,NA,NA,NA,NA,NA,NA,NA,NA,NA,NA,NA,NA,NA,NA,NA,NA
37061141,Peeck (1979),['Feedback'],['Toolkit: Feedback'],Primary outcome,NA,NA,NA,NA,NA,NA,NA,NA,NA,NA,NA,NA,NA,NA,NA,NA,NA,NA
37061139,Peeck (1985) 1_1,['Feedback'],['Toolkit: Feedback'],Primary outcome,['Toolkit: Feedback'],Secondary outcome(s),NA,NA,NA,NA,NA,NA,NA,NA,NA,NA,NA,NA,NA,NA,NA,NA
40294942,Peeck (1985) 1_2,['Feedback'],['Toolkit: Feedback'],Primary outcome,['Toolkit: Feedback'],Primary outcome,NA,NA,NA,NA,NA,NA,NA,NA,NA,NA,NA,NA,NA,NA,NA,NA
37092708,Perkins (1988),['Feedback'],['Toolkit: Feedback'],Primary outcome,['Toolkit: Feedback'],Secondary outcome(s),NA,NA,NA,NA,NA,NA,NA,NA,NA,NA,NA,NA,NA,NA,NA,NA
40294947,Peterson (1979) SGT,['Small group tuition'],['Toolkit: Small Group Tuition'],Primary outcome,['Toolkit: Small Group Tuition'],Secondary outcome(s),['Toolkit: Small Group Tuition'],Secondary outcome(s),NA,NA,NA,NA,NA,NA,NA,NA,NA,NA,NA,NA,NA,NA
37093590,Phelps (1989),['Peer tutoring'],['Toolkit: Peer Tutoring'],Primary outcome,NA,NA,NA,NA,NA,NA,NA,NA,NA,NA,NA,NA,NA,NA,NA,NA,NA,NA
37092592,Philippakos (2012),['Feedback'],['Toolkit: Feedback'],Primary outcome,NA,NA,NA,NA,NA,NA,NA,NA,NA,NA,NA,NA,NA,NA,NA,NA,NA,NA
38878269,Pinnell (1994),['Small group tuition'],['Toolkit: Small Group Tuition'],Primary outcome,['Toolkit: Small Group Tuition'],Secondary outcome(s),NA,NA,NA,NA,NA,NA,NA,NA,NA,NA,NA,NA,NA,NA,NA,NA
40117157,Powers (1974),['Extending school time'],['Toolkit: Extending school time'],Primary outcome,['Toolkit: Extending school time'],Secondary outcome(s),NA,NA,NA,NA,NA,NA,NA,NA,NA,NA,NA,NA,NA,NA,NA,NA
37092593,Prater (1993),['Feedback'],['Toolkit: Feedback'],Primary outcome,['Toolkit: Feedback'],Secondary outcome(s),['Toolkit: Feedback'],Secondary outcome(s),['Toolkit: Feedback'],Secondary outcome(s),NA,NA,NA,NA,NA,NA,NA,NA,NA,NA,NA,NA
40117291,Prenovost (2001),['Extending school time'],NA,NA,NA,NA,NA,NA,NA,NA,NA,NA,NA,NA,NA,NA,NA,NA,NA,NA,NA,NA
38878270,Ransford-Kaldon (2010),['Small group tuition'],['Toolkit: Small Group Tuition'],Primary outcome,['Toolkit: Small Group Tuition'],Secondary outcome(s),NA,NA,NA,NA,NA,NA,NA,NA,NA,NA,NA,NA,NA,NA,NA,NA
38878271,Rashotte (2001),['Small group tuition'],['Toolkit: Small Group Tuition'],Primary outcome,NA,NA,NA,NA,NA,NA,NA,NA,NA,NA,NA,NA,NA,NA,NA,NA,NA,NA
37671611,Ratcliff (2009),['Teaching assistants'],['Toolkit: Teaching assistants'],Primary outcome,['Toolkit: Teaching assistants'],Secondary outcome(s),['Toolkit: Teaching assistants'],Secondary outcome(s),['Toolkit: Teaching assistants'],Secondary outcome(s),['Toolkit: Teaching assistants'],Secondary outcome(s),NA,NA,NA,NA,NA,NA,NA,NA,NA,NA
39253229,Rawson (1993),['Summer schools'],NA,NA,NA,NA,NA,NA,NA,NA,NA,NA,NA,NA,NA,NA,NA,NA,NA,NA,NA,NA
39253334,Reed (2001),['Summer schools'],['Toolkit: Summer schools'],Primary outcome,['Toolkit: Summer schools'],Primary outcome,NA,NA,NA,NA,NA,NA,NA,NA,NA,NA,NA,NA,NA,NA,NA,NA
37092715,Reid (1988),['Feedback'],['Toolkit: Feedback'],Primary outcome,NA,NA,NA,NA,NA,NA,NA,NA,NA,NA,NA,NA,NA,NA,NA,NA,NA,NA
40117178,Reisner (2004),['Extending school time'],NA,Primary outcome,NA,Secondary outcome(s),NA,NA,NA,NA,NA,NA,NA,NA,NA,NA,NA,NA,NA,NA,NA,NA
39253335,Rembert (1986),['Summer schools'],NA,NA,NA,NA,NA,NA,NA,NA,NA,NA,NA,NA,NA,NA,NA,NA,NA,NA,NA,NA
37092594,Reynolds (1988),['Feedback'],['Toolkit: Feedback'],Primary outcome,['Toolkit: Feedback'],Secondary outcome(s),NA,NA,NA,NA,NA,NA,NA,NA,NA,NA,NA,NA,NA,NA,NA,NA
37092778,Rickards (1978),['Feedback'],['Toolkit: Feedback'],Primary outcome,['Toolkit: Feedback'],Primary outcome,['Toolkit: Feedback'],Secondary outcome(s),['Toolkit: Feedback'],Secondary outcome(s),NA,Secondary outcome(s),['Toolkit: Feedback'],Secondary outcome(s),['Toolkit: Feedback'],Secondary outcome(s),['Toolkit: Feedback'],Secondary outcome(s),['Toolkit: Feedback'],Secondary outcome(s),NA,Secondary outcome(s)
38296661,Rienzo (2016),['Feedback'],['Toolkit: Feedback'],Primary outcome,['Toolkit: Feedback'],Secondary outcome(s),['Toolkit: Feedback'],SES/FSM outcome,['Toolkit: Feedback'],SES/FSM outcome,NA,NA,NA,NA,NA,NA,NA,NA,NA,NA,NA,NA
39253336,Riley (1997),['Summer schools'],['Toolkit: Summer schools'],Primary outcome,NA,NA,NA,NA,NA,NA,NA,NA,NA,NA,NA,NA,NA,NA,NA,NA,NA,NA
40117295,Riley (1997),['Extending school time'],['Toolkit: Extending school time'],Primary outcome,NA,NA,NA,NA,NA,NA,NA,NA,NA,NA,NA,NA,NA,NA,NA,NA,NA,NA
40117160,Ritter (1992),['Extending school time'],['Toolkit: Extending school time'],Primary outcome,NA,NA,NA,NA,NA,NA,NA,NA,NA,NA,NA,NA,NA,NA,NA,NA,NA,NA
37671612,Roberts (2010),['Teaching assistants'],"['Toolkit: One to one tuition', 'Toolkit: Teaching assistants']",Primary outcome,NA,NA,NA,NA,NA,NA,NA,NA,NA,NA,NA,NA,NA,NA,NA,NA,NA,NA
38878272,Rolfhus (2012),['Small group tuition'],['Toolkit: Small Group Tuition'],Primary outcome,NA,NA,NA,NA,NA,NA,NA,NA,NA,NA,NA,NA,NA,NA,NA,NA,NA,NA
37092595,Rosenthal (2006),['Feedback'],['Toolkit: Feedback'],Primary outcome,['Toolkit: Feedback'],Secondary outcome(s),['Toolkit: Feedback'],Secondary outcome(s),['Toolkit: Feedback'],Secondary outcome(s),NA,NA,NA,NA,NA,NA,NA,NA,NA,NA,NA,NA
40294951,Roussey (1992) FB,['Feedback'],NA,NA,NA,NA,NA,NA,NA,NA,NA,NA,NA,NA,NA,NA,NA,NA,NA,NA,NA,NA
40398944,Roy (2019),"['One to one tuition', 'Phonics', 'Teaching assistants']","['Toolkit: One to one tuition', 'Toolkit: Teaching assistants']",Primary outcome,"['Toolkit: One to one tuition', 'Toolkit: Teaching assistants']",SES/FSM outcome,"['Toolkit: One to one tuition', 'Toolkit: Teaching assistants']",Secondary outcome(s),"['Toolkit: One to one tuition', 'Toolkit: Teaching assistants']",Secondary outcome(s),NA,NA,NA,NA,NA,NA,NA,NA,NA,NA,NA,NA
37092719,Rust (1977),['Feedback'],['Toolkit: Feedback'],Primary outcome,['Toolkit: Feedback'],Secondary outcome(s),NA,NA,NA,NA,NA,NA,NA,NA,NA,NA,NA,NA,NA,NA,NA,NA
38296668,Rutt (2014),"['Teaching assistants', 'One to one tuition']","['Toolkit: One to one tuition', 'Toolkit: Teaching assistants']",Primary outcome,"['Toolkit: One to one tuition', 'Toolkit: Teaching assistants']",Primary outcome,['Toolkit: Teaching assistants'],SES/FSM outcome,NA,NA,NA,NA,NA,NA,NA,NA,NA,NA,NA,NA,NA,NA
38296667,Rutt (2015),"['Teaching assistants', 'Phonics', 'One to one tuition']","['Toolkit: One to one tuition', 'Toolkit: Phonics', 'Toolkit: Teaching assistants']",Primary outcome,"['Toolkit: One to one tuition', 'Toolkit: Phonics', 'Toolkit: Teaching assistants']",SES/FSM outcome,NA,NA,NA,NA,NA,NA,NA,NA,NA,NA,NA,NA,NA,NA,NA,NA
37133962,Sanderson (1992),['Peer tutoring'],['Toolkit: Peer Tutoring'],Primary outcome,NA,NA,NA,NA,NA,NA,NA,NA,NA,NA,NA,NA,NA,NA,NA,NA,NA,NA
39253394,Schacter (2005),['Summer schools'],NA,NA,NA,NA,NA,NA,NA,NA,NA,NA,NA,NA,NA,NA,NA,NA,NA,NA,NA,NA
40117223,Schinke (1988),['Extending school time'],['Toolkit: Extending school time'],Primary outcome,NA,NA,NA,NA,NA,NA,NA,NA,NA,NA,NA,NA,NA,NA,NA,NA,NA,NA
40117180,Schinke (2000),['Extending school time'],['Toolkit: Extending school time'],Primary outcome,['Toolkit: Extending school time'],Secondary outcome(s),['Toolkit: Extending school time'],Secondary outcome(s),NA,NA,NA,NA,NA,NA,NA,NA,NA,NA,NA,NA,NA,NA
37092597,Schunk (1993),['Feedback'],['Toolkit: Feedback'],Primary outcome,['Toolkit: Feedback'],Secondary outcome(s),NA,NA,NA,NA,NA,NA,NA,NA,NA,NA,NA,NA,NA,NA,NA,NA
37092598,Schunk (1993) 1_1,['Feedback'],['Toolkit: Feedback'],Primary outcome,['Toolkit: Feedback'],Secondary outcome(s),NA,NA,NA,NA,NA,NA,NA,NA,NA,NA,NA,NA,NA,NA,NA,NA
43090192,Schunk (1993) 1_2,['Feedback'],NA,NA,NA,NA,NA,NA,NA,NA,NA,NA,NA,NA,NA,NA,NA,NA,NA,NA,NA,NA
40294954,Scruggs (1986) PT 1_1,['Peer tutoring'],['Toolkit: Peer Tutoring'],Primary outcome,NA,NA,NA,NA,NA,NA,NA,NA,NA,NA,NA,NA,NA,NA,NA,NA,NA,NA
40294955,Scruggs (1986) PT 1_2,['Peer tutoring'],['Toolkit: Peer Tutoring'],Primary outcome,['Toolkit: Peer Tutoring'],Secondary outcome(s),NA,NA,NA,NA,NA,NA,NA,NA,NA,NA,NA,NA,NA,NA,NA,NA
38296671,See (2018),"['Teaching assistants', 'One to one tuition']","['Toolkit: One to one tuition', 'Toolkit: Teaching assistants']",Primary outcome,"['Toolkit: One to one tuition', 'Toolkit: Teaching assistants']",Secondary outcome(s),"['Toolkit: One to one tuition', 'Toolkit: Teaching assistants']",SES/FSM outcome,"['Toolkit: One to one tuition', 'Toolkit: Teaching assistants']",SES/FSM outcome,NA,NA,NA,NA,NA,NA,NA,NA,NA,NA,NA,NA
39253304,Seward (2009),['Summer schools'],['Toolkit: Summer schools'],Primary outcome,NA,NA,NA,NA,NA,NA,NA,NA,NA,NA,NA,NA,NA,NA,NA,NA,NA,NA
37093595,Sharpley (1983),['Peer tutoring'],['Toolkit: Peer Tutoring'],Primary outcome,['Toolkit: Peer Tutoring'],Primary outcome,NA,NA,NA,NA,NA,NA,NA,NA,NA,NA,NA,NA,NA,NA,NA,NA
38296672,Sheard (2015),"['Small group tuition', 'Phonics', 'Teaching assistants']","['Toolkit: Phonics', 'Toolkit: Small Group Tuition', 'Toolkit: Teaching assistants']",Primary outcome,"['Toolkit: Phonics', 'Toolkit: Small Group Tuition', 'Toolkit: Teaching assistants']",SES/FSM outcome,"['Toolkit: Phonics', 'Toolkit: Small Group Tuition', 'Toolkit: Teaching assistants']",Secondary outcome(s),"['Toolkit: Phonics', 'Toolkit: Small Group Tuition', 'Toolkit: Teaching assistants']",SES/FSM outcome,NA,NA,NA,NA,NA,NA,NA,NA,NA,NA,NA,NA
40117166,Shields (1996),['Extending school time'],NA,NA,NA,NA,NA,NA,NA,NA,NA,NA,NA,NA,NA,NA,NA,NA,NA,NA,NA,NA
43090193,Shisler (1986) PT,['Peer tutoring'],[],Primary outcome,['Toolkit: Peer Tutoring'],Primary outcome,['Toolkit: Peer Tutoring'],Primary outcome,NA,NA,NA,NA,NA,NA,NA,NA,NA,NA,NA,NA,NA,NA
37671584,Sibieta (2016),['Teaching assistants'],['Toolkit: Teaching assistants'],Primary outcome,['Toolkit: Teaching assistants'],Secondary outcome(s),['Toolkit: Teaching assistants'],Secondary outcome(s),['Toolkit: Teaching assistants'],Secondary outcome(s),"['Toolkit: One to one tuition', 'Toolkit: Teaching assistants']",Secondary outcome(s),['Toolkit: Teaching assistants'],Secondary outcome(s),"['Toolkit: One to one tuition', 'Toolkit: Teaching assistants']",Secondary outcome(s),NA,NA,NA,NA,NA,NA
37671585,Sibieta (2016),['Teaching assistants'],['Toolkit: Teaching assistants'],Primary outcome,['Toolkit: Teaching assistants'],Primary outcome,['Toolkit: Teaching assistants'],Secondary outcome(s),['Toolkit: Teaching assistants'],Secondary outcome(s),NA,NA,NA,NA,NA,NA,NA,NA,NA,NA,NA,NA
38296673,Sibieta (2016),"['Teaching assistants', 'One to one tuition']","['Toolkit: One to one tuition', 'Toolkit: Teaching assistants']",Primary outcome,"['Toolkit: One to one tuition', 'Toolkit: Teaching assistants']",Secondary outcome(s),"['Toolkit: One to one tuition', 'Toolkit: Teaching assistants']",Secondary outcome(s),NA,NA,NA,NA,NA,NA,NA,NA,NA,NA,NA,NA,NA,NA
38296676,Siddiqui (2014),['Summer schools'],['Toolkit: Summer schools'],Primary outcome,['Toolkit: Summer schools'],Secondary outcome(s),['Toolkit: Summer schools'],SES/FSM outcome,['Toolkit: Summer schools'],SES/FSM outcome,NA,NA,NA,NA,NA,NA,NA,NA,NA,NA,NA,NA
38296677,Siddiqui (2014),['Feedback'],['Toolkit: Feedback'],Primary outcome,['Toolkit: Feedback'],Secondary outcome(s),['Toolkit: Feedback'],Secondary outcome(s),NA,NA,NA,NA,NA,NA,NA,NA,NA,NA,NA,NA,NA,NA
37133964,Siemens (2001),['Peer tutoring'],['Toolkit: Peer Tutoring'],Primary outcome,NA,NA,NA,NA,NA,NA,NA,NA,NA,NA,NA,NA,NA,NA,NA,NA,NA,NA
37093596,Simmons (1995),['Peer tutoring'],['Toolkit: Peer Tutoring'],Primary outcome,NA,NA,NA,NA,NA,NA,NA,NA,NA,NA,NA,NA,NA,NA,NA,NA,NA,NA
38878122,Sindelar (1982),['Small group tuition'],['Toolkit: Small Group Tuition'],Primary outcome,NA,NA,NA,NA,NA,NA,NA,NA,NA,NA,NA,NA,NA,NA,NA,NA,NA,NA
37093365,Singh (1981),['Peer tutoring'],['Toolkit: Peer Tutoring'],Primary outcome,['Toolkit: Peer Tutoring'],Secondary outcome(s),['Toolkit: Peer Tutoring'],Secondary outcome(s),['Toolkit: Peer Tutoring'],Secondary outcome(s),NA,NA,NA,NA,NA,NA,NA,NA,NA,NA,NA,NA
40117298,Smeallie (1997),['Extending school time'],NA,Primary outcome,NA,NA,NA,NA,NA,NA,NA,NA,NA,NA,NA,NA,NA,NA,NA,NA,NA,NA
37133968,Smith (2010),"['Peer tutoring', 'Digital technology']",['Toolkit: Peer Tutoring'],Primary outcome,['Toolkit: Digital technology'],Primary outcome,NA,NA,NA,NA,NA,NA,NA,NA,NA,NA,NA,NA,NA,NA,NA,NA
37092727,Sonnenschein (1986),['Feedback'],['Toolkit: Feedback'],Primary outcome,['Toolkit: Feedback'],Secondary outcome(s),['Toolkit: Feedback'],Secondary outcome(s),['Toolkit: Feedback'],Secondary outcome(s),NA,NA,NA,NA,NA,NA,NA,NA,NA,NA,NA,NA
40117168,Sorensen (1995),['Extending school time'],[],Primary outcome,NA,NA,NA,NA,NA,NA,NA,NA,NA,NA,NA,NA,NA,NA,NA,NA,NA,NA
38296682,Speckesser (2018),['Feedback'],['Toolkit: Feedback'],Primary outcome,['Toolkit: Feedback'],SES/FSM outcome,NA,NA,NA,NA,NA,NA,NA,NA,NA,NA,NA,NA,NA,NA,NA,NA
37116236,Sprer (2009),['Peer tutoring'],['Toolkit: Peer Tutoring'],Primary outcome,NA,NA,NA,NA,NA,NA,NA,NA,NA,NA,NA,NA,NA,NA,NA,NA,NA,NA
40117229,St Pierre (2001),['Extending school time'],NA,Primary outcome,NA,NA,NA,NA,NA,NA,NA,NA,NA,NA,NA,NA,NA,NA,NA,NA,NA,NA
37093602,Stainback (1972),['Peer tutoring'],['Toolkit: Peer Tutoring'],Primary outcome,['Toolkit: Peer Tutoring'],Secondary outcome(s),NA,NA,NA,NA,NA,NA,NA,NA,NA,NA,NA,NA,NA,NA,NA,NA
37116233,Stein (2008),['Peer tutoring'],['Toolkit: Peer Tutoring'],Primary outcome,['Toolkit: Peer Tutoring'],Secondary outcome(s),['Toolkit: Peer Tutoring'],Secondary outcome(s),NA,NA,NA,NA,NA,NA,NA,NA,NA,NA,NA,NA,NA,NA
37133971,Stephens (2002),['Peer tutoring'],['Toolkit: Peer Tutoring'],Primary outcome,['Toolkit: Peer Tutoring'],Primary outcome,['Toolkit: Peer Tutoring'],Secondary outcome(s),['Toolkit: Peer Tutoring'],Secondary outcome(s),['Toolkit: Peer Tutoring'],Secondary outcome(s),['Toolkit: Peer Tutoring'],Secondary outcome(s),NA,NA,NA,NA,NA,NA,NA,NA
37093603,Stevens (1987),['Peer tutoring'],['Toolkit: Peer Tutoring'],Primary outcome,['Toolkit: Peer Tutoring'],Secondary outcome(s),['Toolkit: Peer Tutoring'],Secondary outcome(s),['Toolkit: Peer Tutoring'],Secondary outcome(s),NA,NA,NA,NA,NA,NA,NA,NA,NA,NA,NA,NA
38296685,Styles (2014),"['Extending school time', 'Small group tuition']","['Toolkit: Extending school time', 'Toolkit: Small Group Tuition']",Primary outcome,"['Toolkit: Extending school time', 'Toolkit: Small Group Tuition']",Primary outcome,"['Toolkit: Extending school time', 'Toolkit: Small Group Tuition']",SES/FSM outcome,"['Toolkit: Extending school time', 'Toolkit: Small Group Tuition']",SES/FSM outcome,"['Toolkit: Extending school time', 'Toolkit: Small Group Tuition']",Secondary outcome(s),"['Toolkit: Extending school time', 'Toolkit: Small Group Tuition']",Secondary outcome(s),"['Toolkit: Extending school time', 'Toolkit: Small Group Tuition']",Secondary outcome(s),"['Toolkit: Extending school time', 'Toolkit: Small Group Tuition']",Secondary outcome(s),NA,NA,NA,NA
37671586,Styles (2015),['Teaching assistants'],['Toolkit: Teaching assistants'],Primary outcome,['Toolkit: Teaching assistants'],Secondary outcome(s),['Toolkit: Teaching assistants'],SES/FSM outcome,['Toolkit: Teaching assistants'],Secondary outcome(s),['Toolkit: Teaching assistants'],Secondary outcome(s),['Toolkit: Teaching assistants'],Secondary outcome(s),NA,NA,NA,NA,NA,NA,NA,NA
37093606,Sutherland (1999),['Peer tutoring'],['Toolkit: Peer Tutoring'],Primary outcome,['Toolkit: Peer Tutoring'],Secondary outcome(s),NA,NA,NA,NA,NA,NA,NA,NA,NA,NA,NA,NA,NA,NA,NA,NA
37671517,Swain (2010),['Teaching assistants'],['Toolkit: Teaching assistants'],Primary outcome,['Toolkit: Teaching assistants'],Secondary outcome(s),NA,NA,NA,NA,NA,NA,NA,NA,NA,NA,NA,NA,NA,NA,NA,NA
37092790,Swanson (1977),['Feedback'],['Toolkit: Feedback'],Primary outcome,['Toolkit: Feedback'],Secondary outcome(s),NA,NA,NA,NA,NA,NA,NA,NA,NA,NA,NA,NA,NA,NA,NA,NA
37093367,Swenson (1975),['Peer tutoring'],['Toolkit: Peer Tutoring'],Primary outcome,NA,NA,NA,NA,NA,NA,NA,NA,NA,NA,NA,NA,NA,NA,NA,NA,NA,NA
37061134,Tait (1973) 1_1,['Feedback'],['Toolkit: Feedback'],Primary outcome,NA,NA,NA,NA,NA,NA,NA,NA,NA,NA,NA,NA,NA,NA,NA,NA,NA,NA
40294957,Tait (1973) 1_2,['Feedback'],['Toolkit: Feedback'],Primary outcome,NA,NA,NA,NA,NA,NA,NA,NA,NA,NA,NA,NA,NA,NA,NA,NA,NA,NA
37093607,Taylor (1997),['Peer tutoring'],['Toolkit: Peer Tutoring'],Primary outcome,NA,NA,NA,NA,NA,NA,NA,NA,NA,NA,NA,NA,NA,NA,NA,NA,NA,NA
37133974,Taylor (2002),['Peer tutoring'],['Toolkit: Peer Tutoring'],Primary outcome,['Toolkit: Peer Tutoring'],Secondary outcome(s),['Toolkit: Peer Tutoring'],Secondary outcome(s),NA,NA,NA,NA,NA,NA,NA,NA,NA,NA,NA,NA,NA,NA
45336793,Tenenbaum (1982) FB 1_1,['Feedback'],NA,NA,NA,NA,NA,NA,NA,NA,NA,NA,NA,NA,NA,NA,NA,NA,NA,NA,NA,NA
45336794,Tenenbaum (1982) FB 1_2,['Feedback'],NA,NA,NA,NA,NA,NA,NA,NA,NA,NA,NA,NA,NA,NA,NA,NA,NA,NA,NA,NA
40294958,Tenenbaum (1986) FB,['Feedback'],['Toolkit: Feedback'],Primary outcome,['Toolkit: Feedback'],Secondary outcome(s),['Toolkit: Feedback'],Secondary outcome(s),NA,NA,NA,NA,NA,NA,NA,NA,NA,NA,NA,NA,NA,NA
37133976,Tierney (2005),['Peer tutoring'],['Toolkit: Peer Tutoring'],Primary outcome,['Toolkit: Peer Tutoring'],Primary outcome,['Toolkit: Peer Tutoring'],Secondary outcome(s),['Toolkit: Peer Tutoring'],Secondary outcome(s),NA,NA,NA,NA,NA,NA,NA,NA,NA,NA,NA,NA
37061135,Tobias (1984),['Feedback'],['Toolkit: Feedback'],Primary outcome,NA,NA,NA,NA,NA,NA,NA,NA,NA,NA,NA,NA,NA,NA,NA,NA,NA,NA
37092791,Tokar (1976),['Feedback'],['Toolkit: Feedback'],Primary outcome,['Toolkit: Feedback'],Secondary outcome(s),NA,NA,NA,NA,NA,NA,NA,NA,NA,NA,NA,NA,NA,NA,NA,NA
37092612,Tomita (2008),['Feedback'],['Toolkit: Feedback'],Primary outcome,['Toolkit: Feedback'],Primary outcome,NA,NA,NA,NA,NA,NA,NA,NA,NA,NA,NA,NA,NA,NA,NA,NA
43090197,Top (1985) PT,['Peer tutoring'],['Toolkit: Peer Tutoring'],Primary outcome,['Toolkit: Peer Tutoring'],Primary outcome,['Toolkit: Peer Tutoring'],Primary outcome,['Toolkit: Peer Tutoring'],Secondary outcome(s),['Toolkit: Peer Tutoring'],Secondary outcome(s),['Toolkit: Peer Tutoring'],Secondary outcome(s),['Toolkit: Peer Tutoring'],Secondary outcome(s),NA,NA,NA,NA,NA,NA
43090198,Top (1987) PT,['Peer tutoring'],NA,Primary outcome,NA,Primary outcome,NA,NA,NA,NA,NA,NA,NA,NA,NA,NA,NA,NA,NA,NA,NA,NA
37133980,Topping (2004),['Peer tutoring'],['Toolkit: Peer Tutoring'],Primary outcome,['Toolkit: Peer Tutoring'],Primary outcome,NA,NA,NA,NA,NA,NA,NA,NA,NA,NA,NA,NA,NA,NA,NA,NA
37133982,Topping (2004),['Peer tutoring'],['Toolkit: Peer Tutoring'],Primary outcome,['Toolkit: Peer Tutoring'],Primary outcome,['Toolkit: Peer Tutoring'],Secondary outcome(s),['Toolkit: Peer Tutoring'],Secondary outcome(s),NA,NA,NA,NA,NA,NA,NA,NA,NA,NA,NA,NA
37116207,Topping (2011),['Peer tutoring'],['Toolkit: Peer Tutoring'],Primary outcome,['Toolkit: Peer Tutoring'],Primary outcome,['Toolkit: Peer Tutoring'],Primary outcome,NA,Secondary outcome(s),NA,NA,NA,NA,NA,NA,NA,NA,NA,NA,NA,NA
38296692,Torgerson (2014),['Summer schools'],NA,NA,NA,NA,NA,NA,NA,NA,NA,NA,NA,NA,NA,NA,NA,NA,NA,NA,NA,NA
38296693,Torgerson (2014),['Small group tuition'],['Toolkit: Small Group Tuition'],Primary outcome,['Toolkit: Small Group Tuition'],SES/FSM outcome,['Toolkit: Small Group Tuition'],Secondary outcome(s),['Toolkit: Small Group Tuition'],Secondary outcome(s),NA,NA,NA,NA,NA,NA,NA,NA,NA,NA,NA,NA
38296689,Torgerson (2018),['Small group tuition'],['Toolkit: Small Group Tuition'],Primary outcome,['Toolkit: Small Group Tuition'],Secondary outcome(s),['Toolkit: Small Group Tuition'],Secondary outcome(s),['Toolkit: Small Group Tuition'],SES/FSM outcome,NA,NA,NA,NA,NA,NA,NA,NA,NA,NA,NA,NA
38878260,Torgesen (2006),['Small group tuition'],['Toolkit: Small Group Tuition'],Primary outcome,['Toolkit: Small Group Tuition'],Primary outcome,['Toolkit: Small Group Tuition'],SES/FSM outcome,['Toolkit: Small Group Tuition'],SES/FSM outcome,NA,NA,NA,NA,NA,NA,NA,NA,NA,NA,NA,NA
38878273,Torgesen (2010),['Small group tuition'],['Toolkit: Small Group Tuition'],Primary outcome,['Toolkit: Small Group Tuition'],Secondary outcome(s),['Toolkit: Small Group Tuition'],Secondary outcome(s),NA,NA,NA,NA,NA,NA,NA,NA,NA,NA,NA,NA,NA,NA
40398947,Tracey (2019),['Small group tuition'],['Toolkit: Small Group Tuition'],Primary outcome,['Toolkit: Small Group Tuition'],SES/FSM outcome,['Toolkit: Small Group Tuition'],Secondary outcome(s),['Toolkit: Small Group Tuition'],Secondary outcome(s),NA,NA,NA,NA,NA,NA,NA,NA,NA,NA,NA,NA
37093368,Truesdale (1976),['Peer tutoring'],['Toolkit: Peer Tutoring'],Primary outcome,['Toolkit: Peer Tutoring'],Secondary outcome(s),NA,NA,NA,NA,NA,NA,NA,NA,NA,NA,NA,NA,NA,NA,NA,NA
40117231,Tucker (2002),['Extending school time'],NA,NA,NA,NA,NA,NA,NA,NA,NA,NA,NA,NA,NA,NA,NA,NA,NA,NA,NA,NA
37092613,Tuominen (2008),['Feedback'],['Toolkit: Feedback'],Primary outcome,NA,NA,NA,NA,NA,NA,NA,NA,NA,NA,NA,NA,NA,NA,NA,NA,NA,NA
39253235,Tyler (1966),['Summer schools'],NA,NA,NA,NA,NA,NA,NA,NA,NA,NA,NA,NA,NA,NA,NA,NA,NA,NA,NA,NA
37133983,Tymms (1989),['Peer tutoring'],['Toolkit: Peer Tutoring'],Primary outcome,NA,NA,NA,NA,NA,NA,NA,NA,NA,NA,NA,NA,NA,NA,NA,NA,NA,NA
37116208,Tymms (2011),['Peer tutoring'],['Toolkit: Peer Tutoring'],Primary outcome,['Toolkit: Peer Tutoring'],Primary outcome,['Toolkit: Peer Tutoring'],Primary outcome,['Toolkit: Peer Tutoring'],Primary outcome,['Toolkit: Peer Tutoring'],Secondary outcome(s),['Toolkit: Peer Tutoring'],Secondary outcome(s),['Toolkit: Peer Tutoring'],Secondary outcome(s),['Toolkit: Peer Tutoring'],Secondary outcome(s),['Toolkit: Peer Tutoring'],Secondary outcome(s),NA,NA
40117363,U. S. (2003),['Extending school time'],NA,NA,NA,NA,NA,NA,NA,NA,NA,NA,NA,NA,NA,NA,NA,NA,NA,NA,NA,NA
39253306,Ugel (1999),['Summer schools'],['Toolkit: Summer schools'],Primary outcome,NA,NA,NA,NA,NA,NA,NA,NA,NA,NA,NA,NA,NA,NA,NA,NA,NA,NA
40117360,Vadasy (1997),['Extending school time'],NA,NA,NA,NA,NA,NA,NA,NA,NA,NA,NA,NA,NA,NA,NA,NA,NA,NA,NA,NA
37671592,Vadasy (2006),['Teaching assistants'],['Toolkit: Teaching assistants'],Primary outcome,['Toolkit: Teaching assistants'],Secondary outcome(s),['Toolkit: Teaching assistants'],Secondary outcome(s),['Toolkit: Teaching assistants'],Secondary outcome(s),['Toolkit: Teaching assistants'],Secondary outcome(s),['Toolkit: Teaching assistants'],Secondary outcome(s),['Toolkit: Teaching assistants'],Secondary outcome(s),['Toolkit: Teaching assistants'],Secondary outcome(s),['Toolkit: Teaching assistants'],Secondary outcome(s),NA,NA
37671636,Vadasy (2007),['Teaching assistants'],['Toolkit: Teaching assistants'],Primary outcome,NA,NA,NA,NA,NA,NA,NA,NA,NA,NA,NA,NA,NA,NA,NA,NA,NA,NA
37671638,Vadasy (2008),['Teaching assistants'],NA,NA,NA,NA,NA,NA,NA,NA,NA,NA,NA,NA,NA,NA,NA,NA,NA,NA,NA,NA
40294961,Vadasy (2008) SGT,['Small group tuition'],['Toolkit: Small Group Tuition'],Primary outcome,NA,NA,NA,NA,NA,NA,NA,NA,NA,NA,NA,NA,NA,NA,NA,NA,NA,NA
37671637,Vadasy (2008) TA,['Teaching assistants'],['Toolkit: Teaching assistants'],Primary outcome,NA,NA,NA,NA,NA,NA,NA,NA,NA,NA,NA,NA,NA,NA,NA,NA,NA,NA
43090199,Vadasy (2008) TA,['Teaching assistants'],NA,NA,NA,NA,NA,NA,NA,NA,NA,NA,NA,NA,NA,NA,NA,NA,NA,NA,NA,NA
37671588,Vadasy (2009),"['Teaching assistants', 'Small group tuition']","['Toolkit: Small Group Tuition', 'Toolkit: Teaching assistants']",Primary outcome,"['Toolkit: Small Group Tuition', 'Toolkit: Teaching assistants']",Secondary outcome(s),"['Toolkit: Small Group Tuition', 'Toolkit: Teaching assistants']",Secondary outcome(s),"['Toolkit: Small Group Tuition', 'Toolkit: Teaching assistants']",Secondary outcome(s),"['Toolkit: Small Group Tuition', 'Toolkit: Teaching assistants']",Secondary outcome(s),"['Toolkit: Small Group Tuition', 'Toolkit: Teaching assistants']",Secondary outcome(s),"['Toolkit: Small Group Tuition', 'Toolkit: Teaching assistants']",Secondary outcome(s),"['Toolkit: Small Group Tuition', 'Toolkit: Teaching assistants']",Secondary outcome(s),"['Toolkit: Small Group Tuition', 'Toolkit: Teaching assistants']",Secondary outcome(s),NA,NA
37671589,Vadasy (2010),['Teaching assistants'],NA,NA,NA,NA,NA,NA,NA,NA,NA,NA,NA,NA,NA,NA,NA,NA,NA,NA,NA,NA
37671614,Vadasy (2013),['Teaching assistants'],['Toolkit: Teaching assistants'],Primary outcome,['Toolkit: Teaching assistants'],Secondary outcome(s),NA,NA,NA,NA,NA,NA,NA,NA,NA,NA,NA,NA,NA,NA,NA,NA
37133984,Van Keer (2004),['Peer tutoring'],['Toolkit: Peer Tutoring'],Primary outcome,['Toolkit: Peer Tutoring'],Primary outcome,['Toolkit: Peer Tutoring'],Primary outcome,NA,NA,NA,NA,NA,NA,NA,NA,NA,NA,NA,NA,NA,NA
37116237,Van Keer (2010),['Peer tutoring'],['Toolkit: Peer Tutoring'],Primary outcome,['Toolkit: Peer Tutoring'],Primary outcome,['Toolkit: Peer Tutoring'],Secondary outcome(s),['Toolkit: Peer Tutoring'],Secondary outcome(s),['Toolkit: Peer Tutoring'],Secondary outcome(s),NA,Secondary outcome(s),NA,NA,NA,NA,NA,NA,NA,NA
37093609,van Oudenhoven (1987),['Peer tutoring'],['Toolkit: Peer Tutoring'],Primary outcome,NA,NA,NA,NA,NA,NA,NA,NA,NA,NA,NA,NA,NA,NA,NA,NA,NA,NA
40294962,Van Oudenhoven (1987) FB,['Feedback'],['Toolkit: Feedback'],Primary outcome,['Toolkit: Feedback'],Secondary outcome(s),NA,NA,NA,NA,NA,NA,NA,NA,NA,NA,NA,NA,NA,NA,NA,NA
40117232,Vandell (2005),['Extending school time'],['Toolkit: Extending school time'],Primary outcome,['Toolkit: Extending school time'],Primary outcome,['Toolkit: Extending school time'],Primary outcome,['Toolkit: Extending school time'],Primary outcome,NA,NA,NA,NA,NA,NA,NA,NA,NA,NA,NA,NA
37092614,VanEvera (2003),['Feedback'],['Toolkit: Feedback'],Primary outcome,NA,NA,NA,NA,NA,NA,NA,NA,NA,NA,NA,NA,NA,NA,NA,NA,NA,NA
37092599,Vellella (1996),['Feedback'],NA,Primary outcome,[],Secondary outcome(s),['Toolkit: Feedback'],Secondary outcome(s),NA,NA,NA,NA,NA,NA,NA,NA,NA,NA,NA,NA,NA,NA
37092600,Wade-Stein (2004),['Feedback'],['Toolkit: Feedback'],Primary outcome,['Toolkit: Feedback'],Secondary outcome(s),NA,NA,NA,NA,NA,NA,NA,NA,NA,NA,NA,NA,NA,NA,NA,NA
40117182,Walker (2004),['Extending school time'],NA,Primary outcome,NA,Primary outcome,NA,NA,NA,NA,NA,NA,NA,NA,NA,NA,NA,NA,NA,NA,NA,NA
43090202,Wang (2008) TA,['Teaching assistants'],NA,Primary outcome,NA,NA,NA,NA,NA,NA,NA,NA,NA,NA,NA,NA,NA,NA,NA,NA,NA,NA
39253308,Waters (2004),['Summer schools'],['Toolkit: Summer schools'],Primary outcome,['Toolkit: Summer schools'],Secondary outcome(s),NA,NA,NA,NA,NA,NA,NA,NA,NA,NA,NA,NA,NA,NA,NA,NA
39253238,Welch (1991),['Summer schools'],NA,NA,NA,NA,NA,NA,NA,NA,NA,NA,NA,NA,NA,NA,NA,NA,NA,NA,NA,NA
37671616,Welch (1995),['Teaching assistants'],['Toolkit: Teaching assistants'],Primary outcome,['Toolkit: Teaching assistants'],Secondary outcome(s),NA,NA,NA,NA,NA,NA,NA,NA,NA,NA,NA,NA,NA,NA,NA,NA
37092796,Wentling (1973),['Feedback'],['Toolkit: Feedback'],Primary outcome,NA,NA,NA,NA,NA,NA,NA,NA,NA,NA,NA,NA,NA,NA,NA,NA,NA,NA
37133987,White (2000),['Peer tutoring'],['Toolkit: Peer Tutoring'],Primary outcome,['Toolkit: Peer Tutoring'],Primary outcome,NA,NA,NA,NA,NA,NA,NA,NA,NA,NA,NA,NA,NA,NA,NA,NA
37093610,Wiersema (1992),['Peer tutoring'],NA,Primary outcome,NA,NA,NA,NA,NA,NA,NA,NA,NA,NA,NA,NA,NA,NA,NA,NA,NA,NA
38296697,Wiggins (2017),"['Feedback', 'Digital technology']",['Toolkit: Feedback'],Primary outcome,['Toolkit: Feedback'],Primary outcome,['Toolkit: Feedback'],Secondary outcome(s),['Toolkit: Feedback'],Secondary outcome(s),['Toolkit: Feedback'],Secondary outcome(s),['Toolkit: Feedback'],SES/FSM outcome,['Toolkit: Feedback'],SES/FSM outcome,['Toolkit: Feedback'],SES/FSM outcome,NA,NA,NA,NA
37092615,William (2004),['Feedback'],['Toolkit: Feedback'],Primary outcome,NA,NA,NA,NA,NA,NA,NA,NA,NA,NA,NA,NA,NA,NA,NA,NA,NA,NA
39253240,Williams (1977),['Summer schools'],['Toolkit: Summer schools'],Primary outcome,['Toolkit: Summer schools'],Primary outcome,['Toolkit: Summer schools'],Secondary outcome(s),NA,NA,NA,NA,NA,NA,NA,NA,NA,NA,NA,NA,NA,NA
39253241,Winston (1963),['Summer schools'],['Toolkit: Summer schools'],Primary outcome,NA,Secondary outcome(s),NA,NA,NA,NA,NA,NA,NA,NA,NA,NA,NA,NA,NA,NA,NA,NA
37092601,Wise (1992),['Feedback'],['Toolkit: Feedback'],Primary outcome,NA,NA,NA,NA,NA,NA,NA,NA,NA,NA,NA,NA,NA,NA,NA,NA,NA,NA
37092602,Wolter (1975) 1_1,['Feedback'],['Toolkit: Feedback'],Primary outcome,['Toolkit: Feedback'],Secondary outcome(s),['Toolkit: Feedback'],Secondary outcome(s),NA,NA,NA,NA,NA,NA,NA,NA,NA,NA,NA,NA,NA,NA
40294963,Wolter (1975) 1_2,['Feedback'],['Toolkit: Feedback'],Primary outcome,['Toolkit: Feedback'],Secondary outcome(s),['Toolkit: Feedback'],Secondary outcome(s),NA,NA,NA,NA,NA,NA,NA,NA,NA,NA,NA,NA,NA,NA
39253243,Womble (1977),['Summer schools'],NA,NA,NA,NA,NA,NA,NA,NA,NA,NA,NA,NA,NA,NA,NA,NA,NA,NA,NA,NA
40117171,Woolley (1996),['Extending school time'],[],Primary outcome,NA,Primary outcome,NA,NA,NA,NA,NA,NA,NA,NA,NA,NA,NA,NA,NA,NA,NA,NA
37671591,Word (1990),['Teaching assistants'],['Toolkit: Teaching assistants'],Primary outcome,['Toolkit: Teaching assistants'],Secondary outcome(s),NA,NA,NA,NA,NA,NA,NA,NA,NA,NA,NA,NA,NA,NA,NA,NA
37092800,Wyne (1979),['Feedback'],['Toolkit: Feedback'],Primary outcome,['Toolkit: Feedback'],Secondary outcome(s),['Toolkit: Feedback'],Secondary outcome(s),NA,NA,NA,NA,NA,NA,NA,NA,NA,NA,NA,NA,NA,NA
37116218,Yang (2016),['Peer tutoring'],['Toolkit: Peer Tutoring'],Primary outcome,NA,NA,NA,NA,NA,NA,NA,NA,NA,NA,NA,NA,NA,NA,NA,NA,NA,NA
37133992,Yarrow (2001),['Peer tutoring'],['Toolkit: Peer Tutoring'],Primary outcome,['Toolkit: Peer Tutoring'],Primary outcome,['Toolkit: Peer Tutoring'],Secondary outcome(s),NA,NA,NA,NA,NA,NA,NA,NA,NA,NA,NA,NA,NA,NA
37092616,Yin (2005),['Feedback'],['Toolkit: Feedback'],Primary outcome,NA,NA,NA,NA,NA,NA,NA,NA,NA,NA,NA,NA,NA,NA,NA,NA,NA,NA
37092603,Young (2000),['Feedback'],['Toolkit: Feedback'],Primary outcome,NA,NA,NA,NA,NA,NA,NA,NA,NA,NA,NA,NA,NA,NA,NA,NA,NA,NA
39253343,Zia (1999),['Summer schools'],NA,NA,NA,NA,NA,NA,NA,NA,NA,NA,NA,NA,NA,NA,NA,NA,NA,NA,NA,NA
40117237,Zief (2005),['Extending school time'],NA,NA,NA,NA,NA,NA,NA,NA,NA,NA,NA,NA,NA,NA,NA,NA,NA,NA,NA,NA
40117361,Zimmer (2010),['Extending school time'],NA,NA,NA,NA,NA,NA,NA,NA,NA,NA,NA,NA,NA,NA,NA,NA,NA,NA,NA,NA
37092801,Zimmerman (1977),['Feedback'],['Toolkit: Feedback'],Primary outcome,NA,NA,NA,NA,NA,NA,NA,NA,NA,NA,NA,NA,NA,NA,NA,NA,NA,NA
39253395,Zvoch (2011),['Summer schools'],['Toolkit: Summer schools'],Secondary outcome(s),NA,NA,NA,NA,NA,NA,NA,NA,NA,NA,NA,NA,NA,NA,NA,NA,NA,NA
39253396,Zvoch (2013),['Summer schools'],['Toolkit: Summer schools'],Primary outcome,['Toolkit: Summer schools'],Primary outcome,NA,NA,NA,NA,NA,NA,NA,NA,NA,NA,NA,NA,NA,NA,NA,NA
