id,pub_author,pub_year,pub_type_raw,strand_raw,toolkit_version,out_out_type_tool,smd_tool,se_tool,out_es_type,out_tit,out_comp,out_samp,out_measure,out_test_type_raw,out_out_type_red,smd_red,se_red,out_out_type_wri,smd_wri,se_wri,out_out_type_math,smd_math,se_math,out_out_type_sci,smd_sci,se_sci,out_out_type_fsm,smd_fsm,se_fsm,sample_analysed_info,school_total_info,class_total_info,int_setting_raw,part_age_raw,fsm_50,fsm_perc_info,loc_country_raw,int_desig_raw,int_approach_raw,int_training_raw,digit_tech_raw,parent_partic_raw,int_when_raw,int_who_raw,int_dur_info,int_freq_info,int_leng_info,out_strand,est_how,est_time_added,est_time_added_info,est_purpose,est_target_group,est_pupil_participation,est_activity_focus,est_staff_kind,est_parental_involvement,est_digital_tech,est_attend_monitored
42025124,Arnold (1996),1996,['Dissertation or thesis'],['Parental engagement'],NA,"['Toolkit primary outcome', 'Mathematics primary outcome']",-0.2905,0.6048,['Post-test unadjusted (select one from this group)'],Addison Wesley Maths Grade 3,With business as usual,['Sample: All'],Mathematics,['Test type: Standardised test '],NA,NA,NA,NA,NA,NA,"['Toolkit primary outcome', 'Mathematics primary outcome']",-0.2905,0.6048,NA,NA,NA,NA,NA,NA,86,1,5,['Primary/elementary school'],"['8', '9', '10', '11']",FALSE,44.0,['USA'],['Multisite RCT'],['One to one'],['Yes (Please specify)'],['No'],['Yes'],"['Before/after school', 'Evenings and/or weekends']",['Parents/carers'],10,NA,NA,['Toolkit: Parental engagement'],NA,NA,NA,NA,NA,NA,NA,NA,NA,NA,NA
42025125,Austin (1988),1988,['Dissertation or thesis'],['Parental engagement'],NA,"['Toolkit primary outcome', 'Reading primary outcome']",0.3571,0.1822,NA,GCRT Reading,With business as usual,NA,Literacy  reading comprehension,NA,"['Toolkit primary outcome', 'Reading primary outcome']",0.3571,0.1822,NA,NA,NA,['Mathematics primary outcome'],0.3027,0.1545,NA,NA,NA,NA,NA,NA,154,1,4,['Home'],"['6', '7']",FALSE,45.0,['USA'],['Prospective QED'],['One to one'],['Yes (Please specify)'],['No'],['Yes'],['Evenings and/or weekends'],['Parents/carers'],24 ,5,NA,NA,NA,NA,NA,NA,NA,NA,NA,NA,NA,NA,NA
42025487,Barhava‐Mònteith (1999),1999,['Journal article'],['Parental engagement'],NA,"['Toolkit primary outcome', 'Writing and spelling primary outcome.']",0.2614,0.1202,['Post-test unadjusted (select one from this group)'],Reading Diagnostic Survey ,With business as usual,['Sample: All'],Literacy  spelling,['Test type: Standardised test '],NA,NA,NA,NA,NA,NA,NA,NA,NA,NA,NA,NA,NA,NA,NA,781,8,NA,['Primary/elementary school'],"['6', '7', '8']",NA,NA,['New Zealand'],['Retrospective QED  '],['One to one'],['Unclear/ Not specified'],['No'],['Yes'],['Before/after school'],['Parents/carers'],30,5,17,['Toolkit: Parental engagement'],NA,NA,NA,NA,NA,NA,NA,NA,NA,NA,NA
42024853,Barkley (2000),2000,['Journal article'],['Parental engagement'],NA,"['Toolkit primary outcome', 'Reading primary outcome']",0.244,0.2263,['Post-test adjusted for baseline attainment'],WJ Academic Skills (PT vs Control),With business as usual,['Sample: All'],Literacy  reading comprehension,['Test type: Standardised test '],"['Toolkit primary outcome', 'Reading primary outcome']",0.244,0.2263,NA,NA,NA,NA,NA,NA,['Science primary outcome'],0.0642,0.2255,NA,NA,NA,158,NA,NA,"['Nursery school/pre-school', 'Home']","['4', '5', '6']",NA,NA,['USA'],['Individual RCT'],['Other (Explain in notes)'],['Yes (Please specify)'],['No'],['Yes'],"['Evenings and/or weekends', 'Summer/ holiday period']",['Parents/carers'],36,1,NA,['Toolkit: Parental engagement'],NA,NA,NA,NA,NA,NA,NA,NA,NA,NA,NA
42059739,Beach (2004),2004,['Dissertation or thesis'],"['Parental engagement', 'Phonics', 'Summer schools']",NA,"['Toolkit primary outcome', 'Reading primary outcome']",0.419,0.125,['Post-test adjusted for baseline attainment'],DIBELS,With business as usual,['Sample: All'],Literacy  decoding/phonics,['Test type: Standardised test '],"['Toolkit primary outcome', 'Reading primary outcome']",0.419,0.125,NA,NA,NA,NA,NA,NA,NA,NA,NA,NA,NA,NA,337,5,NA,['Nursery school/pre-school'],"['4', '5']",TRUE,62.0,['USA'],['Regression Discontinuity - not randomised'],"['Large group/class teaching (+6)', 'Other (Explain in notes)']",['Yes (Please specify)'],['No'],['Yes'],['Summer/ holiday period'],"['Class teachers', 'Teaching assistants']",5,5,150,"['Toolkit: Parental engagement', 'Toolkit: Phonics', 'Toolkit: Summer schools']",NA,NA,NA,NA,NA,NA,NA,NA,NA,NA,NA
42025129,Bermúdez (1990),1990,['Journal article'],['Parental engagement'],NA,"['Toolkit primary outcome', 'Reading primary outcome']",0.3019,0.1582,NA,Reading Achievement,With business as usual,NA,Literacy  reading comprehension,NA,"['Toolkit primary outcome', 'Reading primary outcome']",0.3019,0.1582,NA,NA,NA,NA,NA,NA,NA,NA,NA,NA,NA,NA,162,NA,NA,['Primary/elementary school'],"['6', '7', '8', '9', '10', '11']",NA,NA,['USA'],['Prospective QED'],['One to one'],['Yes (Please specify)'],['No'],['Yes'],['Before/after school'],['Parents/carers'],7,5,180,NA,NA,NA,NA,NA,NA,NA,NA,NA,NA,NA,NA
42024854,Beveridge (1981),1981,['Journal article'],['Parental engagement'],NA,"['Toolkit primary outcome', 'Other outcome']",0.4616,0.3209,['Post-test unadjusted (select one from this group)'],EPVT   language - Parental Engagement,With business as usual,['Sample: All'],Literacy  speaking and listening/oral language,['Test type: Standardised test '],NA,NA,NA,NA,NA,NA,NA,NA,NA,NA,NA,NA,NA,NA,NA,40,1,NA,['Nursery school/pre-school'],"['3', '4']",NA,NA,['UK (Select all that apply)'],['Prospective QED'],"['Small group/intensive support (3-5)', 'Large group/class teaching (+6)', 'One to one']",['Yes (Please specify)'],['No'],['Yes'],"['During regular school hours ', 'Evenings and/or weekends']","['Class teachers', 'Parents/carers']",12,5,20,['Toolkit: Parental engagement'],NA,NA,NA,NA,NA,NA,NA,NA,NA,NA,NA
47269778,Brickman (2002) PE,2002,['Dissertation or thesis'],['Parental engagement'],NA,"['Toolkit primary outcome', 'Other outcome']",0.3228,0.3636,NA,Peabody Picture Vocabulary Test ,With business as usual,['Sample: All'],Cognitive  reasoning,NA,NA,NA,NA,NA,NA,NA,NA,NA,NA,NA,NA,NA,NA,NA,NA,34,NA,NA,['Nursery school/pre-school'],"['4', '5']",NA,NA,['USA'],['Prospective QED'],['One to one'],['Yes (Please specify)'],['No'],['Yes'],['Evenings and/or weekends'],['Parents/carers'],7,2,30,NA,NA,NA,NA,NA,NA,NA,NA,NA,NA,NA,NA
42025132,Busco (1991),1991,['Dissertation or thesis'],['Parental engagement'],NA,"['Toolkit primary outcome', 'Reading primary outcome']",0.7732,0.1999,NA,SABE Scores Including Grade as a Between-Subiects Factor,With active control,NA,,NA,"['Toolkit primary outcome', 'Reading primary outcome']",0.7732,0.1999,NA,NA,NA,NA,NA,NA,NA,NA,NA,NA,NA,NA,124,1,8 - Control and Intervention were mixed in the same classes.,['Primary/elementary school'],"['6', '7', '8', '9']",NA,NA,['USA'],['Prospective QED'],['Other (Explain in notes)'],['Unclear/ Not specified'],['Yes'],['Yes'],['Other (please specify)'],['Parents/carers'],20,2.5,NA,NA,NA,NA,NA,NA,NA,NA,NA,NA,NA,NA,NA
47269780,Butler (1991) PE,1991,['Journal article'],['Parental engagement'],NA,"['Toolkit primary outcome', 'Reading primary outcome']",1.172,0.4705,NA,Holborn Reading Test,With business as usual,NA,Literacy  reading comprehension,NA,"['Toolkit primary outcome', 'Reading primary outcome']",1.172,0.4705,NA,NA,NA,NA,NA,NA,NA,NA,NA,NA,NA,NA,22,1,NA,['Primary/elementary school'],"['10', '11']",NA,NA,['Australia'],['Prospective QED'],['One to one'],['No'],['No'],['Yes'],['Evenings and/or weekends'],['Parents/carers'],16,2,NA,NA,NA,NA,NA,NA,NA,NA,NA,NA,NA,NA,NA
42025488,Chow (2003),2003,['Journal article'],"['Parental engagement', 'Oral language interventions']",NA,"['Toolkit primary outcome', 'Reading primary outcome']",0.4584,0.2663,['Post-test unadjusted (select one from this group)'],PPCLS posttest Dialogic v control,With business as usual,['Sample: All'],Literacy  reading other,['Test type: Standardised test '],"['Toolkit primary outcome', 'Reading primary outcome']",0.4584,0.2663,NA,NA,NA,NA,NA,NA,NA,NA,NA,NA,NA,NA,57,2,NA,['Primary/elementary school'],"['4', '5']",NA,NA,['Hong Kong (see China)'],['Cluster RCT'],['One to one'],['Yes (Please specify)'],['No'],['Yes'],"['Before/after school', 'Evenings and/or weekends']",['Parents/carers'],8,2,15,['Toolkit: Oral language interventions'],NA,NA,NA,NA,NA,NA,NA,NA,NA,NA,NA
42025489,Chow (2008),2008,['Journal article'],['Parental engagement'],NA,"['Toolkit primary outcome', 'Reading primary outcome']",0.065,0.23,['Post-test adjusted for baseline attainment'],Chinese character recognition (DR vs Control),With business as usual,['Sample: All'],Literacy  reading other,['Test type: Standardised test '],"['Toolkit primary outcome', 'Reading primary outcome']",0.065,0.23,NA,NA,NA,NA,NA,NA,NA,NA,NA,NA,NA,NA,148,NA,NA,"['Home', 'Primary/elementary school']","['4', '5']",NA,NA,['Hong Kong (see China)'],['Individual RCT'],['One to one'],['Yes (Please specify)'],['No'],['Yes'],['Unclear/ not specified'],['Parents/carers'],12,2,20,['Toolkit: Parental engagement'],NA,NA,NA,NA,NA,NA,NA,NA,NA,NA,NA
42025134,Clegg (1971),1971,['Dissertation or thesis'],['Parental engagement'],NA,"['Toolkit primary outcome', 'Reading primary outcome']",0.734,0.4656,['Post-test adjusted for baseline attainment'],Comprehension,With business as usual,['Sample: All'],Literacy  reading comprehension,['Test type: Standardised test '],"['Toolkit primary outcome', 'Reading primary outcome']",0.734,0.4656,NA,NA,NA,NA,NA,NA,NA,NA,NA,NA,NA,NA,30,1,2,['Primary/elementary school'],"['7', '8']",NA,NA,['USA'],['Individual RCT'],['One to one'],['Yes (Please specify)'],['No'],['Yes'],['Evenings and/or weekends'],['Parents/carers'],8,4,30,['Toolkit: Parental engagement'],NA,NA,NA,NA,NA,NA,NA,NA,NA,NA,NA
42025415,Crain-Thoreson (1999),1999,['Journal article'],['Parental engagement'],NA,"['Toolkit primary outcome', 'Reading primary outcome']",0.3848,0.4648,NA,EOWPVT-R,With business as usual,NA,Literacy  reading comprehension,NA,"['Toolkit primary outcome', 'Reading primary outcome']",0.3848,0.4648,NA,NA,NA,NA,NA,NA,NA,NA,NA,NA,NA,NA,32,1,NA,['Nursery school/pre-school'],"['3', '4', '5']",NA,NA,['USA'],['Individual RCT'],['One to one'],['Yes (Please specify)'],['No'],['Yes'],['During regular school hours '],"['Class teachers', 'Other school staff', 'Parents/carers']",8,4,NA,NA,NA,NA,NA,NA,NA,NA,NA,NA,NA,NA,NA
45336725,Crain-Thoreson (1999) PE,1999,['Journal article'],['Parental engagement'],NA,"['Toolkit primary outcome', 'Reading primary outcome']",0.3889,0.4253,NA,EOWPVT-R,With active control,NA,Literacy  reading comprehension,NA,"['Toolkit primary outcome', 'Reading primary outcome']",0.3889,0.4253,NA,NA,NA,NA,NA,NA,NA,NA,NA,NA,NA,NA,19,3,NA,['Nursery school/pre-school'],"['3', '4', '5']",NA,NA,['USA'],['Individual RCT'],['One to one'],['Yes (Please specify)'],['No'],['Yes'],"['Before/after school', 'Evenings and/or weekends']",['Parents/carers'],8,4,15,NA,NA,NA,NA,NA,NA,NA,NA,NA,NA,NA,NA
42025417,DeBaryshe (2007),2007,['Journal article'],['Parental engagement'],NA,"['Toolkit primary outcome', 'Reading primary outcome']",0.0592,0.2301,['Post-test adjusted for baseline attainment'],TERA-3  - Emergent Reading,With business as usual,['Sample: All'],Literacy  reading other,['Test type: Standardised test '],"['Toolkit primary outcome', 'Reading primary outcome']",0.0592,0.2301,NA,NA,NA,NA,NA,NA,NA,NA,NA,NA,NA,NA,126,9,11,['Nursery school/pre-school'],"['3', '4']",NA,NA,['USA'],['Cluster RCT'],['Large group/class teaching (+6)'],['Yes (Please specify)'],['No'],['Yes'],['During regular school hours '],['Class teachers'],24,5,7,['Toolkit: Parental engagement'],NA,NA,NA,NA,NA,NA,NA,NA,NA,NA,NA
42025436,Doering (1994),1994,['Dissertation or thesis'],['Parental engagement'],NA,"['Toolkit primary outcome', 'Reading primary outcome']",0.3459,0.3076,['Post-test unadjusted (select one from this group)'],California Achievement Test (Reading),With business as usual,['Sample: All'],Literacy  reading comprehension,['Test type: Standardised test '],"['Toolkit primary outcome', 'Reading primary outcome']",0.3459,0.3076,NA,NA,NA,['Mathematics primary outcome'],0.7684,0.3172,NA,NA,NA,NA,NA,NA,43,1,NA,['Primary/elementary school'],['9'],FALSE,39.0,['USA'],['Individual RCT'],['Large group/class teaching (+6)'],['Yes (Please specify)'],['No'],['Yes'],['Evenings and/or weekends'],"['Class teachers', 'External teachers']",36,1,NA,['Toolkit: Parental engagement'],NA,NA,NA,NA,NA,NA,NA,NA,NA,NA,NA
42024828,Donachy (1976),1976,['Journal article'],['Parental engagement'],NA,"['Toolkit primary outcome', 'Reading primary outcome']",0.7165,0.2584,['Post-test unadjusted (select one from this group)'],Reynell  Compreh. - Parental Engagm.,With business as usual,['Sample: All'],Literacy  reading comprehension,['Test type: Standardised test '],"['Toolkit primary outcome', 'Reading primary outcome']",0.7165,0.2584,NA,NA,NA,NA,NA,NA,NA,NA,NA,NA,NA,NA,64,NA,NA,"['Home', 'Primary/elementary school']","['3', '4']",NA,NA,"['UK (Select all that apply)', 'Scotland']",['Prospective QED'],['Other (Explain in notes)'],['No'],['No'],['Yes'],"['Before/after school', 'Evenings and/or weekends']",['Parents/carers'],16,5,30,['Toolkit: Parental engagement'],NA,NA,NA,NA,NA,NA,NA,NA,NA,NA,NA
38296611,Dorsett (2014),2014,['Technical report'],"['Metacognition and self-regulation', 'Parental engagement', 'Extending school time']",NA,"['Toolkit primary outcome', 'Other outcome']",-0.141,0.283,['Post-test adjusted for baseline attainment AND clustering'],KS2 MathEng Combined (inCAS) - Metacognition PETT,With business as usual,['Sample: All'],Combined subjects,['Test type: Standardised test '],['Reading primary outcome'],-0.069,0.249,NA,NA,NA,['Mathematics primary outcome'],-0.167,0.219,NA,NA,NA,NA,NA,NA,491,51,65,['Primary/elementary school'],"['7', '8', '9', '10']",FALSE,27.0,"['UK (Select all that apply)', 'England']",['Cluster RCT'],['Other (Explain in notes)'],['Yes (Please specify)'],['No'],['Yes'],"['During regular school hours ', 'Before/after school']","['Class teachers', 'External teachers']",5,1,120,"['Toolkit: Metacognition and self-regulation', 'Toolkit: Parental engagement']",['After school'],['Hours per week (add numeric value to info box)'],2,['Improving attainment'],['All pupils'],['Voluntary or optional'],['Academic and cultural or artistic'],['Qualified teachers'],['Yes'],['Yes'],['No / not mentioned']
42025516,Erion (1994),1994,['Dissertation or thesis'],['Parental engagement'],NA,"['Toolkit primary outcome', 'Reading primary outcome']",0.4529,0.4145,['Post-test unadjusted (select one from this group)'],Correct word/min - Parental Engag.,With business as usual,['Sample: Low achievers'],Literacy  reading other,['Test type: Researcher developed test'],"['Toolkit primary outcome', 'Reading primary outcome']",0.4529,0.4145,NA,NA,NA,NA,NA,NA,NA,NA,NA,NA,NA,NA,24,NA,4,['Primary/elementary school'],"['6', '7']",FALSE,21.0,['USA'],['Individual RCT'],['One to one'],['Yes (Please specify)'],['No'],['Yes'],['Evenings and/or weekends'],"['Class teachers', 'Parents/carers']",6,NA,NA,['Toolkit: Parental engagement'],NA,NA,NA,NA,NA,NA,NA,NA,NA,NA,NA
42025494,Evangelou (2007),2007,['Journal article'],['Parental engagement'],NA,"['Toolkit primary outcome', 'Other outcome']",0.5255,0.1692,['Post-test unadjusted (select one from this group)'],Verbal Comprehension (BAS),With business as usual,['Sample: All'],Literacy  speaking and listening/oral language,['Test type: Standardised test '],NA,NA,NA,NA,NA,NA,['Mathematics primary outcome'],0.7683,0.1724,NA,NA,NA,NA,NA,NA,604,NA,NA,['Other educational setting (please specify)'],"['3', '4', '5', '6']",NA,NA,"['England', 'UK (Select all that apply)']",['Prospective QED'],"['Large group/class teaching (+6)', 'One to one', 'Other (Explain in notes)']",['Unclear/ Not specified'],['No'],['Yes'],['Unclear/ not specified'],['Parents/carers'],240,NA,NA,['Toolkit: Parental engagement'],NA,NA,NA,NA,NA,NA,NA,NA,NA,NA,NA
42025517,Fantuzzo (1995),1995,['Journal article'],['Parental engagement'],NA,"['Toolkit primary outcome', 'Mathematics primary outcome']",0.323,0.4034,NA,Mathematics Computation,With business as usual,NA,Mathematics,NA,NA,NA,NA,NA,NA,NA,"['Toolkit primary outcome', 'Mathematics primary outcome']",0.323,0.4034,NA,NA,NA,NA,NA,NA,78,1,NA,['Primary/elementary school'],"['9', '10', '11', '12']",NA,NA,['USA'],['Individual RCT'],['One to one'],['Yes (Please specify)'],['No'],['Yes'],"['During regular school hours ', 'Before/after school']","['Class teachers', 'Teaching assistants']",NA,2,45,NA,NA,NA,NA,NA,NA,NA,NA,NA,NA,NA,NA
42025509,Fielding-Barnsley (2003),2003,['Journal article'],['Parental engagement'],NA,"['Toolkit primary outcome', 'Reading primary outcome']",0.4583,0.2903,['Post-test unadjusted (select one from this group)'],PPVT (time 2),With business as usual,['Sample: Low achievers'],Literacy  reading other,['Test type: Standardised test '],"['Toolkit primary outcome', 'Reading primary outcome']",0.4583,0.2903,NA,NA,NA,NA,NA,NA,NA,NA,NA,NA,NA,NA,49,17,NA,['Primary/elementary school'],"['5', '6']",NA,NA,['Australia'],['Prospective QED'],['One to one'],['Yes (Please specify)'],['No'],['Yes'],['Before/after school'],['Parents/carers'],8,5,10,['Toolkit: Reading comprehension strategies'],NA,NA,NA,NA,NA,NA,NA,NA,NA,NA,NA
42025495,France (1993),1993,['Journal article'],"['Parental engagement', 'One to one tuition']",NA,"['Toolkit primary outcome', 'Writing and spelling primary outcome.']",0.5752,0.389,NA,Graded Spelling Test,With business as usual,NA,Literacy  spelling,NA,NA,NA,NA,NA,NA,NA,NA,NA,NA,NA,NA,NA,NA,NA,NA,32,1,NA,['Primary/elementary school'],"['8', '9', '10', '11']",NA,NA,"['UK (Select all that apply)', 'England']",['Prospective QED'],['One to one'],['Yes (Please specify)'],['No'],['Yes'],['Evenings and/or weekends'],['Parents/carers'],6,3,15,"['Toolkit: One to one tuition', 'Toolkit: Parental engagement']",NA,NA,NA,NA,NA,NA,NA,NA,NA,NA,NA
42025140,Glass (1978),1978,['Dissertation or thesis'],['Parental engagement'],NA,"['Toolkit primary outcome', 'Other outcome']",-0.4183,0.2418,['Pre-post gain'],CPre-ScInv (Kinderg) Read&Maths,With business as usual,['Sample: All'],Combined subjects,['Test type: Standardised test '],['Reading primary outcome'],-0.198,0.2836,NA,NA,NA,NA,NA,NA,NA,NA,NA,NA,NA,NA,290,1,NA,['Primary/elementary school'],"['5', '6', '7', '8', '9', '10', '11', '12']",NA,NA,['USA'],['Prospective QED'],['Large group/class teaching (+6)'],['Yes (Please specify)'],['No'],['Yes'],['During regular school hours '],"['Class teachers', 'Parents/carers']",40,NA,NA,['Toolkit: Parental engagement'],NA,NA,NA,NA,NA,NA,NA,NA,NA,NA,NA
45336742,Guastello (2001) PE,2001,['Conference paper'],['Parental engagement'],NA,"['Toolkit primary outcome', 'Writing and spelling primary outcome.']",0.619,0.1604,['Post-test unadjusted (select one from this group)'],Rubric score - Parental engagement - parental group,With business as usual,['Sample: All'],Literacy  writing,['Test type: Researcher developed test'],NA,NA,NA,NA,NA,NA,NA,NA,NA,NA,NA,NA,NA,NA,NA,167,3,NA,['Primary/elementary school'],"['9', '10']",NA,NA,['USA'],['Multisite RCT'],['Large group/class teaching (+6)'],['Yes (Please specify)'],['No'],['Yes'],"['During regular school hours ', 'Other (please specify)']","['Research staff', 'Class teachers']",3,NA,50,['Toolkit: Parental engagement'],NA,NA,NA,NA,NA,NA,NA,NA,NA,NA,NA
42025141,Hampton (1998),1998,['Journal article'],['Parental engagement'],NA,"['Toolkit primary outcome', 'Reading primary outcome']",0.808,0.112,['Post-test unadjusted (select one from this group)'],Reading ES - CTS & Terra Nova,With business as usual,['Sample: All'],Literacy  reading comprehension,['Test type: Standardised test '],"['Toolkit primary outcome', 'Reading primary outcome']",0.808,0.112,NA,NA,NA,['Mathematics primary outcome'],0.3577,0.11,NA,NA,NA,NA,NA,NA,58,4,10,"['Nursery school/pre-school', 'Primary/elementary school']","['5', '6', '7', '8']",TRUE,70.0,['USA'],['Prospective QED'],"['One to one', 'Other (Explain in notes)']",['Yes (Please specify)'],['No'],['Yes'],"['During regular school hours ', 'Evenings and/or weekends']","['Class teachers', 'Parents/carers']",80,0.25,120,['Toolkit: Parental engagement'],NA,NA,NA,NA,NA,NA,NA,NA,NA,NA,NA
42025474,Hannon (1987),1987,['Journal article'],['Parental engagement'],NA,"['Toolkit primary outcome', 'Reading primary outcome']",0.0889,0.1604,['Post-test unadjusted (select one from this group)'],NFER Reading Test A,With business as usual,['Sample: All'],Literacy  reading comprehension,['Test type: Standardised test '],"['Toolkit primary outcome', 'Reading primary outcome']",0.0889,0.1604,NA,NA,NA,NA,NA,NA,NA,NA,NA,NA,NA,NA,152,1,NA,['Primary/elementary school'],"['5', '6', '7', '8']",NA,NA,"['UK (Select all that apply)', 'England']",['Prospective QED'],['One to one'],['Yes (Please specify)'],['No'],['Yes'],"['Before/after school', 'Evenings and/or weekends']",['Parents/carers'],120,5,NA,['Toolkit: Parental engagement'],NA,NA,NA,NA,NA,NA,NA,NA,NA,NA,NA
42025518,Heller (1993),1993,['Dissertation or thesis'],['Parental engagement'],NA,"['Toolkit primary outcome', 'Mathematics primary outcome']",0.5928,0.2411,['Post-test unadjusted (select one from this group)'],Computation Maths RPT + PI v RPT,With active control,['Sample: Low achievers'],Mathematics,['Test type: Standardised test '],NA,NA,NA,NA,NA,NA,"['Toolkit primary outcome', 'Mathematics primary outcome']",0.5928,0.2411,NA,NA,NA,NA,NA,NA,112,NA,NA,['Primary/elementary school'],"['9', '10', '11', '8', '12', '13']",TRUE,85.0,['USA'],['Individual RCT'],['Paired learning'],['Yes (Please specify)'],['No'],['Yes'],"['During regular school hours ', 'Before/after school', 'Evenings and/or weekends']","['Class teachers', 'Peers', 'Parents/carers']",32,2,45,['Toolkit: Parental engagement'],NA,NA,NA,NA,NA,NA,NA,NA,NA,NA,NA
45336749,Henderson (1982) PE,1982,['Dissertation or thesis'],['Parental engagement'],NA,"['Toolkit primary outcome', 'Reading primary outcome']",0.2389,0.1469,['Post-test adjusted for baseline attainment'],SCORES FOR THE READING COMPREHENSION TEST,With business as usual,['Sample: All'],Literacy  reading comprehension,['Test type: Standardised test '],"['Toolkit primary outcome', 'Reading primary outcome']",0.2389,0.1469,NA,NA,NA,NA,NA,NA,NA,NA,NA,NA,NA,NA,188,"In the groups we are looking at specifically, N=4 schools.   Overall in the sample 6 schools, though we are not interested in treatment group 1.",In the two we are interested in N=4  Overall N=6.,['Primary/elementary school'],"['10', '11', '12']",NA,NA,['USA'],['Prospective QED'],['Large group/class teaching (+6)'],['Unclear/ Not specified'],['No'],['Yes'],['During regular school hours '],['Unclear/not specified'],23,1,30,['Toolkit: Parental engagement'],NA,NA,NA,NA,NA,NA,NA,NA,NA,NA,NA
42025142,Henry (1974),1974,['Dissertation or thesis'],['Parental engagement'],NA,"['Toolkit primary outcome', 'Reading primary outcome']",0.9468,0.5728,NA,Word in context,With business as usual,NA,Literacy  decoding/phonics,NA,"['Toolkit primary outcome', 'Reading primary outcome']",0.9468,0.5728,NA,NA,NA,NA,NA,NA,NA,NA,NA,NA,NA,NA,16,1,NA,NA,NA,NA,NA,['USA'],['Individual RCT'],NA,NA,NA,NA,NA,NA,24,3,NA,NA,NA,NA,NA,NA,NA,NA,NA,NA,NA,NA,NA
42025212,Henry (1974),1974,['Dissertation or thesis'],['Parental engagement'],NA,"['Toolkit primary outcome', 'Reading primary outcome']",-0.2188,0.4111,NA,Naming Letters,With business as usual,NA,Literacy  decoding/phonics,NA,"['Toolkit primary outcome', 'Reading primary outcome']",-0.2188,0.4111,NA,NA,NA,NA,NA,NA,NA,NA,NA,NA,NA,NA,16,1,NA,['Home'],"['5', '6']",NA,NA,['USA'],['Individual RCT'],['Other (Explain in notes)'],['No'],['No'],['Yes'],"['Evenings and/or weekends', 'Summer/ holiday period']",['Parents/carers'],24,3,NA,NA,NA,NA,NA,NA,NA,NA,NA,NA,NA,NA,NA
42025143,Hewison (1988),1988,['Journal article'],['Parental engagement'],NA,"['Toolkit primary outcome', 'Reading primary outcome']",0.4771,0.2025,['Post-test unadjusted (select one from this group)'],London Reading (School 1+2 Combined) - PE,With business as usual,['Sample: All'],Literacy  reading comprehension,['Test type: Standardised test '],"['Toolkit primary outcome', 'Reading primary outcome']",0.4771,0.2025,NA,NA,NA,NA,NA,NA,NA,NA,NA,NA,NA,NA,248,2,NA,['Primary/elementary school'],"['6', '7', '8']",NA,NA,"['UK (Select all that apply)', 'England']",['Prospective QED'],['One to one'],['Unclear/ Not specified'],['No'],['Yes'],['Unclear/ not specified'],['Parents/carers'],80,NA,NA,['Toolkit: Parental engagement'],NA,NA,NA,NA,NA,NA,NA,NA,NA,NA,NA
42024832,Highberger (1973),1973,['Journal article'],['Parental engagement'],NA,"['Toolkit primary outcome', 'Reading primary outcome']",1.1584,0.2425,['Pre-post gain'],Peabody Picture Vocabulary Test - Parental Engagement,With business as usual,['Sample: All'],Literacy  reading other,['Test type: Standardised test '],"['Toolkit primary outcome', 'Reading primary outcome']",1.1584,0.2425,NA,NA,NA,NA,NA,NA,NA,NA,NA,NA,NA,NA,80,2,NA,['Nursery school/pre-school'],"['5', '6']",NA,NA,['USA'],['Prospective QED'],['One to one'],['Yes (Please specify)'],['No'],['Yes'],"['Before/after school', 'Evenings and/or weekends']",['Parents/carers'],17,5,15,['Toolkit: Parental engagement'],NA,NA,NA,NA,NA,NA,NA,NA,NA,NA,NA
42025144,Hirst (1972),1972,['Dissertation or thesis'],['Parental engagement'],NA,"['Toolkit primary outcome', 'Reading primary outcome']",0.1064,0.2043,['Post-test unadjusted (select one from this group)'],Gates McGinitie -compreh- Parental Eng.,With business as usual,['Sample: All'],Literacy  reading comprehension,['Test type: Standardised test '],"['Toolkit primary outcome', 'Reading primary outcome']",0.1064,0.2043,NA,NA,NA,NA,NA,NA,NA,NA,NA,NA,NA,NA,72,2,NA,['Primary/elementary school'],['7'],NA,NA,['USA'],['Individual RCT'],['One to one'],['Yes (Please specify)'],['No'],['Yes'],['Evenings and/or weekends'],['Parents/carers'],16,5,30,['Toolkit: Parental engagement'],NA,NA,NA,NA,NA,NA,NA,NA,NA,NA,NA
38296625,Husain (2016),2016,['Technical report'],['Parental engagement'],NA,"['Toolkit primary outcome', 'Mathematics primary outcome']",-0.0162,0.0738,['Post-test adjusted for baseline attainment AND clustering'],KS2 Maths Overall ES,With business as usual,['Sample: All'],Mathematics,['Test type: Standardised test '],['Reading primary outcome'],0.01,0.0615,NA,NA,NA,"['Toolkit primary outcome', 'Mathematics primary outcome']",-0.0162,0.0738,NA,NA,NA,NA,NA,NA,1923,16,NA,['Primary/elementary school'],"['7', '8', '9', '10', '11']",TRUE,55.0,"['UK (Select all that apply)', 'England']",['Multisite RCT'],['Large group/class teaching (+6)'],['Yes (Please specify)'],['No'],['Yes'],"['During regular school hours ', 'Evenings and/or weekends', 'Summer/ holiday period']",['External teachers'],40,0.5,100,['Toolkit: Parental engagement'],NA,NA,NA,NA,NA,NA,NA,NA,NA,NA,NA
42025475,Jordan (2000),2000,['Journal article'],['Parental engagement'],NA,"['Toolkit primary outcome', 'Reading primary outcome']",0.6865,0.1439,['Post-test unadjusted (select one from this group)'],CAP Language Posttest,With business as usual,['Sample: Low achievers'],Literacy  reading other,['Test type: Standardised test '],"['Toolkit primary outcome', 'Reading primary outcome']",0.6865,0.1439,NA,NA,NA,NA,NA,NA,NA,NA,NA,NA,NA,NA,248,4,NA,['Primary/elementary school'],"['5', '6']",NA,NA,['USA'],['Cluster RCT'],['One to one'],['Yes (Please specify)'],['No'],['Yes'],"['During regular school hours ', 'Before/after school']",['Parents/carers'],40,NA,NA,['Toolkit: Parental engagement'],NA,NA,NA,NA,NA,NA,NA,NA,NA,NA,NA
42025422,Justice (2000),2000,['Journal article'],['Parental engagement'],NA,"['Toolkit primary outcome', 'Reading primary outcome']",1.0585,0.4076,NA,Words in Print,With business as usual,NA,Literacy  reading comprehension,NA,"['Toolkit primary outcome', 'Reading primary outcome']",1.0585,0.4076,NA,NA,NA,NA,NA,NA,NA,NA,NA,NA,NA,NA,28,NA,NA,['Home'],['4'],NA,NA,['USA'],['Prospective QED'],['One to one'],['Yes (Please specify)'],['No'],['Yes'],['Before/after school'],['Parents/carers'],4,4,30,NA,NA,NA,NA,NA,NA,NA,NA,NA,NA,NA,NA
42025439,Kiesner (1997),1997,['Dissertation or thesis'],['Parental engagement'],NA,"['Toolkit primary outcome', 'Mathematics primary outcome']",0.0,0.4174,['Post-test unadjusted (select one from this group)'],Mathematics Quiz,With business as usual,['Sample: Low achievers'],Mathematics,['Test type: Researcher developed test'],NA,NA,NA,NA,NA,NA,"['Toolkit primary outcome', 'Mathematics primary outcome']",0.0,0.4174,NA,NA,NA,NA,NA,NA,23,1,NA,['Middle school'],"['11', '12', '13', '14']",NA,NA,['USA'],['Individual RCT'],['Other (Explain in notes)'],['Yes (Please specify)'],['No'],['Yes'],"['Before/after school', 'Evenings and/or weekends']",['Parents/carers'],7,5,NA,['Toolkit: Parental engagement'],NA,NA,NA,NA,NA,NA,NA,NA,NA,NA,NA
42064877,Kim (2008),2008,['Journal article'],['Parental engagement'],NA,"['Toolkit primary outcome', 'Reading primary outcome']",0.1384,0.1393,['Post-test adjusted for baseline attainment'],ITBS Posttest Adjusted for pretest covariate,With business as usual,['Sample: Low achievers'],Literacy  reading other,['Test type: Standardised test '],"['Toolkit primary outcome', 'Reading primary outcome']",0.1384,0.1393,NA,NA,NA,NA,NA,NA,NA,NA,NA,NA,NA,NA,400 ,2,NA,['Primary/elementary school'],"['8', '9', '10', '11', '12', '13']",FALSE,38.0,['USA'],['Individual RCT'],"['Large group/class teaching (+6)', 'One to one']",['Yes (Please specify)'],['No'],['Yes'],"['During regular school hours ', 'Summer/ holiday period']","['Class teachers', 'Parents/carers']",8,1,NA,['Toolkit: Parental engagement'],NA,NA,NA,NA,NA,NA,NA,NA,NA,NA,NA
42064876,Kim (2010),2010,['Journal article'],['Parental engagement'],NA,"['Toolkit primary outcome', 'Reading primary outcome']",-0.1028,0.1343,NA,Pot-Test Comprehension scores (GMRT)(Family Literacy v Control),With business as usual,NA,Literacy  reading comprehension,NA,"['Toolkit primary outcome', 'Reading primary outcome']",-0.1028,0.1343,NA,NA,NA,NA,NA,NA,NA,NA,NA,NA,NA,NA,222,4,"13 classes, as the students who participated in the intervention and those given alternate treatments or the control, were randomised on an individual level. Therefore, each classroom will be made up of students from each sample. ",['Primary/elementary school'],"['9', '10']",TRUE,90.0,['USA'],['Individual RCT'],['Other (Explain in notes)'],['Yes (Please specify)'],['No'],['Yes'],['Summer/ holiday period'],['Parents/carers'],8,0.25,120,NA,NA,NA,NA,NA,NA,NA,NA,NA,NA,NA,NA
42059811,Koh (1982),1982,['Dissertation or thesis'],['Parental engagement'],NA,"['Toolkit primary outcome', 'Reading primary outcome']",0.2551,0.267,['Post-test adjusted for baseline attainment'],CBTS– Gr1-Grp A  Reading  Parental Engag.,With business as usual,['Sample: All'],Literacy  reading comprehension,['Test type: Standardised test '],"['Toolkit primary outcome', 'Reading primary outcome']",0.2551,0.267,NA,NA,NA,['Mathematics primary outcome'],0.1288,0.2663,NA,NA,NA,NA,NA,NA,74,"5 (p.1, 3rd line from bottom of page)",NA,['Primary/elementary school'],"['5', '6', '7', '8', '9']",NA,NA,['USA'],['Retrospective QED  '],"['Large group/class teaching (+6)', 'One to one']",['Yes (Please specify)'],['No'],['Yes'],"['During regular school hours ', 'Before/after school']","['Class teachers', 'Parents/carers', 'Lay persons/volunteers']",28,1,120,['Toolkit: Parental engagement'],NA,NA,NA,NA,NA,NA,NA,NA,NA,NA,NA
42025146,Kosten (1997),1997,['Dissertation or thesis'],['Parental engagement'],NA,"['Toolkit primary outcome', 'Science primary outcome']",0.0746,0.3383,['Post-test unadjusted (select one from this group)'],California Achievement Test 5 (Science),With business as usual,['Sample: Average'],Science,['Test type: Standardised test '],NA,NA,NA,NA,NA,NA,NA,NA,NA,"['Toolkit primary outcome', 'Science primary outcome']",0.0746,0.3383,NA,NA,NA,35,1,NA,['Primary/elementary school'],"['7', '8', '9']",TRUE,85.0,['USA'],['Individual RCT'],['Large group/class teaching (+6)'],['No'],['No'],['Yes'],['Evenings and/or weekends'],['External teachers'],4,1,120,['Toolkit: Parental engagement'],NA,NA,NA,NA,NA,NA,NA,NA,NA,NA,NA
42025476,Kraft (2001),2001,['Journal article'],['Parental engagement'],NA,"['Toolkit primary outcome', 'Other outcome']",0.2758,0.3073,['Post-test unadjusted (select one from this group)'],WRMT Word Identification,With business as usual,['Sample: All'],Literacy  decoding/phonics,['Test type: Standardised test '],NA,NA,NA,NA,NA,NA,NA,NA,NA,NA,NA,NA,NA,NA,NA,43,1,1,['Primary/elementary school'],"['5', '6']",NA,NA,['USA'],['Prospective QED'],['One to one'],['Yes (Please specify)'],['No'],['Yes'],"['Before/after school', 'Evenings and/or weekends']",['Parents/carers'],16,NA,NA,['Toolkit: Parental engagement'],NA,NA,NA,NA,NA,NA,NA,NA,NA,NA,NA
42025477,Leach (1990),1990,['Journal article'],['Parental engagement'],NA,"['Toolkit primary outcome', 'Reading primary outcome']",1.2306,0.3929,['Post-test unadjusted (select one from this group)'],Neale - Comprehension - Parental engag.,With active control,['Sample: All'],Literacy  reading comprehension,['Test type: Standardised test '],"['Toolkit primary outcome', 'Reading primary outcome']",1.2306,0.3929,NA,NA,NA,NA,NA,NA,NA,NA,NA,NA,NA,NA,40,2,2,['Primary/elementary school'],"['5', '6']",NA,NA,['Australia'],['Individual RCT'],['One to one'],['Yes (Please specify)'],['No'],['Yes'],['Evenings and/or weekends'],"['Research staff', 'Parents/carers']",10,5,15,['Toolkit: Parental engagement'],NA,NA,NA,NA,NA,NA,NA,NA,NA,NA,NA
42025499,Lonigan (1998),1998,['Journal article'],['Parental engagement'],NA,"['Toolkit primary outcome', 'Reading primary outcome']",0.0852,0.4534,['Post-test unadjusted (select one from this group)'],PPVT Posttest adjusted High compliance Home only v control,With business as usual,['Sample: Low achievers'],Literacy  reading other,['Test type: Standardised test '],"['Toolkit primary outcome', 'Reading primary outcome']",0.0852,0.4534,NA,NA,NA,NA,NA,NA,NA,NA,NA,NA,NA,NA,91,NA,NA,['Other educational setting (please specify)'],"['3', '4', '5']",NA,NA,['USA'],['Individual RCT'],"['Small group/intensive support (3-5)', 'One to one']",['Yes (Please specify)'],['No'],['Yes'],"['During regular school hours ', 'Before/after school']","['Class teachers', 'Parents/carers']",6,5,10,['Toolkit: Oral language interventions'],NA,NA,NA,NA,NA,NA,NA,NA,NA,NA,NA
38296639,Lord (2018),2018,['Technical report'],['Parental engagement'],NA,"['Toolkit primary outcome', 'Reading primary outcome']",0.03,0.061,['Post-test adjusted for baseline attainment AND clustering'],Parental Engagement - reading comprehension KS1,With business as usual,['Sample: All'],Literacy  reading comprehension,['Test type: National test'],"['Toolkit primary outcome', 'Reading primary outcome']",0.03,0.061,NA,NA,NA,['Mathematics primary outcome'],-0.02,0.074,NA,NA,NA,NA,NA,NA,422,158,NA,['Primary/elementary school'],"['4', '5', '6', '7']",NA,NA,"['UK (Select all that apply)', 'England']","['Cluster RCT', 'Prospective QED']",['Large group/class teaching (+6)'],['Yes (Please specify)'],['No'],['Yes'],['Before/after school'],"['Teaching assistants', 'Parents/carers', 'Lay persons/volunteers']",80,1,150,['Toolkit: Parental engagement'],NA,NA,NA,NA,NA,NA,NA,NA,NA,NA,NA
42024838,McCormick (1986),1986,['Technical report'],['Parental engagement'],NA,"['Toolkit primary outcome', 'Other outcome']",0.0029,0.2748,['Post-test adjusted for baseline attainment'],PPVT-R,With business as usual,['Sample: All'],Cognitive  other,['Test type: Standardised test '],NA,NA,NA,NA,NA,NA,NA,NA,NA,NA,NA,NA,NA,NA,NA,23,3,3,['Home'],"['4', '5', '6']",NA,NA,['USA'],['Prospective QED'],['One to one'],['Unclear/ Not specified'],['No'],['Yes'],['Before/after school'],['Parents/carers'],18,NA,NA,['Toolkit: Parental engagement'],NA,NA,NA,NA,NA,NA,NA,NA,NA,NA,NA
42025500,McElvany (2009),2009,['Journal article'],['Parental engagement'],NA,"['Toolkit primary outcome', 'Reading primary outcome']",0.0666,0.1057,['Post-test adjusted for baseline attainment'],HAMLET 3- 4 (Comprehension),With business as usual,['Sample: All'],Literacy  reading comprehension,['Test type: Standardised test '],"['Toolkit primary outcome', 'Reading primary outcome']",0.0666,0.1057,NA,NA,NA,NA,NA,NA,NA,NA,NA,NA,NA,NA,509,NA,32,['Home'],"['9', '10']",NA,NA,['Germany'],['Prospective QED'],['One to one'],['No'],['No'],['Yes'],['Evenings and/or weekends'],['Parents/carers'],4,3,30,['Toolkit: Parental engagement'],NA,NA,NA,NA,NA,NA,NA,NA,NA,NA,NA
42025441,McGrath (1992),1992,['Dissertation or thesis'],['Parental engagement'],NA,"['Toolkit primary outcome', 'Reading primary outcome']",0.1861,0.2742,['Post-test unadjusted (select one from this group)'],English Literature Scores,With business as usual,['Sample: All'],Literacy  reading comprehension,['Test type: Researcher developed test'],"['Toolkit primary outcome', 'Reading primary outcome']",0.1861,0.2742,NA,NA,NA,NA,NA,NA,NA,NA,NA,NA,NA,NA,94,1,3,['Independent/private school'],"['16', '17', '18']",NA,NA,['USA'],['Prospective QED'],"['Large group/class teaching (+6)', 'Student alone (self-administered)']",['No'],['No'],['Yes'],['Before/after school'],['Class teachers'],1.6,NA,NA,['Toolkit: Parental engagement'],NA,NA,NA,NA,NA,NA,NA,NA,NA,NA,NA
42025150,McKinney (1975),1975,['Dissertation or thesis'],['Parental engagement'],NA,"['Toolkit primary outcome', 'Mathematics primary outcome']",0.3294,0.2847,['Post-test adjusted for baseline attainment'],Mathematics Posttest ,With business as usual,['Sample: All'],Mathematics,['Test type: National test'],['Reading primary outcome'],0.2301,0.2838,NA,NA,NA,"['Toolkit primary outcome', 'Mathematics primary outcome']",0.3294,0.2847,NA,NA,NA,NA,NA,NA,100,3,NA,['Primary/elementary school'],"['6', '7', '8', '9', '10']",NA,NA,['USA'],['Individual RCT'],['Small group/intensive support (3-5)'],['Yes (Please specify)'],['No'],['Yes'],['Evenings and/or weekends'],['Class teachers'],18,1,120,['Toolkit: Parental engagement'],NA,NA,NA,NA,NA,NA,NA,NA,NA,NA,NA
42024898,McQueen (1988),1988,['Journal article'],['Parental engagement'],NA,"['Toolkit primary outcome', 'Reading primary outcome']",1.1959,0.3557,['Post-test adjusted for baseline attainment'],PPVT (grp I vs III - adjusted means),With business as usual,['Sample: All'],Literacy  reading other,['Test type: Standardised test '],"['Toolkit primary outcome', 'Reading primary outcome']",1.1959,0.3557,NA,NA,NA,NA,NA,NA,NA,NA,NA,NA,NA,NA,54,1,NA,['Nursery school/pre-school'],"['3', '4']",TRUE,100.0,['USA'],['Individual RCT'],['Large group/class teaching (+6)'],['Unclear/ Not specified'],['No'],['Yes'],['During regular school hours '],['Research staff'],12,NA,NA,['Toolkit: Parental engagement'],NA,NA,NA,NA,NA,NA,NA,NA,NA,NA,NA
42025519,Mehran (1988),1988,['Journal article'],['Parental engagement'],NA,"['Toolkit primary outcome', 'Reading primary outcome']",0.2451,0.2683,['Post-test unadjusted (select one from this group)'],CTBS   reading - Parental Engagm.,With business as usual,['Sample: Low achievers'],Literacy  reading comprehension,['Test type: Standardised test '],"['Toolkit primary outcome', 'Reading primary outcome']",0.2451,0.2683,NA,NA,NA,NA,NA,NA,NA,NA,NA,NA,NA,NA,76,NA,NA,['Nursery school/pre-school'],['5'],NA,NA,['USA'],['Individual RCT'],['One to one'],['Yes (Please specify)'],['No'],['Yes'],['Before/after school'],['Parents/carers'],36,3,15,['Toolkit: Parental engagement'],NA,NA,NA,NA,NA,NA,NA,NA,NA,NA,NA
42025151,Meteyer (1998),1998,['Dissertation or thesis'],['Parental engagement'],NA,"['Toolkit primary outcome', 'Mathematics primary outcome']",0.1784,0.2782,['Post-test unadjusted (select one from this group)'],Assigned Maths Grades,With business as usual,['Sample: All'],Mathematics,['Test type: School-developed test'],NA,NA,NA,NA,NA,NA,"['Toolkit primary outcome', 'Mathematics primary outcome']",0.1784,0.2782,NA,NA,NA,NA,NA,NA,52,2,13,['Primary/elementary school'],"['9', '10']",NA,NA,['USA'],['Individual RCT'],['One to one'],['Yes (Please specify)'],['No'],['Yes'],['Evenings and/or weekends'],['Parents/carers'],18,2,NA,['Toolkit: Parental engagement'],NA,NA,NA,NA,NA,NA,NA,NA,NA,NA,NA
42025479,Miller (1986),1986,['Journal article'],['Parental engagement'],NA,"['Toolkit primary outcome', 'Reading primary outcome']",0.3737,0.2815,['Post-test unadjusted (select one from this group)'],Neale  - Comprehension- Parental Engag.,With business as usual,['Sample: Low achievers'],Literacy  reading comprehension,['Test type: Standardised test '],"['Toolkit primary outcome', 'Reading primary outcome']",0.3737,0.2815,NA,NA,NA,NA,NA,NA,NA,NA,NA,NA,NA,NA,54,13,NA,['Primary/elementary school'],"['8', '9', '10', '11']",FALSE,38.0,['UK (Select all that apply)'],['Prospective QED'],['One to one'],['Yes (Please specify)'],['No'],['Yes'],['Evenings and/or weekends'],['Parents/carers'],6,5,20,['Toolkit: Parental engagement'],NA,NA,NA,NA,NA,NA,NA,NA,NA,NA,NA
42025520,Miller (1996),1996,['Journal article'],['Parental engagement'],NA,"['Toolkit primary outcome', 'Reading primary outcome']",0.1463,0.2953,['Post-test adjusted for baseline attainment'],GORT-D  reading - Parental Eng.,With business as usual,['Sample: All'],Literacy  reading comprehension,['Test type: Standardised test '],"['Toolkit primary outcome', 'Reading primary outcome']",0.1463,0.2953,NA,NA,NA,NA,NA,NA,NA,NA,NA,NA,NA,NA,46,2,NA,['Primary/elementary school'],"['7', '8', '9', '10']",NA,NA,['USA'],['Individual RCT'],['One to one'],['Yes (Please specify)'],['No'],['Yes'],['Evenings and/or weekends'],['Parents/carers'],8,5,5,['Toolkit: Parental engagement'],NA,NA,NA,NA,NA,NA,NA,NA,NA,NA,NA
38296652,Miller (2016),2016,['Technical report'],['Parental engagement'],NA,"['Toolkit primary outcome', 'Reading primary outcome']",0.033,0.015,['Post-test unadjusted (select one from this group)'],ARt/GCSE (KS2/KS3) - English,With business as usual,['Sample: All'],Literacy  reading comprehension,['Test type: Standardised test '],"['Toolkit primary outcome', 'Reading primary outcome']",0.033,0.015,NA,NA,NA,['Mathematics primary outcome'],0.067,0.01,['Science primary outcome'],-0.013,0.017,NA,NA,NA,"Final Analysis   Intervention  English post-test  5,376 pupils Maths post-test  5,623 pupils Science post-test  4,726 pupils Attendance  7,436 pupils  Control   English post-test  6,037 pupils Maths post-test  5,977 pupils Science post-test  5,582 pupils Attendance  7,919 pupils   From Figure 1, pg22",36,108,['Secondary/High school'],"['11', '12', '13', '14', '15', '16']",NA,NA,"['UK (Select all that apply)', 'England']",['Cluster RCT'],['Other (Explain in notes)'],['Yes (Please specify)'],['Yes'],['Yes'],['Unclear/ not specified'],['Class teachers'],40,1.6,NA,['Toolkit: Parental engagement'],NA,NA,NA,NA,NA,NA,NA,NA,NA,NA,NA
42025502,Morrow (1992),1992,['Journal article'],['Parental engagement'],NA,"['Toolkit primary outcome', 'Reading primary outcome']",0.257,0.1998,NA,Oral story Retelling - Total Retelling,With active control,NA,Literacy  reading comprehension,NA,"['Toolkit primary outcome', 'Reading primary outcome']",0.257,0.1998,NA,NA,NA,NA,NA,NA,NA,NA,NA,NA,NA,NA,102,2,9,"['Primary/elementary school', 'Home']","['7', '8']",NA,NA,['USA'],['Cluster RCT'],"['Student alone (self-administered)', 'Large group/class teaching (+6)', 'Other (Explain in notes)']",['Yes (Please specify)'],['No'],['Yes'],"['During regular school hours ', 'Evenings and/or weekends']","['Class teachers', 'Parents/carers']",40,2,90,NA,NA,NA,NA,NA,NA,NA,NA,NA,NA,NA,NA
42025503,Morrow (1997),1997,['Journal article'],['Parental engagement'],NA,"['Toolkit primary outcome', 'Reading primary outcome']",0.5126,0.2719,['Post-test adjusted for baseline attainment'],California Test of Basic Skills Reading Section,With business as usual,['Sample: All'],Literacy  reading comprehension,['Test type: Standardised test '],"['Toolkit primary outcome', 'Reading primary outcome']",0.5126,0.2719,NA,NA,NA,NA,NA,NA,NA,NA,NA,NA,NA,NA,56,1,6,['Primary/elementary school'],"['6', '7', '8', '9']",NA,NA,['USA'],['Cluster RCT'],['One to one'],['Yes (Please specify)'],['No'],['Yes'],"['During regular school hours ', 'Before/after school', 'Evenings and/or weekends']","['Class teachers', 'Parents/carers']",40,4,35,['Toolkit: Parental engagement'],NA,NA,NA,NA,NA,NA,NA,NA,NA,NA,NA
47269856,Nedler (1971) PE,1971,['Journal article'],['Parental engagement'],NA,"['Toolkit primary outcome', 'Other outcome']",0.1974,0.3668,['Post-test adjusted for baseline attainment'],Peabody Picture Vocabulary Test -Spanish,With business as usual,['Sample: All'],Cognitive  reasoning,['Test type: Standardised test '],NA,NA,NA,NA,NA,NA,NA,NA,NA,NA,NA,NA,NA,NA,NA,30,NA,NA,['Nursery school/pre-school'],['3'],NA,NA,['USA'],['Individual RCT'],['Large group/class teaching (+6)'],['Yes (Please specify)'],['No'],['Yes'],['Unclear/ not specified'],['Parents/carers'],36,NA,NA,['Toolkit: Parental engagement'],NA,NA,NA,NA,NA,NA,NA,NA,NA,NA,NA
42025153,Nesbitt (1993),1993,['Dissertation or thesis'],['Parental engagement'],NA,"['Toolkit primary outcome', 'Reading primary outcome']",0.1305,0.2466,NA,Reading Achievement,With business as usual,NA,Literacy  reading comprehension,NA,"['Toolkit primary outcome', 'Reading primary outcome']",0.1305,0.2466,NA,NA,NA,NA,NA,NA,NA,NA,NA,NA,NA,NA,66,1,NA,['Primary/elementary school'],"['7', '8', '9']",TRUE,99.0,['USA'],['Prospective QED'],"['Other (Explain in notes)', 'One to one']",['Yes (Please specify)'],['No'],['Yes'],"['During regular school hours ', 'Other (please specify)']",['Parents/carers'],40,0.25,45,NA,NA,NA,NA,NA,NA,NA,NA,NA,NA,NA,NA
42025480,Niedermeyer (1970),1970,['Journal article'],['Parental engagement'],NA,"['Toolkit primary outcome', 'Reading primary outcome']",1.3724,0.2192,['Post-test unadjusted (select one from this group)'],Postest Mean Percent Correct,With active control,['Sample: Low achievers'],Literacy  reading other,['Test type: Researcher developed test'],"['Toolkit primary outcome', 'Reading primary outcome']",1.3724,0.2192,NA,NA,NA,NA,NA,NA,NA,NA,NA,NA,NA,NA,109,3,NA,['Primary/elementary school'],"['5', '6']",NA,NA,['USA'],['Cluster RCT'],['One to one'],['Yes (Please specify)'],['No'],['Yes'],"['Before/after school', 'Evenings and/or weekends']",['Parents/carers'],12,5,NA,['Toolkit: Parental engagement'],NA,NA,NA,NA,NA,NA,NA,NA,NA,NA,NA
42025154,O’Neil (1975),1975,['Dissertation or thesis'],['Parental engagement'],NA,"['Toolkit primary outcome', 'Reading primary outcome']",0.1675,0.5282,['Post-test unadjusted (select one from this group)'],Comprehension development - vs business as usual,With business as usual,['Sample: Low achievers'],Literacy  reading comprehension,['Test type: Standardised test '],"['Toolkit primary outcome', 'Reading primary outcome']",0.1675,0.5282,NA,NA,NA,NA,NA,NA,NA,NA,NA,NA,NA,NA,34,7,NA,['Primary/elementary school'],"['6', '7', '8', '9']",NA,NA,['USA'],['Individual RCT'],['One to one'],['Yes (Please specify)'],['No'],['Yes'],['Unclear/ not specified'],['Parents/carers'],10,4,30,['Toolkit: Parental engagement'],NA,NA,NA,NA,NA,NA,NA,NA,NA,NA,NA
42025158,Overett (1998),1998,['Journal article'],['Parental engagement'],NA,"['Toolkit primary outcome', 'Reading primary outcome']",0.6737,0.264,['Post-test unadjusted (select one from this group)'],Neale-Reading Comprehension (t-test),With business as usual,['Sample: All'],Literacy  reading comprehension,['Test type: Standardised test '],"['Toolkit primary outcome', 'Reading primary outcome']",0.6737,0.264,NA,NA,NA,NA,NA,NA,NA,NA,NA,NA,NA,NA,61,2,2,"['Primary/elementary school', 'Home']","['9', '10']",NA,NA,['South Africa'],['Prospective QED'],['Large group/class teaching (+6)'],['Yes (Please specify)'],['No'],['Yes'],['Evenings and/or weekends'],['Parents/carers'],0.9,1,60,['Toolkit: Parental engagement'],NA,NA,NA,NA,NA,NA,NA,NA,NA,NA,NA
42064885,Pagan (2010),2010,['Dissertation or thesis'],['Parental engagement'],NA,"['Toolkit primary outcome', 'Reading primary outcome']",0.4778,0.269,['Pre-post gain'],WRMT-R ,With business as usual,['Sample: Low achievers'],Literacy  reading comprehension,['Test type: Standardised test '],"['Toolkit primary outcome', 'Reading primary outcome']",0.4778,0.269,NA,NA,NA,NA,NA,NA,NA,NA,NA,NA,NA,NA,57,6,NA,['Primary/elementary school'],"['7', '8', '9', '10']",NA,NA,['Canada'],['Individual RCT'],['One to one'],['Yes (Please specify)'],['No'],['Yes'],['Summer/ holiday period'],['Parents/carers'],8,5,10,['Toolkit: Parental engagement'],NA,NA,NA,NA,NA,NA,NA,NA,NA,NA,NA
42025159,Peeples (1996),1996,['Dissertation or thesis'],['Parental engagement'],NA,"['Toolkit primary outcome', 'Reading primary outcome']",0.8705,0.297,NA,PARENTAL TRAINING ON COMPREHENSION,With business as usual,NA,Literacy  reading comprehension,NA,"['Toolkit primary outcome', 'Reading primary outcome']",0.8705,0.297,NA,NA,NA,NA,NA,NA,NA,NA,NA,NA,NA,NA,50,6,NA,['Home'],"['6', '7']",NA,NA,['USA'],['Individual RCT'],['Other (Explain in notes)'],['Yes (Please specify)'],['No'],['Yes'],['Evenings and/or weekends'],['Parents/carers'],15,5,15,NA,NA,NA,NA,NA,NA,NA,NA,NA,NA,NA,NA
42024842,Phillips (1990),1990,['Technical report'],['Parental engagement'],NA,"['Toolkit primary outcome', 'Reading primary outcome']",0.0,0.1557,['Post-test unadjusted (select one from this group)'],"MET-2 (Home vs Control combined for collector, village and urban groups",With business as usual,['Sample: All'],Literacy  reading comprehension,['Test type: Standardised test '],"['Toolkit primary outcome', 'Reading primary outcome']",0.0,0.1557,NA,NA,NA,NA,NA,NA,NA,NA,NA,NA,NA,NA,309,12,18,['Nursery school/pre-school'],"['5', '6']",NA,NA,['Canada'],['Cluster RCT'],['One to one'],['Yes (Please specify)'],['No'],['Yes'],['Before/after school'],['Parents/carers'],24,1,NA,['Toolkit: Parental engagement'],NA,NA,NA,NA,NA,NA,NA,NA,NA,NA,NA
45336777,Phillips (1990) PE,1990,['Technical report'],['Parental engagement'],NA,"['Toolkit primary outcome', 'Reading primary outcome']",0.0008,0.1557,['Post-test unadjusted (select one from this group)'],MET-2 (Home vs Control posttest),With business as usual,['Sample: All'],Literacy  reading comprehension,['Test type: Standardised test '],"['Toolkit primary outcome', 'Reading primary outcome']",0.0008,0.1557,NA,NA,NA,NA,NA,NA,NA,NA,NA,NA,NA,NA,309,12,18,['Primary/elementary school'],"['6', '5']",NA,NA,['Canada'],['Cluster RCT'],['One to one'],['Yes (Please specify)'],['No'],['Yes'],['Evenings and/or weekends'],['Parents/carers'],24,NA,NA,['Toolkit: Parental engagement'],NA,NA,NA,NA,NA,NA,NA,NA,NA,NA,NA
42025450,Pigford (1987),1987,['Dissertation or thesis'],['Parental engagement'],NA,"['Toolkit primary outcome', 'Mathematics primary outcome']",-0.4899,0.157,['Post-test unadjusted (select one from this group)'],CTBS –  maths,With business as usual,['Sample: All'],Mathematics,['Test type: Standardised test '],NA,NA,NA,NA,NA,NA,"['Toolkit primary outcome', 'Mathematics primary outcome']",-0.4899,0.157,NA,NA,NA,NA,NA,NA,170,2,8,['Primary/elementary school'],"['6', '7']",NA,NA,['USA'],['Prospective QED'],['One to one'],['Yes (Please specify)'],['No'],['Yes'],['Evenings and/or weekends'],['Parents/carers'],40,2,NA,['Toolkit: Parental engagement'],NA,NA,NA,NA,NA,NA,NA,NA,NA,NA,NA
42025522,Powell-Smith (2000),2000,['Journal article'],['Parental engagement'],NA,"['Toolkit primary outcome', 'Reading primary outcome']",-0.395,0.292,['Post-test unadjusted (select one from this group)'],TORF - CB and LB - Overall ES,With business as usual,['Sample: Low achievers'],Literacy  reading other,['Test type: Standardised test '],"['Toolkit primary outcome', 'Reading primary outcome']",-0.395,0.292,NA,NA,NA,NA,NA,NA,NA,NA,NA,NA,NA,NA,36,6,14,['Primary/elementary school'],"['7', '8', '9']",NA,NA,['USA'],['Individual RCT'],['One to one'],['Yes (Please specify)'],['No'],['Yes'],"['Before/after school', 'Evenings and/or weekends']","['Class teachers', 'Parents/carers']",15,4,20,['Toolkit: Parental engagement'],NA,NA,NA,NA,NA,NA,NA,NA,NA,NA,NA
42025506,Rasinski (2005),2005,['Journal article'],['Parental engagement'],NA,"['Toolkit primary outcome', 'Reading primary outcome']",0.1122,0.3655,NA,Letter/Word Identiﬁcation Test,With business as usual,NA,Literacy  reading other,NA,"['Toolkit primary outcome', 'Reading primary outcome']",0.1122,0.3655,NA,NA,NA,NA,NA,NA,NA,NA,NA,NA,NA,NA,30,1,2,['Primary/elementary school'],"['6', '7']",NA,NA,['USA'],['Individual RCT'],['Other (Explain in notes)'],['Yes (Please specify)'],['No'],['Yes'],"['Before/after school', 'Evenings and/or weekends']",['Parents/carers'],11,5,15,NA,NA,NA,NA,NA,NA,NA,NA,NA,NA,NA,NA
42025507,Reutzel (2005),2005,['Journal article'],['Parental engagement'],NA,"['Toolkit primary outcome', 'Reading primary outcome']",0.994,0.177,['Post-test adjusted for baseline attainment'],Systematic Sequential Phonics They Use Assessment (Word reading)- Parental Engagement,With business as usual,['Sample: Low achievers'],Literacy  reading other,['Test type: Researcher developed test'],"['Toolkit primary outcome', 'Reading primary outcome']",0.994,0.177,NA,NA,NA,NA,NA,NA,NA,NA,NA,NA,NA,NA,144,2,8,['Primary/elementary school'],"['6', '7']",NA,NA,['USA'],['Prospective QED'],['One to one'],['Yes (Please specify)'],['No'],['Yes'],"['Before/after school', 'Evenings and/or weekends']",['Parents/carers'],40,1,NA,['Toolkit: Parental engagement'],NA,NA,NA,NA,NA,NA,NA,NA,NA,NA,NA
42025508,Rolla (2006),2006,['Journal article'],['Parental engagement'],NA,"['Toolkit primary outcome', 'Reading primary outcome']",0.1542,0.2273,NA,Reading,With business as usual,NA,Literacy  reading other,NA,"['Toolkit primary outcome', 'Reading primary outcome']",0.1542,0.2273,NA,NA,NA,NA,NA,NA,NA,NA,NA,NA,NA,NA,85,4,5,['Nursery school/pre-school'],['5'],TRUE,100.0,['Costa Rica'],['Multisite RCT'],"['One to one', 'Other (Explain in notes)']",['Unclear/ Not specified'],['No'],['Yes'],['Unclear/ not specified'],['Parents/carers'],1,1,NA,NA,NA,NA,NA,NA,NA,NA,NA,NA,NA,NA,NA
42025164,Ryan (1964),1964,['Dissertation or thesis'],['Parental engagement'],NA,"['Toolkit primary outcome', 'Reading primary outcome']",0.3384,0.187,['Post-test unadjusted (select one from this group)'],Stanford Achievement Test (Paragraph Meaning),With business as usual,['Sample: All'],Literacy  reading comprehension,['Test type: Standardised test '],"['Toolkit primary outcome', 'Reading primary outcome']",0.3384,0.187,NA,NA,NA,NA,NA,NA,NA,NA,NA,NA,NA,NA,232,NA,10,['Primary/elementary school'],"['8', '7']",NA,NA,['USA'],['Cluster RCT'],['One to one'],['No'],['No'],['Yes'],"['Before/after school', 'Evenings and/or weekends']",['Parents/carers'],24,NA,NA,['Toolkit: Parental engagement'],NA,NA,NA,NA,NA,NA,NA,NA,NA,NA,NA
42025510,Saint-Laurent (2005),2005,['Journal article'],['Parental engagement'],NA,"['Toolkit primary outcome', 'Reading primary outcome']",0.464,0.1952,NA,Reading Score,With business as usual,NA,Literacy  reading comprehension,NA,"['Toolkit primary outcome', 'Reading primary outcome']",0.464,0.1952,NA,NA,NA,NA,NA,NA,NA,NA,NA,NA,NA,NA,108,NA,12,['Primary/elementary school'],"['6', '7']",NA,NA,['Canada'],['Cluster RCT'],['Other (Explain in notes)'],['Unclear/ Not specified'],['No'],['Yes'],"['During regular school hours ', 'Evenings and/or weekends']","['Research staff', 'Class teachers']",40,0.5,90,NA,NA,NA,NA,NA,NA,NA,NA,NA,NA,NA,NA
42025511,Saracho (1997),1997,['Journal article'],['Parental engagement'],NA,"['Toolkit primary outcome', 'Reading primary outcome']",0.4349,0.2008,NA,Early Reading Ability,With business as usual,NA,Literacy  reading comprehension,NA,"['Toolkit primary outcome', 'Reading primary outcome']",0.4349,0.2008,NA,NA,NA,NA,NA,NA,NA,NA,NA,NA,NA,NA,102,NA,NA,"['Primary/elementary school', 'Home']","['5', '6']",NA,NA,['USA'],['Prospective QED'],['One to one'],['Yes (Please specify)'],['No'],['Yes'],['Before/after school'],['Parents/carers'],40,0.5,NA,NA,NA,NA,NA,NA,NA,NA,NA,NA,NA,NA,NA
42064891,Seward (2009),2009,['Dissertation or thesis'],['Parental engagement'],NA,"['Toolkit primary outcome', 'Reading primary outcome']",0.2358,0.2642,NA,PPVT-III,With business as usual,NA,Literacy  decoding/phonics,NA,"['Toolkit primary outcome', 'Reading primary outcome']",0.2358,0.2642,NA,NA,NA,NA,NA,NA,NA,NA,NA,NA,NA,NA,184,13,NA,"['Nursery school/pre-school', 'Primary/elementary school']","['5', '6']",NA,NA,['USA'],['Prospective QED'],"['One to one', 'Other (Explain in notes)']",['No'],['No'],['Yes'],['Summer/ holiday period'],['Research staff'],2,1,120,NA,NA,NA,NA,NA,NA,NA,NA,NA,NA,NA,NA
42024918,Slater (1986),1986,['Journal article'],['Parental engagement'],NA,"['Toolkit primary outcome', 'Reading primary outcome']",1.3764,0.3031,NA,McCarthy Scale of Children Abilities-Verbal Subscales,With business as usual,NA,Literacy  reading comprehension,NA,"['Toolkit primary outcome', 'Reading primary outcome']",1.3764,0.3031,NA,NA,NA,['Mathematics primary outcome'],0.7075,0.2819,NA,NA,NA,NA,NA,NA,60,NA,NA,['Nursery school/pre-school'],['4'],NA,NA,['USA'],['Individual RCT'],['One to one'],['Yes (Please specify)'],['No'],['Yes'],['Unclear/ not specified'],['Parents/carers'],6,1,NA,['Toolkit: Parental engagement'],NA,NA,NA,NA,NA,NA,NA,NA,NA,NA,NA
42059780,St Pierre (2005),2005,['Journal article'],['Parental engagement'],NA,"['Toolkit primary outcome', 'Reading primary outcome']",0.0265,0.1818,NA,PPVT,With business as usual,NA,Literacy  reading comprehension,NA,"['Toolkit primary outcome', 'Reading primary outcome']",0.0265,0.1818,NA,NA,NA,NA,NA,NA,NA,NA,NA,NA,NA,NA,141,NA,NA,['No information provided'],"['3', '4', '5', '6']",NA,NA,['USA'],['Individual RCT'],['Other (Explain in notes)'],['Unclear/ Not specified'],['No'],['Yes'],['Unclear/ not specified'],"['External teachers', 'Unclear/not specified']",10,NA,NA,NA,NA,NA,NA,NA,NA,NA,NA,NA,NA,NA,NA
42024834,Swinson (1985),1985,['Journal article'],['Parental engagement'],NA,"['Toolkit primary outcome', 'Reading primary outcome']",0.8423,0.4208,['Post-test unadjusted (select one from this group)'],English Picture Vocabulary Test,With business as usual,['Sample: All'],Literacy  reading comprehension,['Test type: Standardised test '],"['Toolkit primary outcome', 'Reading primary outcome']",0.8423,0.4208,NA,NA,NA,NA,NA,NA,NA,NA,NA,NA,NA,NA,25,1,1,['Nursery school/pre-school'],"['3', '4']",NA,NA,"['UK (Select all that apply)', 'England']",['Individual RCT'],['One to one'],['Yes (Please specify)'],['No'],['Yes'],"['Before/after school', 'Evenings and/or weekends']",['Parents/carers'],12,1,NA,['Toolkit: Parental engagement'],NA,NA,NA,NA,NA,NA,NA,NA,NA,NA,NA
42025497,Sylva (2008),2008,['Journal article'],['Parental engagement'],NA,"['Toolkit primary outcome', 'Reading primary outcome']",0.2978,0.201,['Post-test unadjusted (select one from this group)'],BAS word reading - Parental Engagement,With business as usual,['Sample: Low achievers'],Literacy  reading other,['Test type: Standardised test '],"['Toolkit primary outcome', 'Reading primary outcome']",0.2978,0.201,NA,NA,NA,NA,NA,NA,NA,NA,NA,NA,NA,NA,112,8,NA,"['Primary/elementary school', 'Home']","['5', '6']",NA,NA,['UK (Select all that apply)'],['Individual RCT'],['One to one'],['Yes (Please specify)'],['No'],['Yes'],"['Before/after school', 'Evenings and/or weekends']",['Parents/carers'],40,NA,100,['Toolkit: Parental engagement'],NA,NA,NA,NA,NA,NA,NA,NA,NA,NA,NA
42025461,Tamayo (1992),1992,['Dissertation or thesis'],['Parental engagement'],NA,"['Toolkit primary outcome', 'Mathematics primary outcome']",-0.1661,0.3601,NA,Maths Achievement,With business as usual,NA,Mathematics,NA,NA,NA,NA,NA,NA,NA,"['Toolkit primary outcome', 'Mathematics primary outcome']",-0.1661,0.3601,NA,NA,NA,NA,NA,NA,31,1,NA,"['Secondary/High school', 'Home']","['12', '13']",NA,NA,['USA'],['Individual RCT'],['Other (Explain in notes)'],['Yes (Please specify)'],['No'],['Yes'],['Evenings and/or weekends'],['Parents/carers'],9,1,60,NA,NA,NA,NA,NA,NA,NA,NA,NA,NA,NA,NA
38296694,Tracey (2016),2016,['Technical report'],['Parental engagement'],NA,"['Toolkit primary outcome', 'Writing and spelling primary outcome.']",0.0866,0.0769,['Post-test adjusted for baseline attainment'],WRMT-Letter ID,With business as usual,['Sample: All'],Literacy  writing,['Test type: Standardised test '],NA,NA,NA,NA,NA,NA,NA,NA,NA,NA,NA,NA,NA,NA,NA,627,68,68,['Primary/elementary school'],"['5', '6']",FALSE,27.0,"['UK (Select all that apply)', 'England']",['Individual RCT'],"['Large group/class teaching (+6)', 'One to one']",['Yes (Please specify)'],['No'],['Yes'],['Unclear/ not specified'],['External teachers'],12,1,NA,['Toolkit: Parental engagement'],NA,NA,NA,NA,NA,NA,NA,NA,NA,NA,NA
42025513,van Tuijl (2001) 1_1,2001,['Journal article'],['Parental engagement'],NA,"['Toolkit primary outcome', 'Other outcome']",0.1877,0.1589,NA,Active Vocabulary,With business as usual,NA,Languages,NA,NA,NA,NA,NA,NA,NA,NA,NA,NA,NA,NA,NA,NA,NA,NA,181,NA,NA,['Home'],['4'],NA,NA,['The Netherlands'],['Prospective QED'],['One to one'],['Yes (Please specify)'],['No'],['Yes'],['Before/after school'],['Parents/carers'],60,NA,20,NA,NA,NA,NA,NA,NA,NA,NA,NA,NA,NA,NA
46325712,van Tuijl (2001) 1_2,2001,['Journal article'],['Parental engagement'],NA,"['Toolkit primary outcome', 'Other outcome']",0.3064,0.3439,NA,RAKIT,With business as usual,NA,Cognitive  reasoning,NA,NA,NA,NA,NA,NA,NA,NA,NA,NA,NA,NA,NA,NA,NA,NA,126,NA,NA,['Home'],"['4', '5']",NA,NA,['The Netherlands'],['Prospective QED'],['Other (Explain in notes)'],['Yes (Please specify)'],['No'],['Yes'],['Other (please specify)'],"['External teachers', 'Parents/carers']",80,5,20,NA,NA,NA,NA,NA,NA,NA,NA,NA,NA,NA,NA
42025463,Van Voorhis (2003),2003,['Journal article'],['Parental engagement'],NA,"['Toolkit primary outcome', 'Science primary outcome']",0.3067,0.128,NA,Science Grades,With business as usual,NA,Science,NA,NA,NA,NA,NA,NA,NA,NA,NA,NA,"['Toolkit primary outcome', 'Science primary outcome']",0.3067,0.128,NA,NA,NA,253,1,10,"['Middle school', 'Home']","['11', '12', '13', '14']",NA,NA,['USA'],['Prospective QED'],['One to one'],['No'],['No'],['Yes'],"['Before/after school', 'Evenings and/or weekends']",['Parents/carers'],36,1,60,NA,NA,NA,NA,NA,NA,NA,NA,NA,NA,NA,NA
42059834,Waksman (1979),1979,['Journal article'],['Parental engagement'],NA,"['Toolkit primary outcome', 'Reading primary outcome']",1.22,0.31,['Post-test adjusted for baseline attainment'],MRT (Total - ANOVA),With business as usual,['Sample: All'],Literacy  reading comprehension,['Test type: Standardised test '],"['Toolkit primary outcome', 'Reading primary outcome']",1.22,0.31,NA,NA,NA,NA,NA,NA,NA,NA,NA,NA,NA,NA,48,NA,NA,['Home'],"['3', '4', '5']",NA,NA,['Canada'],['Individual RCT'],['Other (Explain in notes)'],['Yes (Please specify)'],['No'],['Yes'],['Evenings and/or weekends'],"['Research staff', 'Parents/carers']",20,1,30,['Toolkit: Parental engagement'],NA,NA,NA,NA,NA,NA,NA,NA,NA,NA,NA
42025465,Warrick (2000),2000,['Dissertation or thesis'],['Parental engagement'],NA,"['Toolkit primary outcome', 'Mathematics primary outcome']",0.4334,0.2519,['Post-test unadjusted (select one from this group)'],ITBS - Maths,With business as usual,['Sample: All'],Mathematics,['Test type: Standardised test '],NA,NA,NA,NA,NA,NA,"['Toolkit primary outcome', 'Mathematics primary outcome']",0.4334,0.2519,NA,NA,NA,NA,NA,NA,65,1,NA,['Primary/elementary school'],"['10', '11', '9']",NA,NA,['USA'],['Prospective QED'],['One to one'],['Yes (Please specify)'],['No'],['Yes'],['Evenings and/or weekends'],"['Research staff', 'Class teachers', 'Parents/carers']",9,1,60,['Toolkit: Parental engagement'],NA,NA,NA,NA,NA,NA,NA,NA,NA,NA,NA
42059784,Weisberg (1974),1974,['Technical report'],['Parental engagement'],NA,"['Toolkit primary outcome', 'Other outcome']",0.3183,0.0968,['Post-test unadjusted (select one from this group)'],T test WRAT Speed Copy tick marks Head Start v control,With business as usual,['Sample: All'],Cognitive  other,['Test type: Standardised test '],NA,NA,NA,NA,NA,NA,NA,NA,NA,NA,NA,NA,NA,NA,NA,5864,29,NA,['Nursery school/pre-school'],"['4', '5']",NA,NA,['USA'],['Retrospective QED  '],"['Small group/intensive support (3-5)', 'One to one', 'Large group/class teaching (+6)']",['Unclear/ Not specified'],['No'],['No'],['Unclear/ not specified'],['External teachers'],120,NA,180,['Toolkit: Parental engagement'],NA,NA,NA,NA,NA,NA,NA,NA,NA,NA,NA
42025466,White (1996),1996,['Dissertation or thesis'],['Parental engagement'],NA,"['Toolkit primary outcome', 'Mathematics primary outcome']",0.4051,0.1578,NA,MWRT Test,With business as usual,NA,Combined subjects,NA,NA,NA,NA,NA,NA,NA,"['Toolkit primary outcome', 'Mathematics primary outcome']",0.4051,0.1578,NA,NA,NA,NA,NA,NA,166,2,8,['Primary/elementary school'],"['9', '10']",NA,NA,['USA'],['Prospective QED'],['Other (Explain in notes)'],['Yes (Please specify)'],['No'],['Yes'],['Other (please specify)'],"['Class teachers', 'Parents/carers']",10,2,NA,NA,NA,NA,NA,NA,NA,NA,NA,NA,NA,NA,NA
42024940,Whitehurst (1994),1994,['Journal article'],['Parental engagement'],NA,"['Toolkit primary outcome', 'Writing and spelling primary outcome.']",0.4407,-0.0271,['Post-test adjusted for baseline attainment'],Writing Factor,With business as usual,['Sample: Low achievers'],Literacy  writing,['Test type: Standardised test '],NA,NA,NA,NA,NA,NA,NA,NA,NA,NA,NA,NA,NA,NA,NA,167,4,NA,['Nursery school/pre-school'],['4'],NA,NA,['USA'],['Cluster RCT'],"['Small group/intensive support (3-5)', 'One to one']",['Yes (Please specify)'],['No'],['Yes'],"['During regular school hours ', 'Before/after school', 'Evenings and/or weekends']","['Class teachers', 'Parents/carers']",30,3,NA,['Toolkit: Parental engagement'],NA,NA,NA,NA,NA,NA,NA,NA,NA,NA,NA
42025515,Whitehurst (1994),1994,['Journal article'],['Parental engagement'],NA,"['Toolkit primary outcome', 'Reading primary outcome']",0.1262,0.2977,['Post-test unadjusted (select one from this group)'],Peabody Picture Viocabulary Test,With active control,['Sample: All'],Literacy  reading comprehension,['Test type: Standardised test '],"['Toolkit primary outcome', 'Reading primary outcome']",0.1262,0.2977,NA,NA,NA,NA,NA,NA,NA,NA,NA,NA,NA,NA,167,1,3,['Nursery school/pre-school'],['3'],NA,NA,['USA'],['Multisite RCT'],"['Small group/intensive support (3-5)', 'One to one']",['Yes (Please specify)'],['No'],['Yes'],"['During regular school hours ', 'Before/after school', 'Evenings and/or weekends']","['Class teachers', 'Parents/carers']",6,5,NA,['Toolkit: Parental engagement'],NA,NA,NA,NA,NA,NA,NA,NA,NA,NA,NA
45336798,Whitehurst (1994) PE,1994,['Journal article'],['Parental engagement'],NA,"['Toolkit primary outcome', 'Reading primary outcome']",0.2328,0.3039,['Post-test unadjusted (select one from this group)'],Peabody Picture Vocabulary Test,With business as usual,['Sample: All'],Literacy  reading comprehension,['Test type: Standardised test '],"['Toolkit primary outcome', 'Reading primary outcome']",0.2328,0.3039,NA,NA,NA,NA,NA,NA,NA,NA,NA,NA,NA,NA,73,1,3,['Other educational setting (please specify)'],"['3', '4']",NA,NA,['USA'],['Multisite RCT'],"['Small group/intensive support (3-5)', 'One to one']",['Yes (Please specify)'],['No'],['Yes'],"['During regular school hours ', 'Before/after school']","['Class teachers', 'Parents/carers']",6,5,60,['Toolkit: Parental engagement'],NA,NA,NA,NA,NA,NA,NA,NA,NA,NA,NA
42025425,Whitehurst (1999),1999,['Journal article'],['Parental engagement'],NA,"['Toolkit primary outcome', 'Reading primary outcome']",0.1001,0.0619,['Post-test adjusted for baseline attainment'],One word - Language,With business as usual,['Sample: Low achievers'],Literacy  reading other,['Test type: Standardised test '],"['Toolkit primary outcome', 'Reading primary outcome']",0.1001,0.0619,NA,NA,NA,NA,NA,NA,NA,NA,NA,NA,NA,NA,280,NA,37,['Nursery school/pre-school'],"['4', '5']",TRUE,100.0,['USA'],['Cluster RCT'],"['Small group/intensive support (3-5)', 'Other (Explain in notes)']",['Yes (Please specify)'],['No'],['Yes'],"['During regular school hours ', 'Evenings and/or weekends']","['Class teachers', 'Parents/carers']",40,3,NA,['Toolkit: Parental engagement'],NA,NA,NA,NA,NA,NA,NA,NA,NA,NA,NA
42025485,Wilks (1988),1988,['Journal article'],['Parental engagement'],NA,"['Toolkit primary outcome', 'Reading primary outcome']",1.4924,0.4273,['Pre-post gain'],Reading Comprehenion - Parental Engagement,With business as usual,"['Sample: Low achievers', 'Sample: Average']",Literacy  reading comprehension,['Test type: Standardised test '],"['Toolkit primary outcome', 'Reading primary outcome']",1.4924,0.4273,NA,NA,NA,NA,NA,NA,NA,NA,NA,NA,NA,NA,42,1,NA,"['Independent/private school', 'Primary/elementary school']","['8', '9']",NA,NA,['Australia'],['Individual RCT'],['One to one'],['Yes (Please specify)'],['No'],['Yes'],"['Before/after school', 'Evenings and/or weekends']",['Parents/carers'],20,NA,NA,['Toolkit: Parental engagement'],NA,NA,NA,NA,NA,NA,NA,NA,NA,NA,NA
42025172,Wise (1972),1972,['Technical report'],['Parental engagement'],NA,"['Toolkit primary outcome', 'Reading primary outcome']",0.2743,0.3261,['Post-test unadjusted (select one from this group)'],CTBS – Reading compreh.- Parental Engag.,With business as usual,['Sample: Low achievers'],Literacy  reading comprehension,['Test type: Standardised test '],"['Toolkit primary outcome', 'Reading primary outcome']",0.2743,0.3261,NA,NA,NA,NA,NA,NA,NA,NA,NA,NA,NA,NA,38,NA,NA,['Primary/elementary school'],"['7', '8', '9', '10', '11', '12']",NA,NA,['USA'],['Prospective QED'],['One to one'],['Yes (Please specify)'],['No'],['Yes'],"['Before/after school', 'Evenings and/or weekends']",['Parents/carers'],8,NA,NA,['Toolkit: Parental engagement'],NA,NA,NA,NA,NA,NA,NA,NA,NA,NA,NA
42025173,Woods (1974),1974,['Technical report'],['Parental engagement'],NA,"['Toolkit primary outcome', 'Reading primary outcome']",0.8028,0.2374,['Post-test unadjusted (select one from this group)'],Murphy-Durrell Letter Names,With business as usual,['Sample: All'],Literacy  reading comprehension,['Test type: Standardised test '],"['Toolkit primary outcome', 'Reading primary outcome']",0.8028,0.2374,NA,NA,NA,NA,NA,NA,NA,NA,NA,NA,NA,NA,77,5,14,['Nursery school/pre-school'],"['4', '5', '6']",NA,NA,['USA'],['Multisite RCT'],['Small group/intensive support (3-5)'],['Yes (Please specify)'],['No'],['Yes'],"['During regular school hours ', 'Before/after school']","['Class teachers', 'Parents/carers']",40,2,30,['Toolkit: Parental engagement'],NA,NA,NA,NA,NA,NA,NA,NA,NA,NA,NA
