id,pub_author,pub_year,strand_raw,strand_info,toolkit_version,desc_stats_raw,desc_stats_ht,desc_stats_info,desc_stats_CLEAN,n_treat_ht,n_treat_info,n_treat_CLEAN,pre_t_mean_ht,pre_t_mean_info,pre_t_mean_CLEAN,pre_t_sd_ht,pre_t_sd_info,pre_t_sd_CLEAN,post_t_mean_ht_t_sd_ht,post_t_mean_info,post_t_mean_CLEAN,post_t_sd_ht,post_t_sd_info,post_t_sd_CLEAN,gain_t_mean_ht,gain_t_mean_info,gain_t_mean_CLEAN,gain_t_sd_ht,gain_t_sd_info,gain_t_sd_CLEAN,out_t_other_ht,out_t_other_info,out_t_other_CLEAN,n_cont_ht,n_cont_info,n_cont_ht_CLEAN,pre_c_mean_ht,pre_c_mean_info,pre_c_mean_CLEAN,pre_c_sd_ht,pre_c_sd_info,pre_c_sd_CLEAN,post_c_mean_ht,post_c_mean_info,post_c_mean_CLEAN,post_c_sd_ht,post_c_sd_info,post_c_sd_CLEAN,gain_c_mean_ht,gain_c_mean_info,gain_c_mean_CLEAN,gain_c_sd_ht,gain_c_sd_info,gain_c_sd_CLEAN,out_c_other_ht,out_c_other_info,out_c_other_CLEAN,n_treat2_ht,n_treat2_info,n_treat2_CLEAN,pre_t2_mean_ht,pre_t2_mean_info,pre_t2_mean_CLEAN,pre_t2_sd_ht,pre_t2_sd_info,pre_t2_sd_CLEAN,post_t2_mean_ht,post_t2_mean_info,post_t2_mean_CLEAN,post_t2_sd_ht,post_t2_sd_info,post_t2_sd_CLEAN,gain_t2_mean_ht,gain_t2_mean_info,gain_t2_mean_CLEAN,gain_t2_sd_ht,gain_t2_sd_info,gain_t2_sd_CLEAN,out_t2_other_ht,out_t2_other_info,out_t2_other_CLEAN,n_cont2_ht,n_cont2_info,n_cont2_CLEAN,pre_c2_mean_ht,pre_c2_mean_info,pre_c2_mean_CLEAN,pre_c2_sd_ht,pre_c2_sd_info,pre_c2_sd_CLEAN,post_c2_mean_ht,post_c2_mean_info,post_c2_mean_CLEAN,post_c2_sd_ht,post_c2_sd_info,post_c2_sd_CLEAN,gain_c2_mean_ht,gain_c2_mean_info,gain_c2_mean_CLEAN,gain_c2_sd_ht,gain_c2_sd_info,gain_c2_sd_CLEAN,out_c2_other_ht,out_c2_other_info,out_c2_other_CLEAN,follow_up_raw,follow_up_ht,follow_up_info,follow_up_CLEAN
42025124,Arnold (1996),1996,['Parental engagement'],NA,NA,['No'],NA,NA,,NA,NA,,NA,NA,,NA,NA,,NA,NA,,NA,NA,,NA,NA,,NA,NA,,NA,NA,,NA,NA,,NA,NA,,NA,NA,,NA,NA,,NA,NA,,NA,NA,,NA,NA,,NA,NA,,NA,NA,,NA,NA,,NA,NA,,NA,NA,,NA,NA,,NA,NA,,NA,NA,,NA,NA,,NA,NA,,NA,NA,,NA,NA,,NA,NA,,NA,NA,,NA,NA,,NA,NA,,NA,NA,,['No'],NA,NA,
42025125,Austin (1988),1988,['Parental engagement'],NA,NA,['No'],NA,NA,,NA,NA,,NA,NA,,NA,NA,,NA,NA,,NA,NA,,NA,NA,,NA,NA,,NA,NA,,NA,NA,,NA,NA,,NA,NA,,NA,NA,,NA,NA,,NA,NA,,NA,NA,,NA,NA,,NA,NA,,NA,NA,,NA,NA,,NA,NA,,NA,NA,,NA,NA,,NA,NA,,NA,NA,,NA,NA,,NA,NA,,NA,NA,,NA,NA,,NA,NA,,NA,NA,,NA,NA,,NA,NA,,['No'],NA,NA,
42025487,Barhava‐Mònteith (1999),1999,['Parental engagement'],NA,NA,['No'],NA,NA,,NA,NA,,NA,NA,,NA,NA,,NA,NA,,NA,NA,,NA,NA,,NA,NA,,NA,NA,,NA,NA,,NA,NA,,NA,NA,,NA,NA,,NA,NA,,NA,NA,,NA,NA,,NA,NA,,NA,NA,,NA,NA,,NA,NA,,NA,NA,,NA,NA,,NA,NA,,NA,NA,,NA,NA,,NA,NA,,NA,NA,,NA,NA,,NA,NA,,NA,NA,,NA,NA,,NA,NA,,NA,NA,,['No'],NA,NA,
42024853,Barkley (2000),2000,['Parental engagement'],NA,NA,['Yes'],NA,WJ Achievement Test - Academic Skills - PT Only vs Control,,"['Page 4:\n[¬s]""parent training only (PT, Nl39)[¬e]""']",39,,NA,NA,,NA,NA,,"['Page 10:\n[¬s]""98.4[¬e]""']",98.4,,"['Page 10:\n[¬s]""11.3[¬e]""']",11.3,,NA,NA,,NA,NA,,NA,NA,,"['Page 3:\n[¬s]""no-treatment control (Nl42)[¬e]""']",42,,NA,NA,,NA,NA,,"['Page 10:\n[¬s]""95.2[¬e]""']",95.2,,"['Page 10:\n[¬s]""14.3[¬e]""']",14.3,,NA,NA,,NA,NA,,NA,NA,,NA,NA,,NA,NA,,NA,NA,,NA,NA,,NA,NA,,NA,NA,,NA,NA,,NA,NA,,NA,NA,,NA,NA,,NA,NA,,NA,NA,,NA,NA,,NA,NA,,NA,NA,,NA,NA,,NA,NA,NA,
42059739,Beach (2004),2004,"['Parental engagement', 'Phonics', 'Summer schools']",NA,NA,['No'],NA,NA,,NA,93,,NA,NA,,NA,NA,,NA,NA,,NA,NA,,NA,NA,,NA,NA,,NA,NA,,NA,244,,NA,NA,,NA,NA,,NA,NA,,NA,NA,,NA,NA,,NA,NA,,NA,NA,,NA,NA,,NA,NA,,NA,NA,,NA,NA,,NA,NA,,NA,NA,,NA,NA,,NA,NA,,NA,NA,,NA,NA,,NA,NA,,NA,NA,,NA,NA,,NA,NA,,NA,NA,,NA,NA,,['No'],NA,NA,
42025129,Bermúdez (1990),1990,['Parental engagement'],NA,NA,['Yes'],NA,NA,,NA,84,,NA,79.89,,NA,13.01,,NA,81.92,,NA,10.28,,NA,NA,,NA,NA,,NA,NA,,NA,78,,NA,77.85,,NA,9.99,,NA,78.77,,NA,10.50,,NA,NA,,NA,NA,,NA,NA,,NA,NA,,NA,NA,,NA,NA,,NA,NA,,NA,NA,,NA,NA,,NA,NA,,NA,NA,,NA,NA,,NA,NA,,NA,NA,,NA,NA,,NA,NA,,NA,NA,,NA,NA,,NA,NA,,['No'],NA,NA,
42024854,Beveridge (1981),1981,['Parental engagement'],NA,NA,['Yes'],NA,Grp2+Grp3 (treatment) Grp1+Grp4 (control),,"['Page 3:\n[¬s]""Forty children, comprising four groups of 10, participated in the research ;\ngroup 1 received the Distar programme only; group 2 received both Distar and the\nPAP; group 3 received the PAP only and group 4 did not receive any planned\nprogramme but merely played with toys for 20 minutes in the company of a t[¬e]""']",20,,"['Page 7:\n[¬s]""20.8\n8.75""\n""21.0[¬e]""']",20.900 ,,"['Page 7:\n[¬s]""8.75""\n""9.10[¬e]""']",8.689 ,,"['Page 7:\n[¬s]""31.8""\n""30.2[¬e]""']",31.000 ,,"['Page 7:\n[¬s]""8.96""\n""9.55[¬e]""']",9.050 ,,NA,NA,,NA,NA,,NA,NA,,"['Page 3:\n[¬s]""Forty children, comprising four groups of 10, participated in the research ;\ngroup 1 received the Distar programme only; group 2 received both Distar and the\nPAP; group 3 received the PAP only and group 4 did not receive any planned\nprogramme but merely played with toys for 20 minutes in the company of a teacher.[¬e]""']",20,,"['Page 7:\n[¬s]""21.2""\n""21.3[¬e]""']",21.250 ,,"['Page 7:\n[¬s]""8.65""\n""7.77[¬e]""']",8.003 ,,"['Page 7:\n[¬s]""27.8""\n""25.8[¬e]""']",26.800 ,,"['Page 7:\n[¬s]""9.90""\n""7.92[¬e]""']",8.786 ,,NA,NA,,NA,NA,,NA,NA,,NA,NA,,NA,NA,,NA,NA,,NA,NA,,NA,NA,,NA,NA,,NA,NA,,NA,NA,,NA,NA,,NA,NA,,NA,NA,,NA,NA,,NA,NA,,NA,NA,,NA,NA,,NA,NA,,['Yes'],"['Page 1:\n[¬s]""Results of an immediate\npost-test and another 18 months later showed that both the groups whose parents\nparticipated in the PAP showed significantly greater increase in language developmen[¬e]""', 'Page 4:\n[¬s]""EPVT, once\nimmediately after the intervention period and then again 18 months later[¬e]""']",18 months,
47269778,Brickman (2002) PE,2002,['Parental engagement'],NA,NA,['Yes'],NA,NA,,NA,14,,"['Page 89:\n[¬s]""58.14[¬e]""']",58.14,,NA,11.24,,"['Page 89:\n[¬s]""62.43[¬e]""']",62.43,,"['Page 89:\n[¬s]""(20.14)[¬e]""']",20.14,,"['Page 89:\n[¬s]""4.29[¬e]""']",4.29,,"['Page 89:\n[¬s]""(18.94)[¬e]""']",18.94,,NA,NA,,NA,17,,"['Page 89:\n[¬s]""56.47[¬e]""']",56.47,,"['Page 89:\n[¬s]""(15.61)[¬e]""']",15.61,,NA,56.53,,"['Page 89:\n[¬s]""(15.65)[¬e]""']",15.65,,"['Page 89:\n[¬s]"".06[¬e]""']",0.06,,"['Page 89:\n[¬s]""06\n(10.89[¬e]""']",10.89,,NA,NA,,NA,NA,,NA,NA,,NA,NA,,NA,NA,,NA,NA,,NA,NA,,NA,NA,,NA,NA,,NA,NA,,NA,NA,,NA,NA,,NA,NA,,NA,NA,,NA,NA,,NA,NA,,NA,NA,,NA,NA,NA,
42025132,Busco (1991),1991,['Parental engagement'],NA,NA,['Yes'],NA,NA,,"['Page 73:\n[¬s]""Table 3 Results of the Repeated-Measures ANOVA of SABE Scores Including Grade as a Between-Subiects Factor: Descriptive Statistics""\n""N""\n""Treatment""\n""SABE Vocabulary Score""\n""24""\n""24\n24""\n""11\n11""\n""21\n21""\n""1st""\n""Grade""\n""2nd""\n""Grade""\n""3rd""\n""Grade[¬e]""']",NA,,"['Page 73:\n[¬s]""1st Grade\nP""\n""Pretest""\n""12.79""\n""2nd Grade""\n""Pretest Posttest""\n""48.00""\n""3rd Grade""\n""Pretest""\n""42.29[¬e]""']",34.36,,"['Page 73:\n[¬s]""Treatment""\n""1st""\n""Grade""\n""Pretest""\n""21.41""\n""2nd""\n""Grade""\n""Pretest""\n""32.42""\n""3rd""\n""Grade""\n""Pretest""\n""28.01[¬e]""']",27.27,,"['Page 73:\n[¬s]""1st Grade""\n""Treatment""\n""2nd Grade""\n""3rd Grade""\n""Posttest""\n""Posttest""\n""Posttest""\n""17.54""\n""41.46""\n""56.19[¬e]""']",40.18,,"['Page 73:\n[¬s]""Treatment""\n""1st Grade""\n""2nd Grade""\n""3rd Grade""\n""Posttest""\n""Posttest""\n""Posttest""\n""26.25""\n""32.17""\n""31.03[¬e]""']",29.81,,"['Page 73:\n[¬s]""1st Grade""\n""4.75""\n""Difference""\n""Difference""\n""2nd Grade""\n""3rd Grade""\n""Difference""\n""13.90""\n""-6.54[¬e]""']",NA,,NA,NA,,NA,NA,,"['Page 73:\n[¬s]""Control""\n""1st Grade""\n""19""\n""19""\n""2nd Grade""\n""3rd Grade""\n""13\n13""\n""20\n20[¬e]""']",52,,"['Page 73:\n[¬s]""Control""\n""1st Grade""\n""Pretest""\n""19.79""\n""2nd Grade""\n""3rd Grade""\n""Pretest""\n""Pretest""\n""32.62""\n""33.85[¬e]""']",28.75,,"['Page 73:\n[¬s]""Control 1st Grade""\n""2nd Grade""\n""3rd Grade""\n""Pretest""\n""Pretest""\n""Pretest""\n""25.03""\n""34.64""\n""24.65[¬e]""']",28.1,,"['Page 73:\n[¬s]""Control 1st Grade""\n""Posttest""\n""Posttest""\n""Posttest""\n""2nd Grade""\n""3rd Grade""\n""44.95""\n""29.62""\n""20.84[¬e]""']",31.8,,"['Page 73:\n[¬s]""Control 1st Grade""\n""2nd Grade""\n""3rd Grade""\n""Posttest""\n""Posttest\nD""\n""Posttest""\n""24.33""\n""29.37""\n""28.86[¬e]""']",27.52,,"['Page 73:\n[¬s]""Control 1st Grade""\n""2nd Grade""\n""3rd Grade""\n""1.05""\n""-3.00""\n""11.10""\n""Difference""\n""Difference""\n""Difference[¬e]""']",NA,,NA,NA,,NA,NA,,NA,NA,,NA,NA,,NA,NA,,NA,NA,,NA,NA,,NA,NA,,NA,NA,,NA,NA,,NA,NA,,NA,NA,,NA,NA,,NA,NA,,NA,NA,,NA,NA,,NA,NA,,NA,NA,,NA,NA,NA,
47269780,Butler (1991) PE,1991,['Parental engagement'],NA,NA,['No'],NA,NA,,NA,NA,,NA,NA,,NA,NA,,NA,NA,,NA,NA,,NA,NA,,NA,NA,,NA,NA,,NA,NA,,NA,NA,,NA,NA,,NA,NA,,NA,NA,,NA,NA,,NA,NA,,NA,NA,,NA,NA,,NA,NA,,NA,NA,,NA,NA,,NA,NA,,NA,NA,,NA,NA,,NA,NA,,NA,NA,,NA,NA,,NA,NA,,NA,NA,,NA,NA,,NA,NA,,NA,NA,,NA,NA,,['No'],NA,NA,
42025488,Chow (2003),2003,"['Parental engagement', 'Oral language interventions']",NA,NA,['Yes'],NA,NA,,NA,29,,NA,NA,,NA,NA,,NA,30.69,,NA,6.25,,NA,NA,,NA,NA,,NA,NA,,NA,29,,NA,NA,,NA,NA,,NA,27.5,,NA,7.43,,NA,NA,,NA,NA,,NA,NA,,NA,27,,NA,NA,,NA,NA,,NA,102,,NA,33.44,,NA,NA,,NA,NA,,NA,NA,,NA,27,,NA,NA,,NA,NA,,NA,107,,NA,28.16,,NA,NA,,NA,NA,,NA,NA,,NA,NA,NA,
42025489,Chow (2008),2008,['Parental engagement'],NA,NA,['Yes'],NA,Character recognition - DR (intervention) vs Control groups,,NA,37,,"['Page 7:\n[¬s]""50.86[¬e]""']",50.86,,"['Page 7:\n[¬s]""26.49[¬e]""']",26.49,,"['Page 7:\n[¬s]""60.89[¬e]""']",60.89,,"['Page 7:\n[¬s]""26.98[¬e]""']",26.98,,NA,NA,,NA,NA,,NA,NA,,"['Page 7:\n[¬s]""36[¬e]""']",36,,"['Page 7:\n[¬s]""50.19[¬e]""']",50.19,,"['Page 7:\n[¬s]""25.47[¬e]""']",25.47,,"['Page 7:\n[¬s]""60.08[¬e]""']",60.08,,"['Page 7:\n[¬s]""29.27[¬e]""']",29.27,,NA,NA,,NA,NA,,NA,NA,,NA,NA,,NA,NA,,NA,NA,,NA,NA,,NA,NA,,NA,NA,,NA,NA,,NA,NA,,NA,NA,,NA,NA,,NA,NA,,NA,NA,,NA,NA,,NA,NA,,NA,NA,,NA,NA,,NA,NA,NA,
42025134,Clegg (1971),1971,['Parental engagement'],NA,NA,['Yes'],NA,NA,,NA,10,,NA,23.70,,NA,9.14,,NA,31.80,,NA,10.38,,NA,NA,,NA,NA,,NA,NA,,NA,10,,NA,21.90,,NA,6.84,,NA,25.90,,NA,7.39,,NA,NA,,NA,NA,,NA,NA,,NA,NA,,NA,NA,,NA,NA,,NA,NA,,NA,NA,,NA,NA,,NA,NA,,NA,NA,,NA,NA,,NA,NA,,NA,NA,,NA,NA,,NA,NA,,NA,NA,,NA,NA,,NA,NA,,['No'],NA,NA,
42025415,Crain-Thoreson (1999),1999,['Parental engagement'],NA,NA,['Yes'],NA,NA,,NA,10,,NA,70.8,,NA,9.9,,NA,75.6,,NA,12.1,,NA,NA,,NA,NA,,NA,NA,,NA,9,,NA,70.0,,NA,8.5,,NA,71.0,,NA,10.6,,NA,NA,,NA,NA,,NA,NA,,NA,NA,,NA,NA,,NA,NA,,NA,NA,,NA,NA,,NA,NA,,NA,NA,,NA,NA,,NA,NA,,NA,NA,,NA,NA,,NA,NA,,NA,NA,,NA,NA,,NA,NA,,NA,NA,,['No'],NA,NA,
45336725,Crain-Thoreson (1999) PE,1999,['Parental engagement'],NA,NA,['Yes'],NA,NA,,NA,10,,NA,70.8,,NA,9.9,,NA,75.6,,NA,12.1,,NA,NA,,NA,NA,,NA,NA,,NA,13,,NA,71.7,,NA,12.4,,NA,70.9,,NA,11.3,,NA,NA,,NA,NA,,NA,NA,,NA,NA,,NA,NA,,NA,NA,,NA,NA,,NA,NA,,NA,NA,,NA,NA,,NA,NA,,NA,NA,,NA,NA,,NA,NA,,NA,NA,,NA,NA,,NA,NA,,NA,NA,,NA,NA,,['No'],NA,NA,
42025417,DeBaryshe (2007),2007,['Parental engagement'],NA,NA,['Yes'],NA,control=30 (+44 for maths as active control),,"['Page 12:\n[¬s]""Literacy (n = 51)[¬e]""']",51,,NA,NA,,NA,NA,,"['Page 12:\n[¬s]""18.6[¬e]""']",18.6,,"['Page 12:\n[¬s]""10.6[¬e]""']",10.6,,NA,NA,,NA,NA,,"['Page 12:\n[¬s]""18.0[¬e]""']",adj. mean = 18,,"['Page 12:\n[¬s]""Control (n = 30)[¬e]""']",30,,NA,NA,,NA,NA,,"['Page 12:\n[¬s]""17.0[¬e]""']",17,,"['Page 12:\n[¬s]""9.0[¬e]""']",9,,NA,NA,,NA,NA,,"['Page 12:\n[¬s]""17.4[¬e]""']",adj. mean = 17.4,,NA,NA,,NA,NA,,NA,NA,,NA,NA,,NA,NA,,NA,NA,,NA,NA,,NA,NA,,NA,NA,,NA,NA,,NA,NA,,NA,NA,,NA,NA,,NA,NA,,NA,NA,,NA,NA,,['No'],NA,NA,
42025436,Doering (1994),1994,['Parental engagement'],NA,NA,['Yes'],NA,NA,,NA,22,,NA,702.818,,NA,48.645,,NA,733.864,,NA,39.795,,NA,NA,,NA,NA,,NA,NA,,NA,21,,NA,700.905,,NA,32.115,,NA,721.571,,NA,28.844,,NA,NA,,NA,NA,,NA,NA,,NA,NA,,NA,NA,,NA,NA,,NA,NA,,NA,NA,,NA,NA,,NA,NA,,NA,NA,,NA,NA,,NA,NA,,NA,NA,,NA,NA,,NA,NA,,NA,NA,,NA,NA,,NA,NA,,['No'],NA,NA,
42024828,Donachy (1976),1976,['Parental engagement'],NA,NA,['Yes'],NA,NA,,"['Page 2:\n[¬s]""16\n16[¬e]""']",32,,NA,-0.825 ,,NA,1.093 ,,NA,0.175 ,,NA,0.699 ,,NA,NA,,NA,NA,,NA,NA,,"['Page 2:\n[¬s]""16[¬e]""']",32,,NA,-0.360 ,,NA,1.060 ,,NA,-0.425 ,,NA,0.954 ,,NA,NA,,NA,NA,,NA,NA,,NA,NA,,NA,NA,,NA,NA,,NA,NA,,NA,NA,,NA,NA,,NA,NA,,NA,NA,,NA,NA,,NA,NA,,NA,NA,,NA,NA,,NA,NA,,NA,NA,,NA,NA,,NA,NA,,['No'],NA,NA,
38296611,Dorsett (2014),2014,"['Metacognition and self-regulation', 'Parental engagement', 'Extending school time']",NA,NA,['Yes'],NA,NA,,"['Page 29:\n[¬s]""209[¬e]""']",209,,"['Page 29:\n[¬s]""108.32[¬e]""']",108.32 ,,"['Page 29:\n[¬s]""18.575[¬e]""']",18.575,,NA,NA,,NA,NA,,NA,NA,,NA,NA,,NA,NA,,"['Page 29:\n[¬s]""283[¬e]""']",283,,"['Page 29:\n[¬s]""107.17[¬e]""']",107.17,,"['Page 29:\n[¬s]""18.111[¬e]""']",18.111,,NA,NA,,NA,NA,,NA,NA,,NA,NA,,NA,NA,,"['Page 30:\n[¬s]""70[¬e]""']",70,,"['Page 30:\n[¬s]""113.346[¬e]""']",113.346,,"['Page 30:\n[¬s]""18.004[¬e]""']",18.004,,NA,NA,,NA,NA,,NA,NA,,NA,NA,,NA,NA,,"['Page 30:\n[¬s]""208""\n""160[¬e]""']",208,,"['Page 30:\n[¬s]""108.286[¬e]""']",108.286,,"['Page 30:\n[¬s]""18.421[¬e]""']",18.421,,NA,NA,,NA,NA,,NA,NA,,NA,NA,,NA,NA,,['No'],NA,NA,
42025516,Erion (1994),1994,['Parental engagement'],NA,NA,['Yes'],NA,NA,,"['Page 87:\n[¬s]""12[¬e]""']",12,,"['Page 87:\n[¬s]""19.17[¬e]""']",19.17,,"['Page 87:\n[¬s]""7.68[¬e]""']",7.68,,"['Page 87:\n[¬s]""30.42[¬e]""']",30.42,,"['Page 87:\n[¬s]""10.86[¬e]""']",10.86,,NA,NA,,NA,NA,,NA,NA,,"['Page 87:\n[¬s]""12[¬e]""']",12,,"['Page 87:\n[¬s]""18.92[¬e]""']",18.92,,"['Page 87:\n[¬s]""7.37[¬e]""']",7.37,,"['Page 87:\n[¬s]""24.75[¬e]""']",24.75,,"['Page 87:\n[¬s]""13.20[¬e]""']",13.20,,NA,NA,,NA,NA,,NA,NA,,NA,NA,,NA,NA,,NA,NA,,NA,NA,,NA,NA,,NA,NA,,NA,NA,,NA,NA,,NA,NA,,NA,NA,,NA,NA,,NA,NA,,NA,NA,,NA,NA,,NA,NA,,NA,NA,,['No'],NA,NA,
42025494,Evangelou (2007),2007,['Parental engagement'],NA,NA,['Yes'],"['Page 12:\n[¬s]""Table 7[¬e]""']",NA,,"['Page 12:\n[¬s]""64[¬e]""']",64,,"['Page 11:\n[¬s]""14.63[¬e]""']",14.63,,"['Page 11:\n[¬s]""3.34[¬e]""']",3.34,,"['Page 12:\n[¬s]""21.16[¬e]""']",21.16,,"['Page 12:\n[¬s]""3.43[¬e]""']",3.43,,NA,NA,,NA,NA,,NA,NA,,"['Page 12:\n[¬s]""83[¬e]""']",83,,"['Page 11:\n[¬s]""13.85[¬e]""']",13.85,,"['Page 11:\n[¬s]""3.46[¬e]""']",3.46,,"['Page 12:\n[¬s]""19.68[¬e]""']",19.68,,"['Page 12:\n[¬s]""2.20[¬e]""']",2.2,,NA,NA,,NA,NA,,NA,NA,,NA,NA,,NA,NA,,NA,NA,,NA,NA,,NA,NA,,NA,NA,,NA,NA,,NA,NA,,NA,NA,,NA,NA,,NA,NA,,NA,NA,,NA,NA,,NA,NA,,NA,NA,,NA,NA,,['Yes'],"['Page 14:\n[¬s]""Table 10[¬e]""']",NA,
42025517,Fantuzzo (1995),1995,['Parental engagement'],NA,NA,['Yes'],NA,NA,,NA,24,,NA,529.17,,NA,32.63,,NA,556.00,,NA,48.13,,NA,NA,,NA,NA,,NA,NA,,NA,26,,NA,526.27,,NA,45.24,,NA,537.58,,NA,42.54,,NA,NA,,NA,NA,,NA,NA,,NA,NA,,NA,NA,,NA,NA,,NA,NA,,NA,NA,,NA,NA,,NA,NA,,NA,NA,,NA,NA,,NA,NA,,NA,NA,,NA,NA,,NA,NA,,NA,NA,,NA,NA,,NA,NA,,['No'],NA,NA,
42025509,Fielding-Barnsley (2003),2003,['Parental engagement'],NA,NA,['Yes'],NA,The Peabody picture vocabulary test ,,NA,26,,"['Page 4:\n[¬s]"" 77.73[¬e]""']",77.73,,"['Page 4:\n[¬s]""9.69[¬e]""']",9.69,,NA,88.69,,"['Page 4:\n[¬s]"" 10.00[¬e]""']",10.00,,NA,NA,,NA,NA,,NA,NA,,NA,23,,"['Page 4:\n[¬s]""69.48[¬e]""']",69.48,,"['Page 4:\n[¬s]"" 18.20[¬e]""']",18.20,,"['Page 4:\n[¬s]"" 81.65[¬e]""']",81.65,,"['Page 4:\n[¬s]""19.35[¬e]""']",19.35,,NA,NA,,NA,NA,,NA,NA,,NA,NA,,NA,NA,,NA,NA,,NA,NA,,NA,NA,,NA,NA,,NA,NA,,NA,NA,,NA,NA,,NA,NA,,NA,NA,,NA,NA,,NA,NA,,NA,NA,,NA,NA,,NA,NA,,['No'],NA,NA,
42025495,France (1993),1993,"['Parental engagement', 'One to one tuition']",NA,NA,['Yes'],NA,NA,,"['Page 4:\n[¬s]""Cued\nSpellers\n(n = 22[¬e]""']",22,,"['Page 4:\n[¬s]""8.39[¬e]""']",8.39,,"['Page 4:\n[¬s]""(1.08)[¬e]""']",1.08,,"['Page 4:\n[¬s]""8.90[¬e]""']",8.90,,"['Page 4:\n[¬s]""1.15)[¬e]""']",1.15,,"['Page 4:\n[¬s]""0.51[¬e]""']",0.51,,"['Page 4:\n[¬s]""(0.51[¬e]""']",0.51,,NA,NA,,"['Page 4:\n[¬s]""Comparison\ngroup\n(n= 10)[¬e]""']",10,,"['Page 4:\n[¬s]""9.98[¬e]""']",9.98,,"['Page 4:\n[¬s]""(1.56)[¬e]""']",1.56,,"['Page 4:\n[¬s]""10.16[¬e]""']",10.16,,"['Page 4:\n[¬s]""1.48[¬e]""']",1.48,,NA,0.18,,"['Page 4:\n[¬s]""(0.66[¬e]""']",0.66,,NA,NA,,NA,NA,,NA,NA,,NA,NA,,NA,NA,,NA,NA,,NA,NA,,NA,NA,,NA,NA,,NA,NA,,NA,NA,,NA,NA,,NA,NA,,NA,NA,,NA,NA,,NA,NA,,NA,NA,,['No'],NA,NA,
42025140,Glass (1978),1978,['Parental engagement'],NA,NA,['Yes'],NA,NA,,"['Page 55:\n[¬s]""Experimental\nand control classes were designated in primary, intermediate, and upper level.\nThere were 25 pupils in each experimental and each control class.""\n""Thirty-five pupils each in the\nexperimental and control classes who had taken the pre and post tests of the[¬e]""', 'Page 56:\n[¬s]""Cooperative Preschool Inventory were compared.[¬e]""']",110,,"['Page 71:\n[¬s]""42.00[¬e]""', 'Page 72:\n[¬s]""1.78""\n""2.82""\n""3.15[¬e]""']",42 (kinterg) 1.78 (primary) 2.82 (intermed)  3.15 (upper),,NA,NA,,"['Page 71:\n[¬s]""56.97[¬e]""', 'Page 72:\n[¬s]""2.59""\n""4.01""\n""4.00[¬e]""']",56.97 (kinterg) 2.59 (primary) 4.01 (intermed)  4 (upper),,NA,NA,,"['Page 71:\n[¬s]""14.97[¬e]""', 'Page 72:\n[¬s]""0.81""\n""1.19""\n""0.85[¬e]""']",14.97 (kinterg) 0.81 (primary) 1.19 (intermed)  0.85 (upper),,"['Page 71:\n[¬s]""7.53[¬e]""', 'Page 72:\n[¬s]""0.81""\n""0.58""\n""0.94[¬e]""']",7.53 (kinterg) 0.81 (primary) 0.58 (intermed)  0.94 (upper),,NA,NA,,"['Page 55:\n[¬s]""Experimental\nand control classes were designated in primary, intermediate, and upper level.\nThere were 25 pupils in each experimental and each control class. T""\n""Thirty-five pupils each in the\nexperimental and control classes who had taken the pre and post tests of the[¬e]""', 'Page 56:\n[¬s]""Cooperative Preschool Inventory were compared[¬e]""']",110,,"['Page 71:\n[¬s]""38.86[¬e]""', 'Page 72:\n[¬s]""1.90""\n""2.76""\n""3.37[¬e]""']",38.86 (kinterg) 1.90 (primary) 2.76 (intermed)  3.37 (upper) ,,NA,NA,,"['Page 71:\n[¬s]""57.11[¬e]""', 'Page 72:\n[¬s]""2.88""\n""3.82""\n""4.72[¬e]""']",57.11 (kinterg) 2.88 (primary) 3.82 (intermed)  4.72 (upper) ,,NA,NA,,"['Page 71:\n[¬s]""18.26[¬e]""', 'Page 72:\n[¬s]""0.88""\n""1.06""\n""1.35[¬e]""']",18.26 (kinterg) 0.88 (primary) 1.06 (intermed)  1.35 (upper),,"['Page 71:\n[¬s]""8.19[¬e]""', 'Page 72:\n[¬s]""0.87""\n""0.71""\n""0.95[¬e]""']",8.19 (kinterg) 0.87 (primary) 0.71 (intermed)  0.95 (upper),,NA,NA,,NA,NA,,NA,NA,,NA,NA,,NA,NA,,NA,NA,,NA,NA,,NA,NA,,NA,NA,,NA,NA,,NA,NA,,NA,NA,,NA,NA,,NA,NA,,NA,NA,,NA,NA,,NA,NA,,['No'],NA,NA,
45336742,Guastello (2001) PE,2001,['Parental engagement'],NA,NA,['Yes'],NA,i report the phase 1 as baseline. One can however take as baseline phase 2.  Phase 3= post-treatment,,"['Page 19:\n[¬s]""The experimental group had 97 students[¬e]""']",97,,"['Page 19:\n[¬s]""2.45[¬e]""']",2.45,,"['Page 19:\n[¬s]""(.42)[¬e]""']",.42,,"['Page 19:\n[¬s]""3.22[¬e]""']",3.22,,"['Page 19:\n[¬s]"".37)[¬e]""']",.37,,NA,NA,,NA,NA,,NA,phase 2 can also be taken as baseline,,"['Page 19:\n[¬s]""he control group had\n70 students.[¬e]""']",70,,"['Page 19:\n[¬s]""2.45[¬e]""']",2.45,,"['Page 19:\n[¬s]""(.28)[¬e]""']",.28,,"['Page 19:\n[¬s]""2.47[¬e]""']",2.47,,NA,.30,,NA,NA,,NA,NA,,NA,phase 2 can also be taken as baseline,,NA,NA,,NA,NA,,NA,NA,,NA,NA,,NA,NA,,NA,NA,,NA,NA,,NA,NA,,NA,NA,,NA,NA,,NA,NA,,NA,NA,,NA,NA,,NA,NA,,NA,NA,,NA,NA,,['No'],NA,NA,
42025141,Hampton (1998),1998,['Parental engagement'],NA,NA,['Yes'],NA,NA,,NA,28 ,,NA,NA,,NA,NA,,NA,73.10,,"['Page 14:\n[¬s]""12.16[¬e]""']",12.16,,NA,NA,,NA,NA,,NA,NA,,"['Page 14:\n[¬s]""30[¬e]""']",30,,NA,NA,,NA,NA,,"['Page 14:\n[¬s]""50.32[¬e]""']",30.32,,"['Page 14:\n[¬s]""13.13[¬e]""']",13.13,,NA,NA,,NA,NA,,NA,NA,,"['Page 15:\n[¬s]""24""\n""24[¬e]""', 'Page 16:\n[¬s]""25""\n""18[¬e]""']",91,,NA,NA,,NA,NA,,NA,73.453 ,,NA,17.907 ,,NA,NA,,NA,NA,,NA,NA,,NA,NA,,NA,NA,,NA,NA,,NA,NA,,NA,NA,,NA,NA,,NA,NA,,NA,NA,,['No'],NA,NA,
42025474,Hannon (1987),1987,['Parental engagement'],NA,NA,['No'],NA,NA,,NA,NA,,NA,NA,,NA,NA,,NA,NA,,NA,NA,,NA,NA,,NA,NA,,NA,NA,,NA,NA,,NA,NA,,NA,NA,,NA,NA,,NA,NA,,NA,NA,,NA,NA,,NA,NA,,NA,NA,,NA,NA,,NA,NA,,NA,NA,,NA,NA,,NA,NA,,NA,NA,,NA,NA,,NA,NA,,NA,NA,,NA,NA,,NA,NA,,NA,NA,,NA,NA,,NA,NA,,NA,NA,,['Yes'],NA,"End of the second year of the intervention period, and end of the intervention",
42025518,Heller (1993),1993,['Parental engagement'],NA,NA,['Yes'],NA,NA,,NA,36,,NA,NA,,NA,NA,,NA,9.5,,NA,1.9,,NA,NA,,NA,NA,,NA,NA,,NA,36,,NA,NA,,NA,NA,,NA,8.5,,NA,1.4,,NA,NA,,NA,NA,,NA,NA,,NA,NA,,NA,NA,,NA,NA,,NA,NA,,NA,NA,,NA,NA,,NA,NA,,NA,NA,,NA,NA,,NA,NA,,NA,NA,,NA,NA,,NA,NA,,NA,NA,,NA,NA,,NA,NA,,['No'],NA,NA,
45336749,Henderson (1982) PE,1982,['Parental engagement'],NA,NA,['Yes'],NA,NA,,"['Page 108:\n[¬s]""102[¬e]""']",102,,"['Page 108:\n[¬s]""23.09[¬e]""']",23.09,,"['Page 108:\n[¬s]""9.10[¬e]""']",9.1,,"['Page 108:\n[¬s]""28.02[¬e]""']",28.02,,"['Page 108:\n[¬s]""10.45[¬e]""']",10.45,,NA,NA,,NA,NA,,"['Page 108:\n[¬s]""26.58[¬e]""']",Pre-test adjusted post-mean  26.58,,"['Page 108:\n[¬s]""86[¬e]""']",86,,"['Page 108:\n[¬s]""19.44[¬e]""']",19.44,,"['Page 108:\n[¬s]""8.70[¬e]""']",8.7,,"['Page 108:\n[¬s]""22.43[¬e]""']",22.43,,"['Page 108:\n[¬s]""10.02[¬e]""']",10.02,,NA,NA,,NA,NA,,"['Page 108:\n[¬s]""24.12[¬e]""']",Pre-test adjusted post-mean  24.12,,NA,NA,,NA,NA,,NA,NA,,NA,NA,,NA,NA,,NA,NA,,NA,NA,,NA,NA,,NA,NA,,NA,NA,,NA,NA,,NA,NA,,NA,NA,,NA,NA,,NA,NA,,NA,NA,,['No'],NA,NA,
42025142,Henry (1974),1974,['Parental engagement'],NA,NA,['No'],NA,NA,,NA,NA,,NA,NA,,NA,NA,,NA,NA,,NA,NA,,NA,NA,,NA,NA,,NA,NA,,NA,NA,,NA,NA,,NA,NA,,NA,NA,,NA,NA,,NA,NA,,NA,NA,,NA,NA,,NA,NA,,NA,NA,,NA,NA,,NA,NA,,NA,NA,,NA,NA,,NA,NA,,NA,NA,,NA,NA,,NA,NA,,NA,NA,,NA,NA,,NA,NA,,NA,NA,,NA,NA,,NA,NA,,['No'],NA,NA,
42025212,Henry (1974),1974,['Parental engagement'],NA,NA,['No'],NA,NA,,NA,NA,,NA,NA,,NA,NA,,NA,NA,,NA,NA,,NA,NA,,NA,NA,,NA,NA,,NA,NA,,NA,NA,,NA,NA,,NA,NA,,NA,NA,,NA,NA,,NA,NA,,NA,NA,,NA,NA,,NA,NA,,NA,NA,,NA,NA,,NA,NA,,NA,NA,,NA,NA,,NA,NA,,NA,NA,,NA,NA,,NA,NA,,NA,NA,,NA,NA,,NA,NA,,NA,NA,,NA,NA,,['No'],NA,NA,
42025143,Hewison (1988),1988,['Parental engagement'],NA,NA,['Yes'],NA,Outcome data are presented separately for Schools 1 and 2 due to between school differences ,,"['Page 3:\n[¬s]""18[¬e]""']",18,,NA,NA,,NA,NA,,"['Page 3:\n[¬s]""99.8[¬e]""']",99.8,,"['Page 3:\n[¬s]""8-37[¬e]""']",8.37,,NA,NA,,NA,NA,,"['Page 3:\n[¬s]""23""\n""14.68""\n""102.0[¬e]""']",School 2   N= 23 Post-test mean = 102.0 post-test SD = 14.68,,"['Page 3:\n[¬s]""40[¬e]""']",40,,NA,NA,,NA,NA,,"['Page 3:\n[¬s]""92.15[¬e]""']",92.15,,"['Page 3:\n[¬s]""11-85[¬e]""']",11.85,,NA,NA,,NA,NA,,"['Page 3:\n[¬s]""97.7""\n""15.68""\n""29[¬e]""']",School 2   N=29 Post-test mean = 97.7 Post-test SD = 15.68,,NA,NA,,NA,NA,,NA,NA,,NA,NA,,NA,NA,,NA,NA,,NA,NA,,NA,NA,,NA,NA,,NA,NA,,NA,NA,,NA,NA,,NA,NA,,NA,NA,,NA,NA,,NA,NA,,['No'],NA,NA,
42024832,Highberger (1973),1973,['Parental engagement'],NA,NA,['Yes'],NA,NA,,"['Page 3:\n[¬s]""40[¬e]""']",40,,NA,NA,,NA,NA,,NA,NA,,NA,NA,,"['Page 3:\n[¬s]""10.08[¬e]""']",10.08,,"['Page 3:\n[¬s]""10.08[¬e]""', 'Page 3:\n[¬s]""7.25[¬e]""']",7.25,,NA,NA,,NA,40,,NA,NA,,NA,NA,,NA,NA,,NA,NA,,"['Page 3:\n[¬s]""1.60[¬e]""']",1.60,,"['Page 3:\n[¬s]""7.42[¬e]""']",7.42,,NA,NA,,NA,NA,,NA,NA,,NA,NA,,NA,NA,,NA,NA,,NA,NA,,NA,NA,,NA,NA,,NA,NA,,NA,NA,,NA,NA,,NA,NA,,NA,NA,,NA,NA,,NA,NA,,NA,NA,,['No'],NA,NA,
42025144,Hirst (1972),1972,['Parental engagement'],NA,NA,['Yes'],NA,NA,,"['Page 122:\n[¬s]""48[¬e]""']",48,,"['Page 122:\n[¬s]""16.72[¬e]""', 'Page 122:\n[¬s]""16.72[¬e]""', 'Page 122:\n[¬s]""62.07[¬e]""']",16.72,,NA,NA,,NA,NA,,NA,NA,,NA,NA,,NA,NA,,NA,NA,,NA,48,,"['Page 122:\n[¬s]""16.83[¬e]""', 'Page 122:\n[¬s]""46.27[¬e]""']",16.83,,NA,NA,,NA,NA,,NA,NA,,NA,NA,,NA,NA,,NA,NA,,NA,NA,,NA,NA,,NA,NA,,NA,NA,,NA,NA,,NA,NA,,NA,NA,,NA,NA,,NA,NA,,NA,NA,,NA,NA,,NA,NA,,NA,NA,,NA,NA,,NA,NA,,NA,NA,,['Yes'],"['Page 58:\n[¬s]""At the time of the delayed post-test in September, 1972,""\n""he delayed post-test data\nwere secured by administering the same forms of the Gates MacGinitie\nReading Tests and the Stanford Achievement Tests as were used for the\npre-tests.[¬e]""', 'Page 70:\n[¬s]""On February 9 and 10, 1972, all of the 96 pupils in the study\nwere given the Gates MacGinitie Reading Test, Primary B, Form 1 .\nVocabulary and Comprehension f and the Stanford Achievement Test,\nPrimary II Battery, Form W . On June 1 and 2, 1972, equivalent forms\nof these tests were administered as immediate post-tests. There were\n80 school days and 80 home practice sessions between the pre-tests and\nthe immediate post-tests. On September 7 and 8, 1972, the same forms[¬e]""', 'Page 71:\n[¬s]""of the two tests which had been administered in February were given\nagain to the pupils as delayed post-tests. There were 13 % weeks ,\nor 68 school days, between the immediate and the delayed post-tests.\nNo tutoring was done during this time.[¬e]""']",NA,
38296625,Husain (2016),2016,['Parental engagement'],NA,NA,['Yes'],NA,NA,,"['Page 29:\n[¬s]""509[¬e]""']",509,,NA,NA,,NA,NA,,"['Page 29:\n[¬s]""99.11[¬e]""']",99.11,,NA,NA,,NA,NA,,NA,NA,,NA,"confidence interval  (97.4, 100.78)",,"['Page 29:\n[¬s]""803[¬e]""']",803,,NA,NA,,NA,NA,,"['Page 29:\n[¬s]""99.28[¬e]""']",99.28,,NA,NA,,NA,NA,,NA,NA,,NA,"confidence interval  (98.09, 100.47)",,"['Page 29:\n[¬s]""611[¬e]""']",611,,NA,NA,,NA,NA,,"['Page 29:\n[¬s]""99.61[¬e]""']",99.61,,NA,NA,,NA,NA,,NA,NA,,NA,"confidence interval  (98.2, 101.02)",,NA,NA,,NA,NA,,NA,NA,,NA,NA,,NA,NA,,NA,NA,,NA,NA,,NA,NA,,['No'],NA,NA,
42025475,Jordan (2000),2000,['Parental engagement'],NA,NA,['Yes'],NA,NA,,"['Page 3:\n[¬s]""177[¬e]""']",177,,NA,NA,,NA,NA,,"['Page 13:\n[¬s]""37.27[¬e]""']",37.27,,"['Page 13:\n[¬s]""(4.30[¬e]""']",4.3,,NA,NA,,NA,NA,,NA,NA,,"['Page 3:\n[¬s]""71[¬e]""']",71,,NA,NA,,NA,NA,,"['Page 13:\n[¬s]""33.83[¬e]""']",33.83,,"['Page 13:\n[¬s]""(6.42[¬e]""']",6.42,,NA,NA,,NA,NA,,NA,NA,,NA,NA,,NA,NA,,NA,NA,,NA,NA,,NA,NA,,NA,NA,,NA,NA,,NA,NA,,NA,NA,,NA,NA,,NA,NA,,NA,NA,,NA,NA,,NA,NA,,NA,NA,,NA,NA,,['No'],NA,NA,
42025422,Justice (2000),2000,['Parental engagement'],NA,NA,['Yes'],NA,NA,,NA,14,,NA,0.30,,NA,0.17,,NA,0.64,,NA,0.19,,NA,0.34,,NA,0.03,,NA,NA,,NA,14,,NA,0.30,,NA,0.16,,NA,0.41,,NA,0.23,,NA,0.11,,NA,0.05,,NA,NA,,NA,NA,,NA,NA,,NA,NA,,NA,NA,,NA,NA,,NA,NA,,NA,NA,,NA,NA,,NA,NA,,NA,NA,,NA,NA,,NA,NA,,NA,NA,,NA,NA,,NA,NA,,NA,NA,,['No'],NA,NA,
42025439,Kiesner (1997),1997,['Parental engagement'],NA,NA,['Yes'],"['Page 73:\n[¬s]""The means and standard deviations for the math tests and the cumulative quiz\nscores are based on the number of points earned on those measures.[¬e]""']",NA,,NA,11,,"['Page 74:\n[¬s]""5.5[¬e]""']",NA,,"['Page 74:\n[¬s]""(1.2)[¬e]""']",NA,,"['Page 74:\n[¬s]""10.9[¬e]""']",NA,,"['Page 74:\n[¬s]""(3.3)[¬e]""']",NA,,NA,NA,,NA,NA,,NA,NA,,NA,12,,"['Page 74:\n[¬s]""5.3[¬e]""']",NA,,"['Page 74:\n[¬s]""(4.8)[¬e]""']",NA,,"['Page 74:\n[¬s]""10.9[¬e]""']",NA,,"['Page 74:\n[¬s]""(2.4)[¬e]""']",NA,,NA,NA,,NA,NA,,NA,NA,,NA,NA,,NA,NA,,NA,NA,,NA,NA,,NA,NA,,NA,NA,,NA,NA,,NA,NA,,NA,NA,,NA,NA,,NA,NA,,NA,NA,,NA,NA,,NA,NA,,NA,NA,,NA,NA,,['No'],NA,NA,
42064877,Kim (2008),2008,['Parental engagement'],NA,NA,['Yes'],NA,NA,,NA,100,,NA,NA,,NA,NA,,NA,207,,NA,28.57,,NA,NA,,NA,NA,,NA,NA,,NA,107,,NA,NA,,NA,NA,,NA,203.07,,NA,28.01,,NA,NA,,NA,NA,,NA,NA,,NA,NA,,NA,NA,,NA,NA,,NA,NA,,NA,NA,,NA,NA,,NA,NA,,NA,NA,,NA,NA,,NA,NA,,NA,NA,,NA,NA,,NA,NA,,NA,NA,,NA,NA,,NA,NA,,['No'],NA,NA,
42064876,Kim (2010),2010,['Parental engagement'],NA,NA,['Yes'],NA,NA,,"['Page 7:\n[¬s]""Treatment""\n""n""\n""102""\n""102""\n""102""\n""101""\n""101""\n""103""\n""Pretest""\n""Total reading""\n""Comprehension""\n""Vocabulary""\n""Posttest""\n""Total reading""\n""Comprehension""\n""Vocabulary[¬e]""']",109,,"['Page 7:\n[¬s]""Treatment""\n""M""\n""23.30""\n""25.50""\n""24.10[¬e]""']",23.52,,"['Page 7:\n[¬s]""Treatment""\n""SD""\n""17.86""\n""17.68""\n""19.32[¬e]""']",18.27,,"['Page 7:\n[¬s]""Posttest""\n""Treatment""\n""16.64""\n""19.78""\n""16.87""\n""M[¬e]""']",17.32,,"['Page 7:\n[¬s]""Treatment""\n""SD""\n""16.66""\n""18.05""\n""17.67""\n""Posttest""\n""Total reading""\n""Comprehension""\n""Vocabulary[¬e]""']",19.01,,NA,NA,,NA,NA,,NA,NA,,"['Page 7:\n[¬s]""Control""\n""n""\n""107""\n""Pretest""\n""Total reading""\n""Comprehension""\n""Vocabulary""\n""108""\n""108""\n""106""\n""108""\n""108""\n""reading""\n""Posttest""\n""Comprehension""\n""Total""\n""Vocabulary[¬e]""']",107,,"['Page 7:\n[¬s]""Pretest""\n""M""\n""26.38""\n""26.03""\n""29.10[¬e]""']",26.38,,"['Page 7:\n[¬s]""Pretest""\n""SD""\n""20.67""\n""21.49""\n""21.92[¬e]""']",20.67,,"['Page 7:\n[¬s]""Posttest""\n""Total reading""\n""Comprehension""\n""Vocabulary""\n""M""\n""19.40""\n""21.07""\n""20.96[¬e]""']",19.4,,"['Page 7:\n[¬s]""Posttest""\n""SD""\n""19.29""\n""19.58""\n""21.54[¬e]""']",19.29,,NA,NA,,NA,NA,,NA,NA,,"['Page 7:\n[¬s]""Family literacy""\n""n""\n""Pretest""\n""Total reading""\n""Comprehension""\n""Vocabulary""\n""Posttest""\n""Total reading""\n""Comprehension""\n""Vocabulary""\n""109""\n""110""\n""110""\n""110""\n""110""\n""110[¬e]""']",NA,,"['Page 7:\n[¬s]""Pretest""\n""M""\n""23.52""\n""24.95""\n""24.63""\n""17.32""\n""18.98""\n""18.29[¬e]""']",NA,,"['Page 7:\n[¬s]""SD""\n""18.27""\n""19.49""\n""18.77""\n""Pretest[¬e]""']",NA,,"['Page 7:\n[¬s]""Posttest""\n""Family literacy""\n""M""\n""17.32""\n""18.98\n18.29[¬e]""']",NA,,"['Page 7:\n[¬s]""Family literacy""\n""SD""\n""19.01""\n""20.90""\n""19.71""\n""Posttest[¬e]""']",NA,,NA,NA,,NA,NA,,NA,NA,,NA,NA,,NA,NA,,NA,NA,,NA,NA,,NA,NA,,NA,NA,,NA,NA,,NA,NA,,NA,NA,NA,
42059811,Koh (1982),1982,['Parental engagement'],NA,NA,['Yes'],NA,"for descriptives sample sizes, means & SDs see excel file",,"['Page 150:\n[¬s]""19[¬e]""', 'Page 156:\n[¬s]""76[¬e]""', 'Page 162:\n[¬s]""51[¬e]""']",146 ,,NA,NA,,NA,NA,,NA,48.007 ,,NA,NA,,NA,NA,,NA,NA,,NA,adjusted post-means,,"['Page 150:\n[¬s]""55[¬e]""', 'Page 156:\n[¬s]""90[¬e]""', 'Page 162:\n[¬s]""71[¬e]""']",216 ,,NA,NA,,NA,NA,,NA,51.070 ,,NA,NA,,NA,NA,,NA,NA,,NA,adjusted post-means in all groups,,NA,NA,,NA,NA,,NA,NA,,NA,NA,,NA,NA,,NA,NA,,NA,NA,,NA,NA,,NA,NA,,NA,NA,,NA,NA,,NA,NA,,NA,NA,,NA,NA,,NA,NA,,NA,NA,,['Yes'],NA,all groups are followed till Geeadw 3/4,
42025146,Kosten (1997),1997,['Parental engagement'],NA,NA,['Yes'],NA,NA,,NA,17,,NA,49.73,,NA,12.66,,NA,48.35,,NA,16.70,,NA,NA,,NA,NA,,NA,NA,,NA,18,,NA,49.77,,NA,14.77,,NA,47.19,,NA,13.63,,NA,NA,,NA,NA,,NA,NA,,NA,NA,,NA,NA,,NA,NA,,NA,NA,,NA,NA,,NA,NA,,NA,NA,,NA,NA,,NA,NA,,NA,NA,,NA,NA,,NA,NA,,NA,NA,,NA,NA,,NA,NA,,NA,NA,,['No'],NA,NA,
42025476,Kraft (2001),2001,['Parental engagement'],NA,NA,['No'],NA,NA,,NA,NA,,NA,NA,,NA,NA,,NA,NA,,NA,NA,,NA,NA,,NA,NA,,NA,NA,,NA,NA,,NA,NA,,NA,NA,,NA,NA,,NA,NA,,NA,NA,,NA,NA,,NA,NA,,NA,NA,,NA,NA,,NA,NA,,NA,NA,,NA,NA,,NA,NA,,NA,NA,,NA,NA,,NA,NA,,NA,NA,,NA,NA,,NA,NA,,NA,NA,,NA,NA,,NA,NA,,NA,NA,,NA,NA,NA,
42025477,Leach (1990),1990,['Parental engagement'],NA,NA,['Yes'],NA,NA,,"['Page 4:\n[¬s]""Paired Reading\nPause, Prompt, Praise\nDirect Instruction""\n""10""\n""10""\n""10[¬e]""']",30,,"['Page 5:\n[¬s]""5.70""\n""5.70""\n""5.70[¬e]""']",5.700 ,,"['Page 5:\n[¬s]""0.00""\n""(0.00""\n""0.00[¬e]""']",0,,"['Page 5:\n[¬s]""7.06""\n""6.84""\n""6.52[¬e]""']",6.807 ,,"['Page 5:\n[¬s]""0.47""\n""0.25""\n""0.48)[¬e]""']",0.459 ,,NA,NA,,NA,NA,,NA,NA,,"['Page 4:\n[¬s]""10[¬e]""']",10,,"['Page 5:\n[¬s]""5.70[¬e]""']",5.7,,"['Page 5:\n[¬s]""(0.00)[¬e]""']",0,,"['Page 5:\n[¬s]""6.25[¬e]""']",6.25,,"['Page 5:\n[¬s]""(0.39)[¬e]""']",.39,,NA,NA,,NA,NA,,NA,NA,,NA,NA,,NA,NA,,NA,NA,,NA,NA,,NA,NA,,NA,NA,,NA,NA,,NA,NA,,NA,NA,,NA,NA,,NA,NA,,NA,NA,,NA,NA,,NA,NA,,NA,NA,,NA,NA,,['No'],NA,NA,
42025499,Lonigan (1998),1998,['Parental engagement'],NA,NA,['Yes'],NA,NA,,NA,9,,NA,NA,,NA,NA,,NA,84.7,,NA,17.22,,NA,NA,,NA,NA,,NA,NA,,NA,11,,NA,NA,,NA,NA,,NA,83.4,,NA,7.47,,NA,NA,,NA,NA,,NA,NA,,NA,NA,,NA,NA,,NA,NA,,NA,NA,,NA,NA,,NA,NA,,NA,NA,,NA,NA,,NA,NA,,NA,NA,,NA,NA,,NA,NA,,NA,NA,,NA,NA,,NA,NA,,NA,NA,,['No'],NA,NA,
38296639,Lord (2018),2018,['Parental engagement'],NA,NA,['Yes'],NA,NA,,"['Page 36:\n[¬s]""1752[¬e]""']",1752,,NA,NA,,NA,NA,,"['Page 36:\n[¬s]""64.17[¬e]""']",64.17,,"['Page 36:\n[¬s]""(63.22, 65.12)[¬e]""']",0.485,,NA,NA,,NA,NA,,NA,NA,,"['Page 36:\n[¬s]""2521[¬e]""']",2521,,NA,NA,,NA,NA,,"['Page 36:\n[¬s]""64.29[¬e]""']",64.29,,"['Page 36:\n[¬s]""(63.49, 65.08)[¬e]""']",0.406,,NA,NA,,NA,NA,,NA,NA,,NA,NA,,NA,NA,,NA,NA,,NA,NA,,NA,NA,,NA,NA,,NA,NA,,NA,NA,,NA,NA,,NA,NA,,NA,NA,,NA,NA,,NA,NA,,NA,NA,,NA,NA,,NA,NA,,['Yes'],NA,NA,
42024838,McCormick (1986),1986,['Parental engagement'],NA,NA,['No'],NA,NA,,NA,NA,,NA,NA,,NA,NA,,NA,NA,,NA,NA,,NA,NA,,NA,NA,,NA,NA,,NA,NA,,NA,NA,,NA,NA,,NA,NA,,NA,NA,,NA,NA,,NA,NA,,NA,NA,,NA,NA,,NA,NA,,NA,NA,,NA,NA,,NA,NA,,NA,NA,,NA,NA,,NA,NA,,NA,NA,,NA,NA,,NA,NA,,NA,NA,,NA,NA,,NA,NA,,NA,NA,,NA,NA,,['No'],NA,NA,
42025500,McElvany (2009),2009,['Parental engagement'],NA,NA,['No'],NA,NA,,NA,NA,,NA,NA,,NA,NA,,NA,NA,,NA,NA,,NA,NA,,NA,NA,,NA,NA,,NA,NA,,NA,NA,,NA,NA,,NA,NA,,NA,NA,,NA,NA,,NA,NA,,NA,NA,,NA,NA,,NA,NA,,NA,NA,,NA,NA,,NA,NA,,NA,NA,,NA,NA,,NA,NA,,NA,NA,,NA,NA,,NA,NA,,NA,NA,,NA,NA,,NA,NA,,NA,NA,,NA,NA,,['No'],NA,NA,
42025441,McGrath (1992),1992,['Parental engagement'],NA,NA,['Yes'],NA,NA,,"['Page 109:\n[¬s]""34[¬e]""']",NA,,NA,NA,,NA,NA,,"['Page 109:\n[¬s]""83.6176[¬e]""']",83.6176,,"['Page 109:\n[¬s]""7.580[¬e]""']",7.58,,NA,NA,,NA,NA,,NA,NA,,"['Page 109:\n[¬s]""22[¬e]""']",22,,NA,NA,,NA,NA,,"['Page 109:\n[¬s]""82.2273[¬e]""']",82.2273,,"['Page 109:\n[¬s]""7.023[¬e]""']",7.023,,NA,NA,,NA,NA,,NA,NA,,NA,NA,,NA,NA,,NA,NA,,NA,NA,,NA,NA,,NA,NA,,NA,NA,,NA,NA,,NA,NA,,NA,NA,,NA,NA,,NA,NA,,NA,NA,,NA,NA,,NA,NA,,NA,NA,,['No'],NA,NA,
42025150,McKinney (1975),1975,['Parental engagement'],NA,NA,['No'],NA,NA,,NA,NA,,NA,NA,,NA,NA,,NA,NA,,NA,NA,,NA,NA,,NA,NA,,NA,NA,,NA,NA,,NA,NA,,NA,NA,,NA,NA,,NA,NA,,NA,NA,,NA,NA,,NA,NA,,NA,NA,,NA,NA,,NA,NA,,NA,NA,,NA,NA,,NA,NA,,NA,NA,,NA,NA,,NA,NA,,NA,NA,,NA,NA,,NA,NA,,NA,NA,,NA,NA,,NA,NA,,NA,NA,,['No'],NA,NA,
42024898,McQueen (1988),1988,['Parental engagement'],NA,NA,['Yes'],NA,PPVT Grp I vs III,,"['Page 9:\n[¬s]""20[¬e]""']",20,,"['Page 9:\n[¬s]""35-3O[¬e]""']",35.30,,"['Page 9:\n[¬s]""13.10[¬e]""']",13.10,,"['Page 9:\n[¬s]""50.95**""\n""5MI[¬e]""']",50.95 Adjusted  51.41,,"['Page 9:\n[¬s]""\x955-32[¬e]""']",15.32 ,,NA,NA,,NA,NA,,NA,NA,,"['Page 9:\n[¬s]""18[¬e]""']",18,,NA,37.44,,NA,9.41,,"['Page 9:\n[¬s]""36-33""\n""35-82[¬e]""']",36.33 Adjusted  35.82,,"['Page 9:\n[¬s]""9-09[¬e]""']",9.09,,NA,NA,,NA,NA,,NA,NA,,NA,NA,,NA,NA,,NA,NA,,NA,NA,,NA,NA,,NA,NA,,NA,NA,,NA,NA,,NA,NA,,NA,NA,,NA,NA,,NA,NA,,NA,NA,,NA,NA,,NA,NA,,NA,NA,,['No'],NA,NA,
42025519,Mehran (1988),1988,['Parental engagement'],NA,NA,['Yes'],"['Page 5:\n[¬s]""Table 4. Posttest and Delayed-Posttest Scores for All Dependent Variables for Pairmates with Complete Data[¬e]""']",Descriptive statistics from Table 4 - unable to highlight values,,"['Page 5:\n[¬s]""for the CTBS, 28 pairs for the posttest[¬e]""']",28,,"['Page 5:\n[¬s]""334.14[¬e]""']",334.14,,"['Page 5:\n[¬s]""70.73[¬e]""']",70.73,,"['Page 5:\n[¬s]""377.03[¬e]""']",377.03,,"['Page 5:\n[¬s]""66.70[¬e]""']",66.70,,NA,NA,,NA,NA,,NA,ES= .25,,"['Page 5:\n[¬s]""for the CTBS, 28 pairs for the posttest[¬e]""']",28,,"['Page 5:\n[¬s]""342.11[¬e]""']",342.11,,"['Page 5:\n[¬s]""76.07[¬e]""']",76.07,,"['Page 5:\n[¬s]""361.05[¬e]""']",361.05,,"['Page 5:\n[¬s]""61.76[¬e]""']",61.76,,NA,NA,,NA,NA,,NA,NA,,NA,NA,,NA,NA,,NA,NA,,NA,NA,,NA,NA,,NA,NA,,NA,NA,,NA,NA,,NA,NA,,NA,NA,,NA,NA,,NA,NA,,NA,NA,,NA,NA,,NA,NA,,NA,NA,,['Yes'],"['Page 4:\n[¬s]""in the experimental and control groups immediately fol-\nlowing the summer tutoring program (posttest) and at the\nend of the school year (delayed posttest).[¬e]""']",NA,
42025151,Meteyer (1998),1998,['Parental engagement'],NA,NA,['Yes'],NA,NA,,NA,25,,NA,76.96,,NA,8.7,,NA,81.00,,NA,8.6,,NA,NA,,NA,NA,,NA,NA,,NA,27,,NA,76.25,,NA,7.0,,NA,79.56,,NA,7.3,,NA,NA,,NA,NA,,NA,NA,,NA,NA,,NA,NA,,NA,NA,,NA,NA,,NA,NA,,NA,NA,,NA,NA,,NA,NA,,NA,NA,,NA,NA,,NA,NA,,NA,NA,,NA,NA,,NA,NA,,NA,NA,,NA,NA,,['Yes'],NA,6-weeks after posttest,
42025479,Miller (1986),1986,['Parental engagement'],NA,NA,['Yes'],NA,NA,,"['Page 5:\n[¬s]""Group X\n(N = 33)[¬e]""']",33,,"['Page 6:\n[¬s]""91.91[¬e]""']",91.91,,"['Page 6:\n[¬s]""(12.51)[¬e]""']",12.51,,"['Page 6:\n[¬s]""96.27 ([¬e]""']",96.27,,"['Page 6:\n[¬s]""(16.31)[¬e]""']",16.31,,NA,NA,,NA,NA,,NA,NA,,"['Page 5:\n[¬s]""Group Y\n(N = 21)[¬e]""']",21,,"['Page 6:\n[¬s]""97.76[¬e]""']",97.76,,"['Page 6:\n[¬s]""(10.71)[¬e]""']",10.71,,"['Page 6:\n[¬s]""99.45[¬e]""']",99.45,,"['Page 6:\n[¬s]""(11.15)[¬e]""']",11.15,,NA,NA,,NA,NA,,NA,NA,,NA,NA,,NA,NA,,NA,NA,,NA,NA,,NA,NA,,NA,NA,,NA,NA,,NA,NA,,NA,NA,,NA,NA,,NA,NA,,NA,NA,,NA,NA,,NA,NA,,NA,NA,,NA,NA,,['No'],NA,NA,
42025520,Miller (1996),1996,['Parental engagement'],NA,NA,['Yes'],NA,NA,,"['Page 13:\n[¬s]""23[¬e]""']",23,,"['Page 13:\n[¬s]""30.2[¬e]""']",30.2,,"['Page 13:\n[¬s]""20.9[¬e]""']",20.9,,"['Page 13:\n[¬s]""40.1[¬e]""']",40.1,,"['Page 13:\n[¬s]""21.6[¬e]""']",21.6,,"['Page 13:\n[¬s]""9.9[¬e]""']",9.9,,"['Page 13:\n[¬s]""9.6[¬e]""']",9.6,,NA,NA,,"['Page 13:\n[¬s]""23[¬e]""']",23,,"['Page 13:\n[¬s]""35.7[¬e]""']",35.7,,"['Page 13:\n[¬s]""21.3[¬e]""']",21.3,,"['Page 13:\n[¬s]""44.2[¬e]""']",44.2,,"['Page 13:\n[¬s]""22.1[¬e]""']",22.1,,"['Page 13:\n[¬s]""8.5[¬e]""']",8.5,,"['Page 13:\n[¬s]""9.2[¬e]""']",9.2,,NA,NA,,NA,NA,,NA,NA,,NA,NA,,NA,NA,,NA,NA,,NA,NA,,NA,NA,,NA,NA,,NA,NA,,NA,NA,,NA,NA,,NA,NA,,NA,NA,,NA,NA,,NA,NA,,NA,NA,,['No'],NA,NA,
38296652,Miller (2016),2016,['Parental engagement'],NA,NA,['Yes'],NA,NA,,"['Page 26:\n[¬s]""English 5,376[¬e]""']",5376,,NA,NA,,NA,NA,,"['Page 26:\n[¬s]""0.091[¬e]""']",0.091,,"['Page 26:\n[¬s]""(0.942)[¬e]""']",0.942,,NA,NA,,NA,NA,,NA,NA,,"['Page 26:\n[¬s]""6,037[¬e]""']",6037,,NA,NA,,NA,NA,,"['Page 26:\n[¬s]""0.058[¬e]""']",0.058,,"['Page 26:\n[¬s]""(0.958)[¬e]""']",0.958,,NA,NA,,NA,NA,,NA,NA,,NA,NA,,NA,NA,,NA,NA,,NA,NA,,NA,NA,,NA,NA,,NA,NA,,NA,NA,,NA,NA,,NA,NA,,NA,NA,,NA,NA,,NA,NA,,NA,NA,,NA,NA,,NA,NA,,['No'],NA,NA,
42025502,Morrow (1992),1992,['Parental engagement'],NA,NA,['Yes'],NA,NA,,NA,56,,NA,4.07,,NA,1.4,,NA,7.39,,NA,2.4,,NA,NA,,NA,NA,,NA,NA,,NA,46,,NA,3.88,,NA,.62,,NA,6.8,,NA,2.12,,NA,NA,,NA,NA,,NA,NA,,NA,NA,,NA,NA,,NA,NA,,NA,NA,,NA,NA,,NA,NA,,NA,NA,,NA,NA,,NA,NA,,NA,NA,,NA,NA,,NA,NA,,NA,NA,,NA,NA,,NA,NA,,NA,NA,,['No'],NA,NA,
42025503,Morrow (1997),1997,['Parental engagement'],NA,NA,['Yes'],NA,NA,,NA,28,,NA,50.61,,NA,17.37,,NA,60.11,,NA,18.21,,NA,NA,,NA,NA,,NA,NA,,NA,28,,NA,45.62,,NA,15.79,,NA,51.56,,NA,14.47,,NA,NA,,NA,NA,,NA,NA,,NA,NA,,NA,NA,,NA,NA,,NA,NA,,NA,NA,,NA,NA,,NA,NA,,NA,NA,,NA,NA,,NA,NA,,NA,NA,,NA,NA,,NA,NA,,NA,NA,,NA,NA,,NA,NA,,['No'],NA,NA,
47269856,Nedler (1971) PE,1971,['Parental engagement'],NA,NA,['Yes'],NA,NA,,NA,16,,NA,57.57,,NA,NA,,NA,57.57,,NA,NA,,NA,0,,NA,NA,,NA,NA,,NA,14,,NA,59.71,,NA,NA,,NA,62.59,,NA,NA,,NA,2.88,,NA,NA,,NA,NA,,NA,NA,,NA,NA,,NA,NA,,NA,NA,,NA,NA,,NA,NA,,NA,NA,,NA,NA,,NA,NA,,NA,NA,,NA,NA,,NA,NA,,NA,NA,,NA,NA,,NA,NA,,NA,NA,,['No'],NA,NA,
42025153,Nesbitt (1993),1993,['Parental engagement'],NA,NA,['Yes'],NA,NA,,NA,34,,NA,24.26,,NA,13.16,,NA,22.26,,NA,14.22,,NA,NA,,NA,NA,,NA,NA,,NA,32,,NA,23.84,,NA,13.5,,NA,20.34,,NA,14.88,,NA,NA,,NA,NA,,NA,NA,,NA,NA,,NA,NA,,NA,NA,,NA,NA,,NA,NA,,NA,NA,,NA,NA,,NA,NA,,NA,NA,,NA,NA,,NA,NA,,NA,NA,,NA,NA,,NA,NA,,NA,NA,,NA,NA,,['No'],NA,NA,
42025480,Niedermeyer (1970),1970,['Parental engagement'],NA,NA,['Yes'],"['Page 6:\n[¬s]""TABLE 1. Mean Scores on the 30-Item Initial Reading Test and the 50-Item Reading Posttest for Pupils Taking\nPart in the Parent-Assisted Learning Program and for Comparison Grou[¬e]""']",NA,,"['Page 6:\n[¬s]""68[¬e]""']",68,,NA,NA,,NA,NA,,"['Page 6:\n[¬s]""83[¬e]""']",83,,"['Page 6:\n[¬s]""8.87[¬e]""']",8.87,,NA,NA,,NA,NA,,NA,NA,,"['Page 6:\n[¬s]""41[¬e]""']",41,,NA,NA,,NA,NA,,"['Page 6:\n[¬s]""50[¬e]""']",50,,"['Page 6:\n[¬s]""15.75[¬e]""']",15.75,,NA,NA,,NA,NA,,NA,NA,,NA,NA,,NA,NA,,NA,NA,,NA,NA,,NA,NA,,NA,NA,,NA,NA,,NA,NA,,NA,NA,,NA,NA,,NA,NA,,NA,NA,,NA,NA,,NA,NA,,NA,NA,,NA,NA,,['No'],NA,NA,
42025154,O’Neil (1975),1975,['Parental engagement'],NA,NA,['Yes'],"['Page 76:\n[¬s]""TABLE 5[¬e]""']",NA,,"['Page 76:\n[¬s]""6[¬e]""']",6,,NA,NA,,NA,NA,,"['Page 76:\n[¬s]""24.72[¬e]""']",24.72,,"['Page 76:\n[¬s]""8.59[¬e]""']",8.59,,NA,NA,,NA,NA,,NA,NA,,"['Page 76:\n[¬s]""9[¬e]""']",9,,NA,NA,,NA,NA,,"['Page 76:\n[¬s]""23.03[¬e]""']",23.03,,"['Page 76:\n[¬s]""10.02[¬e]""']",10.02,,NA,NA,,NA,NA,,NA,NA,,NA,NA,,NA,NA,,NA,NA,,NA,NA,,NA,NA,,NA,NA,,NA,NA,,NA,NA,,NA,NA,,NA,NA,,NA,NA,,NA,NA,,NA,NA,,NA,NA,,NA,NA,,NA,NA,,['No'],NA,NA,
42025158,Overett (1998),1998,['Parental engagement'],NA,NA,['Yes'],NA,Neale Analysis of Reading Ability - Reading Comprehension,,"['Page 5:\n[¬s]""29[¬e]""']",29,,"['Page 5:\n[¬s]"" 6.59[¬e]""']",6.59,,"['Page 5:\n[¬s]"" 3.87 [¬e]""']",3.87,,"['Page 5:\n[¬s]""10.66[¬e]""']",10.66,,"['Page 5:\n[¬s]""5.36[¬e]""']",5.36,,"['Page 5:\n[¬s]"" 4.07[¬e]""']",4.07,,"['Page 5:\n[¬s]"" 3.06[¬e]""']",3.06,,NA,NA,,"['Page 5:\n[¬s]"" 32[¬e]""']",32,,"['Page 5:\n[¬s]""7.28[¬e]""']",7.28,,"['Page 5:\n[¬s]""3.65[¬e]""']",3.65,,"['Page 5:\n[¬s]""8.34[¬e]""']",8.34,,NA,4.39,,"['Page 5:\n[¬s]""4.39""\n"" [¬e]""']",1.06,,"['Page 5:\n[¬s]"" 2.55[¬e]""']",2.55,,NA,NA,,NA,NA,,NA,NA,,NA,NA,,NA,NA,,NA,NA,,NA,NA,,NA,NA,,NA,NA,,NA,NA,,NA,NA,,NA,NA,,NA,NA,,NA,NA,,NA,NA,,NA,NA,,NA,NA,,['No'],NA,NA,
42064885,Pagan (2010),2010,['Parental engagement'],NA,NA,['Yes'],NA,Reading Ability - total raw score,,"['Page 190:\n[¬s]""Book Reading Group (N = 28)[¬e]""']",28,,"['Page 190:\n[¬s]""30.57""\n""59.14""\n""86.21[¬e]""', 'Page 190:\n[¬s]""30.57[¬e]""', 'Page 190:\n[¬s]""59.14[¬e]""']",Passage comprehension  30.57 Word ID  59.14 ORF  86.21,,"['Page 190:\n[¬s]"" 11.70[¬e]""', 'Page 190:\n[¬s]"" 11.70[¬e]""', 'Page 190:\n[¬s]"" 7.72""\n"" 11.70""\n"" 41.70[¬e]""', 'Page 190:\n[¬s]""41.70[¬e]""', 'Page 190:\n[¬s]""7.72[¬e]""']",Passage comprehension  7.72 Word ID  11.70 ORF  41.70,,"['Page 190:\n[¬s]"" 32.29[¬e]""', 'Page 190:\n[¬s]"" 32.29[¬e]""', 'Page 190:\n[¬s]"" 60.82[¬e]""', 'Page 190:\n[¬s]"" 60.82[¬e]""', 'Page 190:\n[¬s]"" 60.82[¬e]""', 'Page 190:\n[¬s]"" 91.86[¬e]""', 'Page 190:\n[¬s]"" 91.86[¬e]""', 'Page 190:\n[¬s]""32.29[¬e]""', 'Page 190:\n[¬s]""60.82[¬e]""', 'Page 190:\n[¬s]""91.86[¬e]""']",Passage comprehension  32.29 Word ID  60.82 ORF  91.86,,"['Page 190:\n[¬s]""9.39""\n""15.39""\n""42.82[¬e]""']",Passage comprehension  9.39 Word ID  15.39 ORF  42.82,,"['Page 190:\n[¬s]""1.71""\n""1.69""\n""4.19[¬e]""']",Passage comprehension  1.71 Word ID  1.69 ORF  4.19,,"['Page 190:\n[¬s]""4.40""\n""7.57""\n"" 16.03[¬e]""']",Passage comprehension  4.40 Word ID  7.57 ORF  16.03,,NA,NA,,"['Page 190:\n[¬s]""Control Group (N = 29)[¬e]""']",29,,"['Page 190:\n[¬s]"" 32.07""\n"" 60.72""\n"" 80.24[¬e]""']",Passage comprehension  32.07 Word ID  60.72 ORF  80.24,,"['Page 190:\n[¬s]""5.17""\n""12.02""\n""37.47[¬e]""']",Passage comprehension  5.17 Word ID  12.02 ORF  37.47,,"['Page 190:\n[¬s]""31.66""\n""60.28""\n"" 78.62[¬e]""']",Passage comprehension  31.66 Word ID  60.28 ORF  78.62,,"['Page 190:\n[¬s]""6.65""\n""12.01""\n"" 38.00[¬e]""']",Passage comprehension  6.65 Word ID  12.01 ORF  38.0,,"['Page 190:\n[¬s]"" -0.41""\n""-0.45""\n"" -1.62[¬e]""']",Passage comprehension  -0.41 Word ID  -0.45 ORF  -1.62,,"['Page 190:\n[¬s]""4.42""\n""5.13""\n""17.26[¬e]""']",Passage comprehension  4.42 Word ID  5.13 ORF  17.26,,NA,NA,,NA,NA,,NA,NA,,NA,NA,,NA,NA,,NA,NA,,NA,NA,,NA,NA,,NA,NA,,NA,NA,,NA,NA,,NA,NA,,NA,NA,,NA,NA,,NA,NA,,NA,NA,,NA,NA,,['No'],NA,NA,
42025159,Peeples (1996),1996,['Parental engagement'],NA,NA,['No'],NA,NA,,NA,NA,,NA,NA,,NA,NA,,NA,NA,,NA,NA,,NA,NA,,NA,NA,,NA,NA,,NA,NA,,NA,NA,,NA,NA,,NA,NA,,NA,NA,,NA,NA,,NA,NA,,NA,NA,,NA,NA,,NA,NA,,NA,NA,,NA,NA,,NA,NA,,NA,NA,,NA,NA,,NA,NA,,NA,NA,,NA,NA,,NA,NA,,NA,NA,,NA,NA,,NA,NA,,NA,NA,,NA,NA,,['No'],NA,NA,
42024842,Phillips (1990),1990,['Parental engagement'],NA,NA,['Yes'],NA,MET - Home grp vs Control grp,,"['Page 14:\n[¬s]""38""\n""15""\n""30[¬e]""']",83,,"['Page 14:\n[¬s]""Collector 35.7""\n""Village 35.6""\n""Urban 45.8[¬e]""']",Collector  35.7 Village  35.6 Urban  45.8,,"['Page 14:\n[¬s]""18.2""\n""13.9""\n""14.5[¬e]""']",Collector  18.2 Village  13.9 Urban  14.5,,"['Page 14:\n[¬s]""37.2""\n"" 30.3""\n""42.6[¬e]""']",Collector  37.2 Village  30.3 Urban  42.6,,"['Page 14:\n[¬s]""12.5""\n""11.9""\n""13.1[¬e]""']",Collector  12.5 Village  11.9 Urban  13.1,,NA,NA,,NA,NA,,NA,NA,,"['Page 14:\n[¬s]""18""\n""22""\n""42[¬e]""']",82,,"['Page 14:\n[¬s]""41.9""\n""45.0""\n""43.5[¬e]""']",Collector  41.9 Village  45.0 Urban  43.5,,"['Page 14:\n[¬s]""14.2""\n""143""\n""15.8[¬e]""']",Collector  14.2 Village  14.3 Urban  15.8,,"['Page 14:\n[¬s]""37.2""\n""34.5""\n""40.0[¬e]""']",Collector  37.2 Village  34.5 Urban  40.0,,"['Page 14:\n[¬s]"" 8.2""\n""11.2""\n"" 13.9[¬e]""']",Collector  8.2 Village  11.2 Urban  13.9,,NA,NA,,NA,NA,,NA,NA,,NA,NA,,NA,NA,,NA,NA,,NA,NA,,NA,NA,,NA,NA,,NA,NA,,NA,NA,,NA,NA,,NA,NA,,NA,NA,,NA,NA,,NA,NA,,NA,NA,,NA,NA,,NA,NA,,['No'],NA,NA,
45336777,Phillips (1990) PE,1990,['Parental engagement'],NA,NA,['Yes'],NA,MET - home vs control groups,,"['Page 11:\n[¬s]""38""\n""15""\n""30[¬e]""']",83,,"['Page 11:\n[¬s]""35.7""\n""35.6""\n""45.8[¬e]""']",Collector  35.7 Village  35.6 Urban  45.8 ,,"['Page 11:\n[¬s]""18.2""\n""13.9""\n""14.5[¬e]""']", Collector  18.2 Village  13.9 Urban  14.5 ,,"['Page 11:\n[¬s]""37.2""\n""30.3""\n"" 42.6[¬e]""']",Collector  37.2 Village  30.3 Urban  42.6 ,,"['Page 11:\n[¬s]""12.5""\n""11.9""\n""13.1[¬e]""']",Collector  12.5 Village  11.9 Urban  13.1 ,,NA,NA,,NA,NA,,NA,NA,,"['Page 11:\n[¬s]""18""\n""22""\n""42[¬e]""']",82,,"['Page 11:\n[¬s]""Collector 41.9""\n""Village 45.0""\n""Urban 43.5[¬e]""']",Collector  41.9 Village  45 Urban  43.5 ,,"['Page 11:\n[¬s]""14.2""\n""143""\n""15.8[¬e]""']",Collector  14.2 Village  14.3 Urban  15.8 ,,"['Page 11:\n[¬s]"" 37.2""\n"" 34.5""\n"" 40.0[¬e]""']",Collector  37.2 Village  34.5 Urban  40.0 ,,"['Page 11:\n[¬s]""8.2""\n""11.2""\n""13.9[¬e]""']",Collector  8.2 Village  11.2 Urban  13.9 ,,NA,NA,,NA,NA,,NA,NA,,NA,NA,,NA,NA,,NA,NA,,NA,NA,,NA,NA,,NA,NA,,NA,NA,,NA,NA,,NA,NA,,NA,NA,,NA,NA,,NA,NA,,NA,NA,,NA,NA,,NA,NA,,NA,NA,,['No'],NA,NA,
42025450,Pigford (1987),1987,['Parental engagement'],NA,NA,['Yes'],NA,NA,,"['Page 28:\n[¬s]""78[¬e]""']",78,,NA,NA,,NA,NA,,"['Page 28:\n[¬s]""362.05[¬e]""']",362.05,,"['Page 28:\n[¬s]""128.00[¬e]""']",128,,NA,NA,,NA,NA,,NA,NA,,"['Page 28:\n[¬s]""90[¬e]""']",90,,NA,NA,,NA,NA,,"['Page 28:\n[¬s]""422.74[¬e]""']",422.74,,"['Page 28:\n[¬s]""119.12[¬e]""']",119.12,,NA,NA,,NA,NA,,NA,NA,,NA,NA,,NA,NA,,NA,NA,,NA,NA,,NA,NA,,NA,NA,,NA,NA,,NA,NA,,NA,NA,,NA,NA,,NA,NA,,NA,NA,,NA,NA,,NA,NA,,NA,NA,,NA,NA,,['No'],NA,NA,
42025522,Powell-Smith (2000),2000,['Parental engagement'],NA,NA,['Yes'],NA,NA,,"['Page 12:\n[¬s]""‘n = 12 for each group.[¬e]""']",12,,"['Page 12:\n[¬s]""50.0[¬e]""']",50,,"['Page 12:\n[¬s]""12.3[¬e]""']",12.3,,"['Page 12:\n[¬s]""64.0[¬e]""']",64,,"['Page 12:\n[¬s]""14.2[¬e]""']",14.2,,NA,NA,,NA,NA,,NA,NA,,"['Page 12:\n[¬s]""‘n = 12 for each group.[¬e]""']",12,,"['Page 12:\n[¬s]""50.8[¬e]""']",50.8,,"['Page 12:\n[¬s]""13.3[¬e]""']",13.3,,"['Page 12:\n[¬s]""69.9[¬e]""']",69.9,,"['Page 12:\n[¬s]""14.0[¬e]""']",14,,NA,NA,,NA,NA,,NA,NA,,"['Page 12:\n[¬s]""‘n = 12 for each group.[¬e]""']",12,,"['Page 12:\n[¬s]""49.1[¬e]""']",49.1,,"['Page 12:\n[¬s]""19.5[¬e]""']",19.5,,"['Page 12:\n[¬s]""62.1[¬e]""', 'Page 12:\n[¬s]""62.1[¬e]""']",62.1,,"['Page 12:\n[¬s]""22.1[¬e]""']",22.1,,NA,NA,,NA,NA,,NA,NA,,NA,NA,,NA,NA,,NA,NA,,NA,NA,,NA,NA,,NA,NA,,NA,NA,,NA,NA,,['No'],NA,"what reports as follow-up, is 4-5 weeks after treatment, which I take as post-treatment. They also report treatment levels in TORF but as this is during treatment average of the last 4 weeks of the 5 weeks treatment, i don't take is as post-treatment (I take instead what they call F-U) ",
42025506,Rasinski (2005),2005,['Parental engagement'],NA,NA,['Yes'],NA,NA,,NA,15,,NA,90.06,,NA,83.42,,NA,149.73,,NA,80.23,,NA,NA,,NA,NA,,NA,NA,,NA,15,,NA,98.13,,NA,98.36,,NA,138.87,,NA,106.27,,NA,NA,,NA,NA,,NA,NA,,NA,NA,,NA,NA,,NA,NA,,NA,NA,,NA,NA,,NA,NA,,NA,NA,,NA,NA,,NA,NA,,NA,NA,,NA,NA,,NA,NA,,NA,NA,,NA,NA,,NA,NA,,NA,NA,,['No'],NA,NA,
42025507,Reutzel (2005),2005,['Parental engagement'],NA,NA,['Yes'],"['Page 26:\n[¬s]""Table 6: Descriptive and Inferential Statistics[¬e]""']",NA,,NA,67,,"['Page 12:\n[¬s]""17.9[¬e]""']",17.9,,NA,NA,,NA,NA,,"['Page 26:\n[¬s]""24.2[¬e]""']",24.2,,"['Page 26:\n[¬s]""7.7[¬e]""']",7.7,,NA,NA,,NA,NA,,NA,77,,"['Page 12:\n[¬s]""17.5[¬e]""', 'Page 12:\n[¬s]""17.9[¬e]""']",17.5,,NA,NA,,"['Page 26:\n[¬s]""19.9[¬e]""']",19.9,,"['Page 26:\n[¬s]""10.5[¬e]""']",10.5,,NA,NA,,NA,NA,,"['Page 26:\n[¬s]""35.4""\n"".20[¬e]""', 'Page 26:\n[¬s]""35.4""\n"".20[¬e]""']","effect size (eta-squared) =0.20 F-value F(1, 141) = 35.4",,NA,NA,,NA,NA,,NA,NA,,NA,NA,,NA,NA,,NA,NA,,NA,NA,,NA,NA,,NA,NA,,NA,NA,,NA,NA,,NA,NA,,NA,NA,,NA,NA,,NA,NA,,NA,NA,,['No'],NA,NA,
42025508,Rolla (2006),2006,['Parental engagement'],NA,NA,['Yes'],NA,NA,,NA,30,,NA,4.5,,NA,1.7,,NA,7.3,,NA,8.3,,NA,NA,,NA,NA,,NA,NA,,NA,55,,NA,4.6,,NA,2.0,,NA,6.4,,NA,3.8,,NA,NA,,NA,NA,,NA,NA,,NA,NA,,NA,NA,,NA,NA,,NA,NA,,NA,NA,,NA,NA,,NA,NA,,NA,NA,,NA,NA,,NA,NA,,NA,NA,,NA,NA,,NA,NA,,NA,NA,,NA,NA,,NA,NA,,['No'],NA,NA,
42025164,Ryan (1964),1964,['Parental engagement'],NA,NA,['No'],NA,NA,,NA,NA,,NA,NA,,NA,NA,,NA,NA,,NA,NA,,NA,NA,,NA,NA,,NA,NA,,NA,NA,,NA,NA,,NA,NA,,NA,NA,,NA,NA,,NA,NA,,NA,NA,,NA,NA,,NA,NA,,NA,NA,,NA,NA,,NA,NA,,NA,NA,,NA,NA,,NA,NA,,NA,NA,,NA,NA,,NA,NA,,NA,NA,,NA,NA,,NA,NA,,NA,NA,,NA,NA,,NA,NA,,['No'],NA,NA,
42025510,Saint-Laurent (2005),2005,['Parental engagement'],NA,NA,['No'],NA,NA,,NA,NA,,NA,NA,,NA,NA,,NA,NA,,NA,NA,,NA,NA,,NA,NA,,NA,NA,,NA,NA,,NA,NA,,NA,NA,,NA,NA,,NA,NA,,NA,NA,,NA,NA,,NA,NA,,NA,NA,,NA,NA,,NA,NA,,NA,NA,,NA,NA,,NA,NA,,NA,NA,,NA,NA,,NA,NA,,NA,NA,,NA,NA,,NA,NA,,NA,NA,,NA,NA,,NA,NA,,NA,NA,,['No'],NA,NA,
42025511,Saracho (1997),1997,['Parental engagement'],NA,NA,['No'],NA,NA,,NA,NA,,NA,NA,,NA,NA,,NA,NA,,NA,NA,,NA,NA,,NA,NA,,NA,NA,,NA,NA,,NA,NA,,NA,NA,,NA,NA,,NA,NA,,NA,NA,,NA,NA,,NA,NA,,NA,NA,,NA,NA,,NA,NA,,NA,NA,,NA,NA,,NA,NA,,NA,NA,,NA,NA,,NA,NA,,NA,NA,,NA,NA,,NA,NA,,NA,NA,,NA,NA,,NA,NA,,NA,NA,,['No'],NA,NA,
42064891,Seward (2009),2009,['Parental engagement'],NA,NA,['Yes'],NA,NA,,NA,27,,NA,101.3,,NA,13.04,,NA,102.32,,NA,14.09,,NA,NA,,NA,NA,,NA,NA,,NA,31,,NA,99.87,,NA,10.12,,NA,99.29,,NA,11.31,,NA,NA,,NA,NA,,NA,NA,,NA,NA,,NA,NA,,NA,NA,,NA,NA,,NA,NA,,NA,NA,,NA,NA,,NA,NA,,NA,NA,,NA,NA,,NA,NA,,NA,NA,,NA,NA,,NA,NA,,NA,NA,,NA,NA,,['No'],NA,NA,
42024918,Slater (1986),1986,['Parental engagement'],NA,NA,['No'],NA,NA,,NA,NA,,NA,NA,,NA,NA,,NA,NA,,NA,NA,,NA,NA,,NA,NA,,NA,NA,,NA,NA,,NA,NA,,NA,NA,,NA,NA,,NA,NA,,NA,NA,,NA,NA,,NA,NA,,NA,NA,,NA,NA,,NA,NA,,NA,NA,,NA,NA,,NA,NA,,NA,NA,,NA,NA,,NA,NA,,NA,NA,,NA,NA,,NA,NA,,NA,NA,,NA,NA,,NA,NA,,NA,NA,,['No'],NA,NA,
42059780,St Pierre (2005),2005,['Parental engagement'],NA,NA,['Yes'],NA,NA,,NA,97,,NA,72.89,,NA,15.61,,NA,77.21,,NA,16.83,,NA,NA,,NA,NA,,NA,NA,,NA,44,,NA,74.48,,NA,17.14,,NA,76.77,,NA,15.88,,NA,NA,,NA,NA,,NA,NA,,NA,NA,,NA,NA,,NA,NA,,NA,NA,,NA,NA,,NA,NA,,NA,NA,,NA,NA,,NA,NA,,NA,NA,,NA,NA,,NA,NA,,NA,NA,,NA,NA,,NA,NA,,NA,NA,,['Yes'],NA,10-months after intervention,
42024834,Swinson (1985),1985,['Parental engagement'],NA,NA,['No'],NA,NA,,NA,NA,,NA,NA,,NA,NA,,NA,NA,,NA,NA,,NA,NA,,NA,NA,,NA,NA,,NA,NA,,NA,NA,,NA,NA,,NA,NA,,NA,NA,,NA,NA,,NA,NA,,NA,NA,,NA,NA,,NA,NA,,NA,NA,,NA,NA,,NA,NA,,NA,NA,,NA,NA,,NA,NA,,NA,NA,,NA,NA,,NA,NA,,NA,NA,,NA,NA,,NA,NA,,NA,NA,,NA,NA,,['No'],NA,NA,
42025497,Sylva (2008),2008,['Parental engagement'],NA,NA,['Yes'],NA,NA,,"['Page 11:\n[¬s]""58[¬e]""']",58,,"['Page 11:\n[¬s]""6.55[¬e]""']",6.55,,"['Page 11:\n[¬s]""8.94[¬e]""']",8.94,,"['Page 11:\n[¬s]""24.62[¬e]""']",24.62,,"['Page 11:\n[¬s]""18.17[¬e]""']",18.17,,NA,NA,,NA,NA,,NA,NA,,NA,44,,"['Page 11:\n[¬s]""7.36[¬e]""']",7.36,,"['Page 11:\n[¬s]""14.66[¬e]""']",14.66,,"['Page 11:\n[¬s]""19.14[¬e]""']",19.14,,"['Page 11:\n[¬s]""18.38[¬e]""']",18.38,,NA,NA,,NA,NA,,NA,NA,,NA,NA,,NA,NA,,NA,NA,,NA,NA,,NA,NA,,NA,NA,,NA,NA,,NA,NA,,NA,NA,,NA,NA,,NA,NA,,NA,NA,,NA,NA,,NA,NA,,NA,NA,,NA,NA,,['No'],NA,NA,
42025461,Tamayo (1992),1992,['Parental engagement'],NA,NA,['Yes'],NA,NA,,NA,16,,NA,21.0,,NA,7.2,,NA,22.3,,NA,8.5,,NA,NA,,NA,NA,,NA,NA,,NA,15,,NA,21.6,,NA,8.9,,NA,23.8,,NA,9.1,,NA,NA,,NA,NA,,NA,NA,,NA,NA,,NA,NA,,NA,NA,,NA,NA,,NA,NA,,NA,NA,,NA,NA,,NA,NA,,NA,NA,,NA,NA,,NA,NA,,NA,NA,,NA,NA,,NA,NA,,NA,NA,,NA,NA,,['No'],NA,NA,
38296694,Tracey (2016),2016,['Parental engagement'],NA,NA,['Yes'],"['Page 24:\n[¬s]""Table 9[¬e]""']",NA,,"['Page 24:\n[¬s]""323[¬e]""']",323,,NA,NA,,NA,NA,,"['Page 24:\n[¬s]""107.95[¬e]""']",107.95,,"['Page 24:\n[¬s]""8.32[¬e]""']",8.32,,NA,NA,,NA,NA,,NA,NA,,"['Page 24:\n[¬s]""356[¬e]""']",NA,,NA,NA,,NA,NA,,"['Page 24:\n[¬s]""107.24[¬e]""']",107.24,,"['Page 24:\n[¬s]""8.07[¬e]""']",8.07,,NA,NA,,NA,NA,,NA,NA,,NA,NA,,NA,NA,,NA,NA,,NA,NA,,NA,NA,,NA,NA,,NA,NA,,NA,NA,,NA,NA,,NA,NA,,NA,NA,,NA,NA,,NA,NA,,NA,NA,,NA,NA,,NA,NA,,['Yes'],"['Page 21:\n[¬s]""6 month follow-up (Cohorts 1 to 5)""\n""12 month follow-up (Cohorts 1 & 2)[¬e]""']",NA,
42025513,van Tuijl (2001) 1_1,2001,['Parental engagement'],NA,NA,['No'],NA,NA,,NA,NA,,NA,NA,,NA,NA,,NA,NA,,NA,NA,,NA,NA,,NA,NA,,NA,NA,,NA,NA,,NA,NA,,NA,NA,,NA,NA,,NA,NA,,NA,NA,,NA,NA,,NA,NA,,NA,NA,,NA,NA,,NA,NA,,NA,NA,,NA,NA,,NA,NA,,NA,NA,,NA,NA,,NA,NA,,NA,NA,,NA,NA,,NA,NA,,NA,NA,,NA,NA,,NA,NA,,NA,NA,,['No'],NA,NA,
46325712,van Tuijl (2001) 1_2,2001,['Parental engagement'],NA,NA,['Yes'],NA,NA,,NA,25,,"['Page 6:\n[¬s]""77.0\n(13.0)[¬e]""']",77,,NA,13,,NA,NA,,NA,NA,,NA,NA,,NA,NA,,NA,NA,,NA,13,,"['Page 6:\n[¬s]""72.9\n(13.3)[¬e]""']",72.9,,NA,13.3,,NA,NA,,NA,NA,,NA,NA,,NA,NA,,NA,NA,,NA,NA,,NA,NA,,NA,NA,,NA,NA,,NA,NA,,NA,NA,,NA,NA,,NA,NA,,NA,NA,,NA,NA,,NA,NA,,NA,NA,,NA,NA,,NA,NA,,NA,NA,,NA,NA,,['No'],NA,NA,
42025463,Van Voorhis (2003),2003,['Parental engagement'],NA,NA,['No'],NA,NA,,NA,NA,,NA,NA,,NA,NA,,NA,NA,,NA,NA,,NA,NA,,NA,NA,,NA,NA,,NA,NA,,NA,NA,,NA,NA,,NA,NA,,NA,NA,,NA,NA,,NA,NA,,NA,NA,,NA,NA,,NA,NA,,NA,NA,,NA,NA,,NA,NA,,NA,NA,,NA,NA,,NA,NA,,NA,NA,,NA,NA,,NA,NA,,NA,NA,,NA,NA,,NA,NA,,NA,NA,,NA,NA,,['No'],NA,NA,
42059834,Waksman (1979),1979,['Parental engagement'],NA,NA,['Yes'],NA,Metropolitan Readiness Test ,,NA,23,,"['Page 7:\n[¬s]""43.40[¬e]""']",43.40,,"['Page 7:\n[¬s]""9.45[¬e]""']",9.45,,"['Page 7:\n[¬s]""56.36[¬e]""']",56.36 ,,"['Page 7:\n[¬s]""9.31[¬e]""']",9.31,,NA,NA,,NA,NA,,NA,NA,,NA,25,,"['Page 7:\n[¬s]""38.53[¬e]""']",38.53,,"['Page 7:\n[¬s]""l 1.59[¬e]""']",11.59,,"['Page 7:\n[¬s]""44.84[¬e]""']",44.84,,"['Page 7:\n[¬s]""8.84[¬e]""']",8.84,,NA,NA,,NA,NA,,NA,NA,,NA,NA,,NA,NA,,NA,NA,,NA,NA,,NA,NA,,NA,NA,,NA,NA,,NA,NA,,NA,NA,,NA,NA,,NA,NA,,NA,NA,,NA,NA,,NA,NA,,NA,NA,,NA,NA,,['No'],NA,NA,
42025465,Warrick (2000),2000,['Parental engagement'],NA,NA,['Yes'],NA,NA,,"['Page 14:\n[¬s]""This quasi-experimental study consisted of the children of 30 parents who\nvolunteered to come to the training sessions[¬e]""']",30,,"['Page 87:\n[¬s]""29.310[¬e]""']",29.310,,"['Page 87:\n[¬s]""12.764[¬e]""']",12.764,,"['Page 87:\n[¬s]""44.992[¬e]""']",44.992,,"['Page 87:\n[¬s]""22.708[¬e]""']",22.708,,NA,NA,,NA,NA,,NA,NA,,"['Page 14:\n[¬s]""nd a control group of 35 students whose\nparents did not come to training,[¬e]""']",35,,"['Page 87:\n[¬s]""21.814[¬e]""']",21.814,,"['Page 87:\n[¬s]""21.261[¬e]""']",21.261,,"['Page 87:\n[¬s]""34.138[¬e]""']",34.138,,"['Page 87:\n[¬s]""26.358[¬e]""']",26.358,,NA,NA,,NA,NA,,NA,NA,,NA,NA,,NA,NA,,NA,NA,,NA,NA,,NA,NA,,NA,NA,,NA,NA,,NA,NA,,NA,NA,,NA,NA,,NA,NA,,NA,NA,,NA,NA,,NA,NA,,NA,NA,,NA,NA,,['No'],NA,NA,
42059784,Weisberg (1974),1974,['Parental engagement'],NA,NA,['No'],NA,NA,,NA,NA,,NA,NA,,NA,NA,,NA,NA,,NA,NA,,NA,NA,,NA,NA,,NA,NA,,NA,NA,,NA,NA,,NA,NA,,NA,NA,,NA,NA,,NA,NA,,NA,NA,,NA,NA,,NA,NA,,NA,NA,,NA,NA,,NA,NA,,NA,NA,,NA,NA,,NA,NA,,NA,NA,,NA,NA,,NA,NA,,NA,NA,,NA,NA,,NA,NA,,NA,NA,,NA,NA,,NA,NA,,['No'],NA,NA,
42025466,White (1996),1996,['Parental engagement'],NA,NA,['No'],NA,NA,,NA,NA,,NA,NA,,NA,NA,,NA,NA,,NA,NA,,NA,NA,,NA,NA,,NA,NA,,NA,NA,,NA,NA,,NA,NA,,NA,NA,,NA,NA,,NA,NA,,NA,NA,,NA,NA,,NA,NA,,NA,NA,,NA,NA,,NA,NA,,NA,NA,,NA,NA,,NA,NA,,NA,NA,,NA,NA,,NA,NA,,NA,NA,,NA,NA,,NA,NA,,NA,NA,,NA,NA,,NA,NA,,['No'],NA,NA,
42024940,Whitehurst (1994),1994,['Parental engagement'],NA,NA,['Yes'],NA,PPVT-R,,"['Page 4:\n[¬s]""N = 94;[¬e]""']",94,,"['Page 6:\n[¬s]""88.23[¬e]""']",88.23,,NA,NA,,"['Page 6:\n[¬s]""89.74[¬e]""']",89.74,,NA,NA,,NA,NA,,NA,NA,,NA,NA,,"['Page 4:\n[¬s]""N = 73)[¬e]""']",73,,"['Page 6:\n[¬s]""85.88[¬e]""']",85.88,,NA,NA,,"['Page 6:\n[¬s]""87.90[¬e]""']",87.90,,NA,NA,,NA,NA,,NA,NA,,NA,NA,,NA,NA,,NA,NA,,NA,NA,,NA,NA,,NA,NA,,NA,NA,,NA,NA,,NA,NA,,NA,NA,,NA,NA,,NA,NA,,NA,NA,,NA,NA,,NA,NA,,NA,NA,,NA,NA,,['Yes'],NA,NA,
42025515,Whitehurst (1994),1994,['Parental engagement'],NA,NA,['Yes'],NA,NA,,NA,20,,NA,80.65,,NA,13.08,,NA,87.53,,NA,16.72,,NA,NA,,NA,NA,,NA,NA,,NA,26,,NA,83.12,,NA,10.81,,NA,85.73,,NA,11.54,,NA,NA,,NA,NA,,NA,NA,,NA,NA,,NA,NA,,NA,NA,,NA,NA,,NA,NA,,NA,NA,,NA,NA,,NA,NA,,NA,NA,,NA,NA,,NA,NA,,NA,NA,,NA,NA,,NA,NA,,NA,NA,,NA,NA,,['Yes'],NA,NA,
45336798,Whitehurst (1994) PE,1994,['Parental engagement'],NA,NA,['Yes'],NA,NA,,NA,20,,NA,80.65,,NA,13.08,,NA,87.53,,NA,16.72,,NA,NA,,NA,NA,,NA,NA,,NA,24,,NA,83.54,,NA,83.54,,NA,83.68,,NA,15.83,,NA,NA,,NA,NA,,NA,NA,,NA,NA,,NA,NA,,NA,NA,,NA,NA,,NA,NA,,NA,NA,,NA,NA,,NA,NA,,NA,NA,,NA,NA,,NA,NA,,NA,NA,,NA,NA,,NA,NA,,NA,NA,,NA,NA,,['Yes'],NA,NA,
42025425,Whitehurst (1999),1999,['Parental engagement'],NA,NA,['Yes'],NA,NA,,NA,94,,"['Page 6:\n[¬s]""quotient mean = 80[¬e]""']",80,,NA,NA,,"['Page 6:\n[¬s]""80.718[¬e]""']",NA,,NA,NA,,NA,NA,,NA,NA,,NA,NA,,NA,73,,"['Page 6:\n[¬s]""quotient mean = 80 for both conditions;[¬e]""']",80,,NA,NA,,"['Page 6:\n[¬s]""80.970[¬e]""']",80.970,,NA,NA,,NA,NA,,NA,NA,,NA,NA,,NA,NA,,NA,NA,,NA,NA,,NA,NA,,NA,NA,,NA,NA,,NA,NA,,NA,NA,,NA,NA,,NA,NA,,NA,NA,,NA,NA,,NA,NA,,NA,NA,,NA,NA,,NA,NA,,['Yes'],NA,NA,
42025485,Wilks (1988),1988,['Parental engagement'],NA,NA,['Yes'],NA,NA,,NA,14,,"['Page 6:\n[¬s]""105.3[¬e]""']",105.3,,NA,NA,,"['Page 6:\n[¬s]""118.3[¬e]""']",118.3,,NA,NA,,"['Page 6:\n[¬s]""13.0[¬e]""']",13.0,,NA,NA,,NA,"Only a combined sample size of N=42 is provided for all three groups in the study.  I assume an equal size for each group, hence Treatment N= 14 and control N=14.  Instructions to coders ask for data to be extracted for 2 groups only.",,NA,14,,"['Page 6:\n[¬s]""118.5[¬e]""']",118.5,,NA,NA,,"['Page 6:\n[¬s]""113.4[¬e]""']",113.4,,NA,NA,,"['Page 6:\n[¬s]""-5.1[¬e]""']",-5.1,,NA,NA,,NA,NA,,NA,NA,,NA,NA,,NA,NA,,NA,NA,,NA,NA,,NA,NA,,NA,NA,,NA,NA,,NA,NA,,NA,NA,,NA,NA,,NA,NA,,NA,NA,,NA,NA,,NA,NA,,NA,NA,,['No'],NA,NA,
42025172,Wise (1972),1972,['Parental engagement'],NA,NA,['Yes'],NA,NA,,"['Page 25:\n[¬s]""19[¬e]""']",19,,"['Page 25:\n[¬s]""2.35[¬e]""']",2.35,,"['Page 25:\n[¬s]""1.02[¬e]""']",1.02,,"['Page 25:\n[¬s]""3.39[¬e]""']",3.39,,"['Page 25:\n[¬s]""1.0h[¬e]""']",1.04,,"['Page 25:\n[¬s]""1.03[¬e]""']",1.03,,"['Page 25:\n[¬s]"".39[¬e]""']",.39,,"['Page 25:\n[¬s]"":3 to 2.1[¬e]""']",R=.3 to 2.1,,"['Page 25:\n[¬s]""19[¬e]""']",19,,"['Page 25:\n[¬s]""2.37[¬e]""']",2.37,,"['Page 25:\n[¬s]""1.10[¬e]""']",1.10,,"['Page 25:\n[¬s]""3.10[¬e]""']",3.10,,"['Page 25:\n[¬s]""1.03[¬e]""']",1.03,,"['Page 25:\n[¬s]"".75[¬e]""', 'Page 25:\n[¬s]"".75[¬e]""']",.75,,"['Page 25:\n[¬s]"".55[¬e]""']",.55,,"['Page 25:\n[¬s]""115 to 2.0[¬e]""']",R=1.5 to 2,,NA,NA,,NA,NA,,NA,NA,,NA,NA,,NA,NA,,NA,NA,,NA,NA,,NA,NA,,NA,NA,,NA,NA,,NA,NA,,NA,NA,,NA,NA,,NA,NA,,NA,NA,,NA,NA,,['No'],NA,NA,
42025173,Woods (1974),1974,['Parental engagement'],NA,NA,['Yes'],NA,NA,,NA,39,,NA,31.95,,NA,18.15,,NA,50.03,,NA,1.44,,NA,NA,,NA,NA,,NA,NA,,NA,38,,NA,12.08,,NA,16.40,,NA,46.08,,NA,6.78,,NA,NA,,NA,NA,,NA,NA,,NA,NA,,NA,NA,,NA,NA,,NA,NA,,NA,NA,,NA,NA,,NA,NA,,NA,NA,,NA,NA,,NA,NA,,NA,NA,,NA,NA,,NA,NA,,NA,NA,,NA,NA,,NA,NA,,['No'],NA,NA,
